{
  "old_new": "new",
  "id": "AlphaDIA_20250704_110414",
  "software_name": "AlphaDIA",
  "software_version": "1.10.4-dev0",
  "search_engine": "AlphaDIA",
  "search_engine_version": NaN,
  "ident_fdr_psm": "0.01",
  "ident_fdr_peptide": NaN,
  "ident_fdr_protein": "0.01",
  "enable_match_between_runs": true,
  "precursor_mass_tolerance": "0",
  "fragment_mass_tolerance": "0",
  "enzyme": "trypsin/p ",
  "allowed_miscleavages": "1",
  "min_peptide_length": "6",
  "max_peptide_length": "30",
  "is_temporary": false,
  "intermediate_hash": "059a69e4eccf183869f956c4c9494d31945f6849",
  "results": {
    "6": {
      "median_abs_epsilon": 0.2863438924153705,
      "mean_abs_epsilon": 0.38685707488236704,
      "variance_epsilon": 0.2974820624989262,
      "nr_prec": 66075,
      "CV_median": 0.21294749282154554,
      "CV_q75": 0.3334782290314988,
      "CV_q90": 0.4604775559045684,
      "CV_q95": 0.5566655700252884
    },
    "5": {
      "median_abs_epsilon": 0.30581331253856536,
      "mean_abs_epsilon": 0.4133902771201225,
      "variance_epsilon": 0.33574999801197747,
      "nr_prec": 81670,
      "CV_median": 0.22200270232410807,
      "CV_q75": 0.3467693423858549,
      "CV_q90": 0.48592811390866403,
      "CV_q95": 0.5909531161411052
    },
    "4": {
      "median_abs_epsilon": 0.32291984558050757,
      "mean_abs_epsilon": 0.44194798935183327,
      "variance_epsilon": 0.386008659405492,
      "nr_prec": 92086,
      "CV_median": 0.22600222732010156,
      "CV_q75": 0.3532983035469855,
      "CV_q90": 0.4974719257751087,
      "CV_q95": 0.6056051090133628
    },
    "3": {
      "median_abs_epsilon": 0.3316516876221449,
      "mean_abs_epsilon": 0.4570781849758907,
      "variance_epsilon": 0.4141988298650944,
      "nr_prec": 100197,
      "CV_median": 0.22867733213262356,
      "CV_q75": 0.35761954883765346,
      "CV_q90": 0.5053234333424672,
      "CV_q95": 0.6162466520866448
    },
    "2": {
      "median_abs_epsilon": 0.3360255559288916,
      "mean_abs_epsilon": 0.4660807965489329,
      "variance_epsilon": 0.4338792503679908,
      "nr_prec": 105502,
      "CV_median": 0.22935535847950134,
      "CV_q75": 0.3592530082395954,
      "CV_q90": 0.5088241051927049,
      "CV_q95": 0.6212832330252849
    },
    "1": {
      "median_abs_epsilon": 0.3360255559288916,
      "mean_abs_epsilon": 0.4660807965489329,
      "variance_epsilon": 0.4338792503679908,
      "nr_prec": 105502,
      "CV_median": 0.22935535847950134,
      "CV_q75": 0.3592530082395954,
      "CV_q90": 0.5088241051927049,
      "CV_q95": 0.6212832330252849
    }
  },
  "median_abs_epsilon": 0.3316516876221449,
  "mean_abs_epsilon": 0.4570781849758907,
  "nr_prec": 100197,
  "comments": "",
  "proteobench_version": "0.8.28",
  "color": "#1D2732",
  "hover_text": "ProteoBench ID: AlphaDIA_20250704_110414<br>Software tool: AlphaDIA <br>Comment (private submission): ...",
  "scatter_size": 20,
  "fixed_mods": "Carbamidomethyl@C",
  "variable_mods": "Oxidation@M;Acetyl@Protein_N-term",
  "max_mods": "1 ",
  "min_precursor_charge": "1",
  "max_precursor_charge": "5",
  "quantification_method": "DirectLFQ",
  "protein_inference": "heuristic",
  "abundance_normalization_ions": NaN,
  "submission_comments": "No transfer learning\n\n ### Parameter changes detected:\n- **fragment_mass_tolerance**: `[-0 ppm, 0 ppm]` \u2192 `0`\n- **precursor_mass_tolerance**: `[-0 ppm, 0 ppm]` \u2192 `0`\n- **abundance_normalization_ions**: `None` \u2192 `nan`\n- **ident_fdr_peptide**: `None` \u2192 `nan`\n- **search_engine_version**: `None` \u2192 `nan`\n\nDataset URL: https://proteobench.cubimed.rub.de/datasets/059a69e4eccf183869f956c4c9494d31945f6849/"
}