{
  "id": "AlphaDIA_20250704_110414",
  "software_name": "AlphaDIA",
  "software_version": "1.10.4-dev0",
  "search_engine": "AlphaDIA",
  "search_engine_version": NaN,
  "ident_fdr_psm": 0.01,
  "ident_fdr_peptide": NaN,
  "ident_fdr_protein": 0.01,
  "enable_match_between_runs": true,
  "precursor_mass_tolerance": 0,
  "fragment_mass_tolerance": 0,
  "enzyme": "Trypsin/P",
  "allowed_miscleavages": 1,
  "min_peptide_length": 6,
  "max_peptide_length": 30,
  "is_temporary": false,
  "intermediate_hash": "059a69e4eccf183869f956c4c9494d31945f6849",
  "results": {
    "6": {
      "median_abs_epsilon_global": 0.28625424703252733,
      "median_abs_epsilon_eq_species": 0.3173421223955056,
      "median_abs_epsilon_ECOLI": 0.3847328821753093,
      "median_abs_epsilon_HUMAN": 0.28356711070328444,
      "median_abs_epsilon_YEAST": 0.283726374307923,
      "mean_abs_epsilon_global": 0.3857211356422122,
      "mean_abs_epsilon_eq_species": 0.4201324734121576,
      "mean_abs_epsilon_ECOLI": 0.4967313862647828,
      "mean_abs_epsilon_HUMAN": 0.3813645741000612,
      "mean_abs_epsilon_YEAST": 0.38230145987162883,
      "median_log2_empirical_ECOLI": -1.8313217163074018,
      "median_log2_empirical_HUMAN": -0.028108914693174114,
      "median_log2_empirical_YEAST": 0.8943389256813283,
      "median_abs_epsilon_precision_global": 0.2845935821528691,
      "median_abs_epsilon_precision_eq_species": 0.311906602645462,
      "median_abs_epsilon_precision_ECOLI": 0.3787768681780319,
      "median_abs_epsilon_precision_HUMAN": 0.2832969029746,
      "median_abs_epsilon_precision_YEAST": 0.2736460367837541,
      "mean_log2_empirical_ECOLI": -1.7627934268877086,
      "mean_log2_empirical_HUMAN": -0.04110440836557868,
      "mean_log2_empirical_YEAST": 0.8703369572159981,
      "mean_abs_epsilon_precision_global": 0.3825363130597705,
      "mean_abs_epsilon_precision_eq_species": 0.4106001236297381,
      "mean_abs_epsilon_precision_ECOLI": 0.48003210482278924,
      "mean_abs_epsilon_precision_HUMAN": 0.38076328091227996,
      "mean_abs_epsilon_precision_YEAST": 0.37100498515414493,
      "CV_median": 0.21291176339321888,
      "CV_q75": 0.3333094800113913,
      "CV_q90": 0.46001262585276154,
      "CV_q95": 0.555540206520601,
      "variance_epsilon_global": 0.29432932631880676,
      "nr_feature": 65666,
      "roc_auc": 0.8668362211245618
    },
    "5": {
      "median_abs_epsilon_global": 0.3057244618739965,
      "median_abs_epsilon_eq_species": 0.3519005245622993,
      "median_abs_epsilon_ECOLI": 0.44563674926706653,
      "median_abs_epsilon_HUMAN": 0.29899835586531864,
      "median_abs_epsilon_YEAST": 0.3110664685545128,
      "mean_abs_epsilon_global": 0.4123098018849324,
      "mean_abs_epsilon_eq_species": 0.46410308800359057,
      "mean_abs_epsilon_ECOLI": 0.5722931943802948,
      "mean_abs_epsilon_HUMAN": 0.4025834227970254,
      "mean_abs_epsilon_YEAST": 0.4174326468334515,
      "median_log2_empirical_ECOLI": -1.7257575988796674,
      "median_log2_empirical_HUMAN": -0.032158851623901086,
      "median_log2_empirical_YEAST": 0.8575984636928,
      "median_abs_epsilon_precision_global": 0.3017835617107423,
      "median_abs_epsilon_precision_eq_species": 0.33672375149080125,
      "median_abs_epsilon_precision_ECOLI": 0.4171466827361314,
      "median_abs_epsilon_precision_HUMAN": 0.2987998326613557,
      "median_abs_epsilon_precision_YEAST": 0.29422473907491664,
      "mean_log2_empirical_ECOLI": -1.647533461841886,
      "mean_log2_empirical_HUMAN": -0.04723438241486898,
      "mean_log2_empirical_YEAST": 0.8228284215115383,
      "mean_abs_epsilon_precision_global": 0.4062497201476673,
      "mean_abs_epsilon_precision_eq_species": 0.4423024093526074,
      "mean_abs_epsilon_precision_ECOLI": 0.5264858538867263,
      "mean_abs_epsilon_precision_HUMAN": 0.40188316121539214,
      "mean_abs_epsilon_precision_YEAST": 0.3985382129557039,
      "CV_median": 0.22197006017532078,
      "CV_q75": 0.3465972529311911,
      "CV_q90": 0.48533799725640736,
      "CV_q95": 0.5899705696551779,
      "variance_epsilon_global": 0.33241743015733993,
      "nr_feature": 81223,
      "roc_auc": 0.8358481082601452
    },
    "4": {
      "median_abs_epsilon_global": 0.32282574971601186,
      "median_abs_epsilon_eq_species": 0.38968690236487485,
      "median_abs_epsilon_ECOLI": 0.5246677398688462,
      "median_abs_epsilon_HUMAN": 0.31103070577181846,
      "median_abs_epsilon_YEAST": 0.33336226145396,
      "mean_abs_epsilon_global": 0.4410070416738954,
      "mean_abs_epsilon_eq_species": 0.5223418340346114,
      "mean_abs_epsilon_ECOLI": 0.6871544480036559,
      "mean_abs_epsilon_HUMAN": 0.42092642645057765,
      "mean_abs_epsilon_YEAST": 0.4589446276496007,
      "median_log2_empirical_ECOLI": -1.5923830668143282,
      "median_log2_empirical_HUMAN": -0.03391647339097226,
      "median_log2_empirical_YEAST": 0.8255793253569479,
      "median_abs_epsilon_precision_global": 0.3185803095507209,
      "median_abs_epsilon_precision_eq_species": 0.3727348645533457,
      "median_abs_epsilon_precision_ECOLI": 0.4905230204257762,
      "median_abs_epsilon_precision_HUMAN": 0.3108557065353015,
      "median_abs_epsilon_precision_YEAST": 0.3168258666989594,
      "mean_log2_empirical_ECOLI": -1.5144287276586463,
      "mean_log2_empirical_HUMAN": -0.05214973546883982,
      "mean_log2_empirical_YEAST": 0.7777111939933617,
      "mean_abs_epsilon_precision_global": 0.43159041879616106,
      "mean_abs_epsilon_precision_eq_species": 0.4862341891931901,
      "mean_abs_epsilon_precision_ECOLI": 0.6044537852656653,
      "mean_abs_epsilon_precision_HUMAN": 0.4202167792198952,
      "mean_abs_epsilon_precision_YEAST": 0.4340320030940099,
      "CV_median": 0.22599163078874898,
      "CV_q75": 0.3531158760279981,
      "CV_q90": 0.49703743640623416,
      "CV_q95": 0.6045794812680878,
      "variance_epsilon_global": 0.383037939479025,
      "nr_feature": 91622,
      "roc_auc": 0.8109151145504881
    },
    "3": {
      "median_abs_epsilon_global": 0.33156522115119635,
      "median_abs_epsilon_eq_species": 0.40202140808042586,
      "median_abs_epsilon_ECOLI": 0.5418796539302022,
      "median_abs_epsilon_HUMAN": 0.31949742635016065,
      "median_abs_epsilon_YEAST": 0.3446871439609147,
      "mean_abs_epsilon_global": 0.4562311349340844,
      "mean_abs_epsilon_eq_species": 0.5452035862472683,
      "mean_abs_epsilon_ECOLI": 0.7228078044632071,
      "mean_abs_epsilon_HUMAN": 0.43332369935932186,
      "mean_abs_epsilon_YEAST": 0.4794792549192758,
      "median_log2_empirical_ECOLI": -1.5614353021004108,
      "median_log2_empirical_HUMAN": -0.034609476715454335,
      "median_log2_empirical_YEAST": 0.8162027994790613,
      "median_abs_epsilon_precision_global": 0.32680288950091896,
      "median_abs_epsilon_precision_eq_species": 0.3857763873184945,
      "median_abs_epsilon_precision_ECOLI": 0.5118245283786154,
      "median_abs_epsilon_precision_HUMAN": 0.3185920715246855,
      "median_abs_epsilon_precision_YEAST": 0.32691256205218266,
      "mean_log2_empirical_ECOLI": -1.474403501766377,
      "mean_log2_empirical_HUMAN": -0.0532143722081541,
      "mean_log2_empirical_YEAST": 0.7591566793034571,
      "mean_abs_epsilon_precision_global": 0.4459991744670389,
      "mean_abs_epsilon_precision_eq_species": 0.5052727162305242,
      "mean_abs_epsilon_precision_ECOLI": 0.6302208968286527,
      "mean_abs_epsilon_precision_HUMAN": 0.4326018746469291,
      "mean_abs_epsilon_precision_YEAST": 0.45299537721599076,
      "CV_median": 0.2286413260804825,
      "CV_q75": 0.3575018823086821,
      "CV_q90": 0.5048950304538151,
      "CV_q95": 0.6152959964145209,
      "variance_epsilon_global": 0.41146743236384137,
      "nr_feature": 99707,
      "roc_auc": 0.7998002190307101
    },
    "2": {
      "median_abs_epsilon_global": 0.33586533864322554,
      "median_abs_epsilon_eq_species": 0.4085645145842,
      "median_abs_epsilon_ECOLI": 0.5521977742523632,