{
  "old_new": "new",
  "id": "DIA-NN_20250522_162226",
  "software_name": "DIA-NN",
  "software_version": "1.8.2 beta 8",
  "search_engine": "DIA-NN",
  "search_engine_version": "1.8.2 beta 8",
  "ident_fdr_psm": "0.01",
  "ident_fdr_peptide": NaN,
  "ident_fdr_protein": NaN,
  "enable_match_between_runs": true,
  "precursor_mass_tolerance": "[-15.0 ppm, 15.0 ppm]",
  "fragment_mass_tolerance": "[-20.0 ppm, 20.0 ppm]",
  "enzyme": "Trypsin/P",
  "allowed_miscleavages": "1",
  "min_peptide_length": "6",
  "max_peptide_length": "30",
  "is_temporary": false,
  "intermediate_hash": "075c03fb965a268e1e3b132c5d452121fa2981aa",
  "results": {
    "6": {
      "median_abs_epsilon": 0.19330299869499257,
      "mean_abs_epsilon": 0.2991949073072745,
      "variance_epsilon": 0.19868597642266883,
      "nr_prec": 77811,
      "CV_median": 0.1433209883871932,
      "CV_q90": 0.40258255570087675,
      "CV_q75": 0.25700311959408745,
      "CV_q95": 0.5072725710976838
    },
    "5": {
      "median_abs_epsilon": 0.21690435461853763,
      "mean_abs_epsilon": 0.3395392166938542,
      "variance_epsilon": 0.2561462577681021,
      "nr_prec": 94982,
      "CV_median": 0.1577944920445977,
      "CV_q90": 0.45085873724617087,
      "CV_q75": 0.28678679112268124,
      "CV_q95": 0.5657869404813078
    },
    "4": {
      "median_abs_epsilon": 0.23595023918962177,
      "mean_abs_epsilon": 0.3767917547650616,
      "variance_epsilon": 0.32173413821774643,
      "nr_prec": 105535,
      "CV_median": 0.16439532039864152,
      "CV_q90": 0.4707012359716184,
      "CV_q75": 0.2997659422235079,
      "CV_q95": 0.5898942696155237
    },
    "3": {
      "median_abs_epsilon": 0.24468365039479867,
      "mean_abs_epsilon": 0.39405331578083763,
      "variance_epsilon": 0.3551846332630687,
      "nr_prec": 113065,
      "CV_median": 0.16757704968600845,
      "CV_q90": 0.4803690682418905,
      "CV_q75": 0.3060533873533212,
      "CV_q95": 0.6023162854411437
    },
    "2": {
      "median_abs_epsilon": 0.2481198261011599,
      "mean_abs_epsilon": 0.4030461259049541,
      "variance_epsilon": 0.3811808576537589,
      "nr_prec": 117290,
      "CV_median": 0.1684637874697082,
      "CV_q90": 0.48419368517891725,
      "CV_q75": 0.3079715353238325,
      "CV_q95": 0.6076081945103237
    },
    "1": {
      "median_abs_epsilon": 0.2481198261011599,
      "mean_abs_epsilon": 0.4030461259049541,
      "variance_epsilon": 0.3811808576537588,
      "nr_prec": 120060,
      "CV_median": 0.1684637874697082,
      "CV_q90": 0.48419368517891725,
      "CV_q75": 0.3079715353238325,
      "CV_q95": 0.6076081945103237
    }
  },
  "median_abs_epsilon": 0.24468365039479867,
  "mean_abs_epsilon": 0.39405331578083763,
  "nr_prec": 113065,
  "comments": "",
  "proteobench_version": "0.1.dev2208+g9153d25",
  "color": "#8c564b",
  "hover_text": "ProteoBench ID: DIA-NN_20250522_162226<br>Software tool: DIA-NN <br>Comment (private submission): ...",
  "scatter_size": 20,
  "fixed_mods": "unimod4",
  "variable_mods": "UniMod:35/15.994915/M",
  "max_mods": "1",
  "min_precursor_charge": "2",
  "max_precursor_charge": "3",
  "quantification_method": "QuantUMS high-precision",
  "protein_inference": "0",
  "abundance_normalization_ions": null,
  "submission_comments": "https://fgcz-bfabric.uzh.ch/bfabric/workunit/show.html?id=327246\n\nsubmission via \n\n https://proteobench.fgcz.uzh.ch/Quant_LFQ_DIA_ion_Astral\n\n\n ### Parameter changes detected:\n- **ident_fdr_protein**: `None` \u2192 `nan`\n- **ident_fdr_peptide**: `None` \u2192 `nan`\n\nDataset URL: https://proteobench.cubimed.rub.de/datasets/075c03fb965a268e1e3b132c5d452121fa2981aa/"
}