{
  "old_new": "new",
  "id": "DIA-NN_20250722_093540",
  "software_name": "DIA-NN",
  "software_version": "2.2.0 Academia ",
  "search_engine": "DIA-NN",
  "search_engine_version": "2.2.0 Academia ",
  "ident_fdr_psm": "0.01",
  "ident_fdr_peptide": NaN,
  "ident_fdr_protein": NaN,
  "enable_match_between_runs": true,
  "precursor_mass_tolerance": "[-7.0 ppm, 7.0 ppm]",
  "fragment_mass_tolerance": "[-3.0 ppm, 3.0 ppm]",
  "enzyme": "Trypsin/P",
  "allowed_miscleavages": "1",
  "min_peptide_length": "6",
  "max_peptide_length": "30",
  "is_temporary": false,
  "intermediate_hash": "0cb354dfa99d50d9df1859971fe65caee51e5cbe",
  "results": {
    "6": {
      "median_abs_epsilon": 0.17962932586669922,
      "mean_abs_epsilon": 0.2791234430550254,
      "variance_epsilon": 0.18016033262280853,
      "nr_prec": 66934,
      "CV_median": 0.12679702785992158,
      "CV_q75": 0.22655059262325522,
      "CV_q90": 0.3531526576683949,
      "CV_q95": 0.44622752185915143
    },
    "5": {
      "median_abs_epsilon": 0.20070648193359375,
      "mean_abs_epsilon": 0.3115449750874492,
      "variance_epsilon": 0.22515288028706926,
      "nr_prec": 82801,
      "CV_median": 0.13956479047952744,
      "CV_q75": 0.2523729152894166,
      "CV_q90": 0.39624579899361934,
      "CV_q95": 0.5009618846798858
    },
    "4": {
      "median_abs_epsilon": 0.2204914093017578,
      "mean_abs_epsilon": 0.3505151615976113,
      "variance_epsilon": 0.30101517630760977,
      "nr_prec": 95151,
      "CV_median": 0.14682857048169468,
      "CV_q75": 0.26724737044514435,
      "CV_q90": 0.42053522963699574,
      "CV_q95": 0.5354021609877071
    },
    "3": {
      "median_abs_epsilon": 0.23480701446533203,
      "mean_abs_epsilon": 0.384191894412462,
      "variance_epsilon": 0.38804135098666437,
      "nr_prec": 107975,
      "CV_median": 0.15215022266599287,
      "CV_q75": 0.27788931464473465,
      "CV_q90": 0.43858048965332574,
      "CV_q95": 0.56045423463643
    },
    "2": {
      "median_abs_epsilon": 0.2436685562133789,
      "mean_abs_epsilon": 0.41153111965985517,
      "variance_epsilon": 0.49182647333657753,
      "nr_prec": 118988,
      "CV_median": 0.15446042844018149,
      "CV_q75": 0.28330774066013165,
      "CV_q90": 0.4490681281472097,
      "CV_q95": 0.5755419327663855
    },
    "1": {
      "median_abs_epsilon": 0.2436685562133789,
      "mean_abs_epsilon": 0.41153111965985517,
      "variance_epsilon": 0.4918264733365776,
      "nr_prec": 126896,
      "CV_median": 0.15446042844018149,
      "CV_q75": 0.28330774066013165,
      "CV_q90": 0.4490681281472097,
      "CV_q95": 0.5755419327663855
    }
  },
  "median_abs_epsilon": 0.23480701446533203,
  "mean_abs_epsilon": 0.384191894412462,
  "nr_prec": 107975,
  "comments": "",
  "proteobench_version": "0.8.29",
  "color": "#d42f2f",
  "hover_text": "ProteoBench ID: DIA-NN_20250722_093540<br>Software tool: DIA-NN <br>Comment (private submission): ...",
  "scatter_size": 20,
  "fixed_mods": "unimod4",
  "variable_mods": "UniMod:35/15.994915/M,UniMod:1/42.010565/*n",
  "max_mods": "1",
  "min_precursor_charge": "1",
  "max_precursor_charge": "6",
  "quantification_method": "QuantUMS high-precision",
  "protein_inference": "1",
  "abundance_normalization_ions": "RT-dependent",
  "submission_comments": "Scoring : peptidoforms\nProteotypicity : Protein names from Fasta\nLibrary Generation : IDs profiling\nSpeed and Ram usage : Optimal result\n\n\n ### Parameter changes detected:\n- **max_precursor_charge**: `None` \u2192 `6`\n- **abundance_normalization_ions**: `None` \u2192 `RT-dependent`\n- **ident_fdr_peptide**: `None` \u2192 `nan`\n- **min_precursor_charge**: `None` \u2192 `1`\n- **min_peptide_length**: `None` \u2192 `6`\n- **ident_fdr_protein**: `None` \u2192 `nan`\n- **max_peptide_length**: `None` \u2192 `30`\n\nDataset URL: https://proteobench.cubimed.rub.de/datasets/0cb354dfa99d50d9df1859971fe65caee51e5cbe/"
}