{
  "Keyword": "phospho",
  "old_new": "new",
  "id": "DIA-NN_20260212_113548",
  "software_name": "DIA-NN",
  "software_version": "2.2.0 Academia ",
  "search_engine": "DIA-NN",
  "search_engine_version": "2.2.0 Academia ",
  "ident_fdr_psm": "0.01",
  "ident_fdr_peptide": NaN,
  "ident_fdr_protein": NaN,
  "enable_match_between_runs": true,
  "precursor_mass_tolerance": "[-2.7 ppm, 2.7 ppm]",
  "fragment_mass_tolerance": "[-6 ppm, 6 ppm]",
  "enzyme": "Trypsin/P",
  "allowed_miscleavages": "1",
  "min_peptide_length": "6",
  "max_peptide_length": "30",
  "is_temporary": false,
  "intermediate_hash": "0e92014c36076a79643e3b75f6e873d992c51813",
  "results": {
    "6": {
      "median_abs_epsilon_global": 0.17188549041748047,
      "median_abs_epsilon_eq_species": 0.18482335408528647,
      "median_abs_epsilon_ECOLI": 0.20904159545898438,
      "median_abs_epsilon_HUMAN": 0.1689281463623047,
      "median_abs_epsilon_YEAST": 0.1765003204345703,
      "mean_abs_epsilon_global": 0.25284642928364076,
      "mean_abs_epsilon_eq_species": 0.27085438533379347,
      "mean_abs_epsilon_ECOLI": 0.3056177204153704,
      "mean_abs_epsilon_HUMAN": 0.24920378878624344,
      "mean_abs_epsilon_YEAST": 0.25774164679976663,
      "median_log2_empirical_ECOLI": -1.8725166320800781,
      "median_log2_empirical_HUMAN": 0.01678180694580078,
      "median_log2_empirical_YEAST": 1.010843276977539,
      "median_abs_epsilon_precision_global": 0.16962289810180664,
      "median_abs_epsilon_precision_eq_species": 0.1786219278971354,
      "median_abs_epsilon_precision_ECOLI": 0.19205093383789062,
      "median_abs_epsilon_precision_HUMAN": 0.1671428680419922,
      "median_abs_epsilon_precision_YEAST": 0.17667198181152344,
      "mean_log2_empirical_ECOLI": -1.8324913131113487,
      "mean_log2_empirical_HUMAN": -0.020656653142843984,
      "mean_log2_empirical_YEAST": 0.9840172187400583,
      "mean_abs_epsilon_precision_global": 0.25382554464717144,
      "mean_abs_epsilon_precision_eq_species": 0.2652665113506878,
      "mean_abs_epsilon_precision_ECOLI": 0.2859389074641676,
      "mean_abs_epsilon_precision_HUMAN": 0.2511060688798184,
      "mean_abs_epsilon_precision_YEAST": 0.2587545577080775,
      "CV_median": 0.13308757670586077,
      "CV_q75": 0.22946462479116095,
      "CV_q90": 0.3480965135717192,
      "CV_q95": 0.435115451045877,
      "roc_auc": 0.955492383838685,
      "roc_auc_directional": 0.9794758159759321,
      "nr_prec": 86622,
      "nr_prec_HUMAN": 66482,
      "nr_prec_YEAST": 17141,
      "nr_prec_ECOLI": 2999,
      "variance_epsilon_global": 0.14506043494381518
    },
    "5": {
      "median_abs_epsilon_global": 0.18941974639892578,
      "median_abs_epsilon_eq_species": 0.214202880859375,
      "median_abs_epsilon_ECOLI": 0.25738525390625,
      "median_abs_epsilon_HUMAN": 0.18328857421875,
      "median_abs_epsilon_YEAST": 0.201934814453125,
      "mean_abs_epsilon_global": 0.28640268899408744,
      "mean_abs_epsilon_eq_species": 0.3221577860418325,
      "mean_abs_epsilon_ECOLI": 0.38882272078373886,
      "mean_abs_epsilon_HUMAN": 0.2769822431043361,
      "mean_abs_epsilon_YEAST": 0.3006683942374225,
      "median_log2_empirical_ECOLI": -1.8218040466308594,
      "median_log2_empirical_HUMAN": 0.015611648559570312,
      "median_log2_empirical_YEAST": 0.9909515380859375,
      "median_abs_epsilon_precision_global": 0.18788528442382812,
      "median_abs_epsilon_precision_eq_species": 0.20705509185791016,
      "median_abs_epsilon_precision_ECOLI": 0.23649978637695312,
      "median_abs_epsilon_precision_HUMAN": 0.18182945251464844,
      "median_abs_epsilon_precision_YEAST": 0.2028360366821289,
      "mean_log2_empirical_ECOLI": -1.7415047055750832,
      "mean_log2_empirical_HUMAN": -0.022958895178148545,
      "mean_log2_empirical_YEAST": 0.9488085000638071,
      "mean_abs_epsilon_precision_global": 0.2871590945681536,
      "mean_abs_epsilon_precision_eq_species": 0.3134852727408589,
      "mean_abs_epsilon_precision_ECOLI": 0.35848120982740334,
      "mean_abs_epsilon_precision_HUMAN": 0.2789440987936737,
      "mean_abs_epsilon_precision_YEAST": 0.3030305096014997,
      "CV_median": 0.14426178853913824,
      "CV_q75": 0.25229982977272536,
      "CV_q90": 0.38672593588232823,
      "CV_q95": 0.4869757470669006,
      "roc_auc": 0.9321811514257075,
      "roc_auc_directional": 0.96669809840277,
      "nr_prec": 103108,
      "nr_prec_HUMAN": 77415,
      "nr_prec_YEAST": 21578,
      "nr_prec_ECOLI": 4115,
      "variance_epsilon_global": 0.19221134539145554
    },
    "4": {
      "median_abs_epsilon_global": 0.2053966522216797,
      "median_abs_epsilon_eq_species": 0.24973678588867188,
      "median_abs_epsilon_ECOLI": 0.3291969299316406,
      "median_abs_epsilon_HUMAN": 0.1946582794189453,
      "median_abs_epsilon_YEAST": 0.2253551483154297,
      "mean_abs_epsilon_global": 0.3250730463352992,
      "mean_abs_epsilon_eq_species": 0.3905657874736457,
      "mean_abs_epsilon_ECOLI": 0.5175464700587727,
      "mean_abs_epsilon_HUMAN": 0.30573139328118215,
      "mean_abs_epsilon_YEAST": 0.34841949908098213,
      "median_log2_empirical_ECOLI": -1.7522354125976562,
      "median_log2_empirical_HUMAN": 0.01529693603515625,
      "median_log2_empirical_YEAST": 0.9742727279663086,
      "median_abs_epsilon_precision_global": 0.20473575592041016,
      "median_abs_epsilon_precision_eq_species": 0.241331418355306,
      "median_abs_epsilon_precision_ECOLI": 0.3029499053955078,
      "median_abs_epsilon_precision_HUMAN": 0.1932201385498047,
      "median_abs_epsilon_precision_YEAST": 0.22782421112060547,
      "mean_log2_empirical_ECOLI": -1.6211009364731936,
      "mean_log2_empirical_HUMAN": -0.025239159088127537,
      "mean_log2_empirical_YEAST": 0.9186088869872879,
      "mean_abs_epsilon_precision_global": 0.325119405164968,
      "mean_abs_epsilon_precision_eq_species": 0.3767542340606133,
      "mean_abs_epsilon_precision_ECOLI": 0.47075095420510044,
      "mean_abs_epsilon_precision_HUMAN": 0.3078442667099147,
      "mean_abs_epsilon_precision_YEAST": 0.3516674812668249,
      "CV_median": 0.14980008297027586,
      "CV_q75": 0.26407951889826425,
      "CV_q90": 0.40717428487234425,
      "CV_q95": 0.5172559838338218,
      "roc_auc": 0.9081127305939031,
      "roc_auc_directional": 0.9448359390008615,
      "nr_prec": 114985,
      "nr_prec_HUMAN": 84443,
      "nr_prec_YEAST": 25101,
      "nr_prec_ECOLI": 5441,
      "variance_epsilon_global": 0.2682324992624635
    },
    "3": {
      "median_abs_epsilon_global": 0.2143259048461914,
      "median_abs_epsilon_eq_species": 0.2609869639078776,
      "median_abs_epsilon_ECOLI": 0.34156322479248047,
      "median_abs_epsilon_HUMAN": 0.2026968002319336,
      "median_abs_epsilon_YEAST": 0.23870086669921875,
      "mean_abs_epsilon_global": 0.34979480244178707,
      "mean_abs_epsilon_eq_species": 0.41719704715697614,
      "mean_abs_epsilon_ECOLI": 0.5435517538725643,
      "mean_abs_epsilon_HUMAN": 0.3284487247111971,
      "mean_abs_epsilon_YEAST": 0.379590662887167,
      "median_log2_empirical_ECOLI": -1.7406854629516602,
      "median_log2_empirical_HUMAN": 0.016071319580078125,
      "median_log2_empirical_YEAST": 0.9664688110351562,
      "median_abs_epsilon_precision_global": 0.21401071548461914,
      "median_abs_epsilon_precision_eq_species": 0.2529333432515462,
      "median_abs_epsilon_precision_ECOLI": 0.3151998519897461,
      "median_abs_epsilon_precision_HUMAN": 0.20092248916625977,
      "median_abs_epsilon_precision_YEAST": 0.2426776885986328,
      "mean_log2_empirical_ECOLI": -1.5969751579738234,
      "mean_log2_empirical_HUMAN": -0.021281117536688248,
      "mean_log2_empirical_YEAST": 0.9030497761195297,
      "mean_abs_epsilon_precision_global": 0.3495173727081464,
      "mean_abs_epsilon_precision_eq_species": 0.402611261721288,
      "mean_abs_epsilon_precision_ECOLI": 0.49460249498838427,
      "mean_abs_epsilon_precision_HUMAN": 0.330112674128417,