{
  "old_new": "new",
  "id": "DIA-NN_20250429_143428",
  "software_name": "DIA-NN",
  "software_version": "1.9.2",
  "search_engine": "DIA-NN",
  "search_engine_version": "1.9.2",
  "ident_fdr_psm": "0.01",
  "ident_fdr_peptide": NaN,
  "ident_fdr_protein": NaN,
  "enable_match_between_runs": true,
  "precursor_mass_tolerance": "[-2.42372 ppm, 2.42372 ppm]",
  "fragment_mass_tolerance": "[-8.32578 ppm, 8.32578 ppm]",
  "enzyme": "Trypsin/P",
  "allowed_miscleavages": "1",
  "min_peptide_length": "6",
  "max_peptide_length": "30",
  "is_temporary": false,
  "intermediate_hash": "0f60bf20ee5a36effcbc621ae7e888f9319200f0",
  "results": {
    "6": {
      "median_abs_epsilon": 0.17686970873882757,
      "mean_abs_epsilon": 0.267651668560547,
      "variance_epsilon": 0.15582228969863496,
      "nr_prec": 78874,
      "CV_median": 0.13025799723927237,
      "CV_q90": 0.3485401531153688,
      "CV_q75": 0.22747742116337416,
      "CV_q95": 0.43620848658322586
    },
    "5": {
      "median_abs_epsilon": 0.19574225975660298,
      "mean_abs_epsilon": 0.29900400160117374,
      "variance_epsilon": 0.19490796458925458,
      "nr_prec": 95958,
      "CV_median": 0.1420572234366924,
      "CV_q90": 0.3880078527996684,
      "CV_q75": 0.25135895439543743,
      "CV_q95": 0.4859835351417491
    },
    "4": {
      "median_abs_epsilon": 0.21289241162157602,
      "mean_abs_epsilon": 0.33208345698577724,
      "variance_epsilon": 0.24633603826048245,
      "nr_prec": 108285,
      "CV_median": 0.14757169491836836,
      "CV_q90": 0.4063463061318913,
      "CV_q75": 0.26278205913313035,
      "CV_q95": 0.5094743856930197
    },
    "3": {
      "median_abs_epsilon": 0.22166438673941258,
      "mean_abs_epsilon": 0.3489195739403509,
      "variance_epsilon": 0.27128536953620863,
      "nr_prec": 117893,
      "CV_median": 0.15070725910738605,
      "CV_q90": 0.41627578334474286,
      "CV_q75": 0.26889321425257806,
      "CV_q95": 0.5225589674024278
    },
    "2": {
      "median_abs_epsilon": 0.22534559668504617,
      "mean_abs_epsilon": 0.35646253384113363,
      "variance_epsilon": 0.28399461582004826,
      "nr_prec": 123626,
      "CV_median": 0.1516650768541874,
      "CV_q90": 0.42040008201955237,
      "CV_q75": 0.27123056179114213,
      "CV_q95": 0.52814401189971
    },
    "1": {
      "median_abs_epsilon": 0.22534559668504617,
      "mean_abs_epsilon": 0.3564625338411334,
      "variance_epsilon": 0.2839946158200483,
      "nr_prec": 126769,
      "CV_median": 0.1516650768541874,
      "CV_q90": 0.42040008201955237,
      "CV_q75": 0.27123056179114213,
      "CV_q95": 0.52814401189971
    }
  },
  "median_abs_epsilon": 0.22166438673941258,
  "mean_abs_epsilon": 0.3489195739403509,
  "nr_prec": 117893,
  "comments": "",
  "proteobench_version": "0.8.6",
  "color": "#d30067",
  "hover_text": "ProteoBench ID: DIA-NN_20250429_143428<br>Software tool: DIA-NN <br>Comment (private submission): ...",
  "scatter_size": 40,
  "fixed_mods": "unimod4",
  "variable_mods": "UniMod:35/15.994915/M,UniMod:1/42.010565/*n",
  "max_mods": "1",
  "min_precursor_charge": "1",
  "max_precursor_charge": "4",
  "quantification_method": "Legacy",
  "protein_inference": "Genes",
  "abundance_normalization_ions": null,
  "submission_comments": "\n\n ### Parameter changes Detected:\n- **ident_fdr_protein**: `None` \u2192 `nan`\n- **ident_fdr_peptide**: `None` \u2192 `nan`\n\nDataset URL: https://proteobench.cubimed.rub.de/datasets/0f60bf20ee5a36effcbc621ae7e888f9319200f0/"
}