{
  "old_new": "new",
  "id": "DIA-NN_20250722_092540",
  "software_name": "DIA-NN",
  "software_version": "2.2.0 Academia ",
  "search_engine": "DIA-NN",
  "search_engine_version": "2.2.0 Academia ",
  "ident_fdr_psm": "0.01",
  "ident_fdr_peptide": NaN,
  "ident_fdr_protein": NaN,
  "enable_match_between_runs": true,
  "precursor_mass_tolerance": "[-7.0 ppm, 7.0 ppm]",
  "fragment_mass_tolerance": "[-3.0 ppm, 3.0 ppm]",
  "enzyme": "Trypsin/P",
  "allowed_miscleavages": "1",
  "min_peptide_length": "6",
  "max_peptide_length": "30",
  "is_temporary": false,
  "intermediate_hash": "1059ef91abe2e9f0f3d4741888efad01c62cb94b",
  "results": {
    "6": {
      "median_abs_epsilon": 0.18132781982421875,
      "mean_abs_epsilon": 0.2819717677834072,
      "variance_epsilon": 0.18716983236154605,
      "nr_prec": 71365,
      "CV_median": 0.12816047521248974,
      "CV_q75": 0.22919015999155923,
      "CV_q90": 0.3582101607425948,
      "CV_q95": 0.4521202431184821
    },
    "5": {
      "median_abs_epsilon": 0.2039813995361328,
      "mean_abs_epsilon": 0.32002424788075806,
      "variance_epsilon": 0.24190974143629984,
      "nr_prec": 88266,
      "CV_median": 0.1425588466611658,
      "CV_q75": 0.2588094561591142,
      "CV_q90": 0.4060185375565644,
      "CV_q95": 0.5149944950662877
    },
    "4": {
      "median_abs_epsilon": 0.22478103637695312,
      "mean_abs_epsilon": 0.361279810882036,
      "variance_epsilon": 0.31896662507087,
      "nr_prec": 101351,
      "CV_median": 0.15036795965119992,
      "CV_q75": 0.27409776512910444,
      "CV_q90": 0.43192045760267506,
      "CV_q95": 0.5489132298165867
    },
    "3": {
      "median_abs_epsilon": 0.23793697357177734,
      "mean_abs_epsilon": 0.3869520652824357,
      "variance_epsilon": 0.37046083797597157,
      "nr_prec": 112746,
      "CV_median": 0.15471275115734834,
      "CV_q75": 0.28333808130267935,
      "CV_q90": 0.44697905373002966,
      "CV_q95": 0.5687379882686121
    },
    "2": {
      "median_abs_epsilon": 0.244415283203125,
      "mean_abs_epsilon": 0.4027590797163339,
      "variance_epsilon": 0.418837019509354,
      "nr_prec": 121304,
      "CV_median": 0.15632629351266908,
      "CV_q75": 0.2868320852940188,
      "CV_q90": 0.45388297089041285,
      "CV_q95": 0.5779398670428524
    },
    "1": {
      "median_abs_epsilon": 0.244415283203125,
      "mean_abs_epsilon": 0.4027590797163339,
      "variance_epsilon": 0.418837019509354,
      "nr_prec": 127506,
      "CV_median": 0.15632629351266908,
      "CV_q75": 0.2868320852940188,
      "CV_q90": 0.45388297089041285,
      "CV_q95": 0.5779398670428524
    }
  },
  "median_abs_epsilon": 0.23793697357177734,
  "mean_abs_epsilon": 0.3869520652824357,
  "nr_prec": 112746,
  "comments": "",
  "proteobench_version": "0.8.29",
  "color": "#d42f2f",
  "hover_text": "ProteoBench ID: DIA-NN_20250722_092540<br>Software tool: DIA-NN <br>Comment (private submission): ...",
  "scatter_size": 20,
  "fixed_mods": "unimod4",
  "variable_mods": "UniMod:35/15.994915/M,UniMod:1/42.010565/*n",
  "max_mods": "1",
  "min_precursor_charge": "1",
  "max_precursor_charge": "5",
  "quantification_method": "QuantUMS high-precision",
  "protein_inference": "1",
  "abundance_normalization_ions": "RT-Dependent",
  "submission_comments": "Scoring : peptidoforms\nProteotypicity : Protein names from Fasta\nLibrary Generation : Smart profiling\nSpeed and Ram usage : Optimal result\n\n\n ### Parameter changes detected:\n- **max_precursor_charge**: `None` \u2192 `5`\n- **abundance_normalization_ions**: `None` \u2192 `RT-Dependent`\n- **ident_fdr_peptide**: `None` \u2192 `nan`\n- **min_precursor_charge**: `None` \u2192 `1`\n- **min_peptide_length**: `None` \u2192 `6`\n- **ident_fdr_protein**: `None` \u2192 `nan`\n- **max_peptide_length**: `None` \u2192 `30`\n\nDataset URL: https://proteobench.cubimed.rub.de/datasets/1059ef91abe2e9f0f3d4741888efad01c62cb94b/"
}