{
  "old_new": "new",
  "id": "AlphaDIA_20250502_143642",
  "software_name": "AlphaDIA",
  "software_version": "1.10.3",
  "search_engine": "AlphaDIA",
  "search_engine_version": NaN,
  "ident_fdr_psm": "0.01",
  "ident_fdr_peptide": NaN,
  "ident_fdr_protein": "0.01",
  "enable_match_between_runs": false,
  "precursor_mass_tolerance": "[-10 ppm, 10 ppm]",
  "fragment_mass_tolerance": "[-15 ppm, 15 ppm]",
  "enzyme": "trypsin/p ",
  "allowed_miscleavages": "1",
  "min_peptide_length": "6",
  "max_peptide_length": "30",
  "is_temporary": false,
  "intermediate_hash": "11d1e3cad24d35b31110e82274bd0fef65435a34",
  "results": {
    "6": {
      "median_abs_epsilon": 0.2005678812667142,
      "mean_abs_epsilon": 0.3335838857186109,
      "variance_epsilon": 0.32572233550230584,
      "nr_prec": 5747,
      "CV_median": 0.1581879890049575,
      "CV_q90": 0.36906087426833023,
      "CV_q75": 0.2735305825211472,
      "CV_q95": 0.4712972363731836
    },
    "5": {
      "median_abs_epsilon": 0.22335052490217322,
      "mean_abs_epsilon": 0.37415809468578465,
      "variance_epsilon": 0.4108205366583071,
      "nr_prec": 8437,
      "CV_median": 0.1630397921561464,
      "CV_q90": 0.39024350543550745,
      "CV_q75": 0.28143317461082956,
      "CV_q95": 0.5037015178675999
    },
    "4": {
      "median_abs_epsilon": 0.24652926127120267,
      "mean_abs_epsilon": 0.42304319703706716,
      "variance_epsilon": 0.5315710137370092,
      "nr_prec": 10923,
      "CV_median": 0.1665917058441473,
      "CV_q90": 0.3994628083120635,
      "CV_q75": 0.28530855937028526,
      "CV_q95": 0.5167911461466341
    },
    "3": {
      "median_abs_epsilon": 0.2615661621087604,
      "mean_abs_epsilon": 0.4368423754140433,
      "variance_epsilon": 0.5397664552127415,
      "nr_prec": 20385,
      "CV_median": 0.1659143263582764,
      "CV_q90": 0.3967876131403774,
      "CV_q75": 0.2835824798646016,
      "CV_q95": 0.5040387869955548
    },
    "2": {
      "median_abs_epsilon": 0.2683629194923398,
      "mean_abs_epsilon": 0.44682979900960346,
      "variance_epsilon": 0.5483796022000049,
      "nr_prec": 25788,
      "CV_median": 0.16390944689194495,
      "CV_q90": 0.4029621539194725,
      "CV_q75": 0.2847332177091484,
      "CV_q95": 0.5139893764881663
    },
    "1": {
      "median_abs_epsilon": 0.2683629194923398,
      "mean_abs_epsilon": 0.44682979900960346,
      "variance_epsilon": 0.5483796022000049,
      "nr_prec": 25788,
      "CV_median": 0.16390944689194495,
      "CV_q90": 0.4029621539194725,
      "CV_q75": 0.2847332177091484,
      "CV_q95": 0.5139893764881663
    }
  },
  "median_abs_epsilon": 0.2615661621087604,
  "mean_abs_epsilon": 0.4368423754140433,
  "nr_prec": 20385,
  "comments": "",
  "proteobench_version": "0.8.7",
  "color": "#4daf4a",
  "hover_text": "ProteoBench ID: AlphaDIA_20250502_143642<br>Software tool: AlphaDIA <br>Comment (private submission): ...",
  "scatter_size": 20,
  "fixed_mods": "Carbamidomethyl@C",
  "variable_mods": "Oxidation@M;Acetyl@Protein_N-term",
  "max_mods": "1 ",
  "min_precursor_charge": "1",
  "max_precursor_charge": "4",
  "quantification_method": "DirectLFQ",
  "protein_inference": "heuristic",
  "abundance_normalization_ions": NaN,
  "submission_comments": "\n\n ### Parameter changes Detected:\n- **search_engine_version**: `None` \u2192 `nan`\n- **abundance_normalization_ions**: `None` \u2192 `nan`\n- **ident_fdr_peptide**: `None` \u2192 `nan`\n- **enable_match_between_runs**: `False ` \u2192 `False`\n\nDataset URL: https://proteobench.cubimed.rub.de/datasets/11d1e3cad24d35b31110e82274bd0fef65435a34/"
}