{
  "old_new": "new",
  "id": "AlphaDIA_20250605_170349",
  "software_name": "AlphaDIA",
  "software_version": "1.10.3",
  "search_engine": "AlphaDIA",
  "search_engine_version": NaN,
  "ident_fdr_psm": "0.01",
  "ident_fdr_peptide": NaN,
  "ident_fdr_protein": "0.01",
  "enable_match_between_runs": false,
  "precursor_mass_tolerance": "[-10 ppm, 10 ppm]",
  "fragment_mass_tolerance": "[-15 ppm, 15 ppm]",
  "enzyme": "trypsin/p ",
  "allowed_miscleavages": "1",
  "min_peptide_length": 6,
  "max_peptide_length": 30,
  "is_temporary": false,
  "intermediate_hash": "11d1e3cad24d35b31110e82274bd0fef65435a34",
  "results": {
    "6": {
      "median_abs_epsilon_global": 0.2005678812667142,
      "median_abs_epsilon_eq_species": 0.2184130350746282,
      "median_abs_epsilon_ECOLI": 0.24427795410161934,
      "median_abs_epsilon_HUMAN": 0.19560623168853652,
      "median_abs_epsilon_YEAST": 0.21535491943372875,
      "mean_abs_epsilon_global": 0.3335838857186109,
      "mean_abs_epsilon_eq_species": 0.3332324649379448,
      "mean_abs_epsilon_ECOLI": 0.3175105230247905,
      "mean_abs_epsilon_HUMAN": 0.3291568109937264,
      "mean_abs_epsilon_YEAST": 0.35303006079531735,
      "median_log2_empirical_ECOLI": -1.9059060414630409,
      "median_log2_empirical_HUMAN": -0.03707440694135755,
      "median_log2_empirical_YEAST": 0.9247271219879387,
      "median_abs_epsilon_precision_global": 0.20023155212322052,
      "median_abs_epsilon_precision_eq_species": 0.2245199415416105,
      "median_abs_epsilon_precision_ECOLI": 0.2584470113121924,
      "median_abs_epsilon_precision_HUMAN": 0.19618860880527933,
      "median_abs_epsilon_precision_YEAST": 0.21892420450735983,
      "mean_log2_empirical_ECOLI": -1.9230676657296308,
      "mean_log2_empirical_HUMAN": -0.07299780222978683,
      "mean_log2_empirical_YEAST": 0.8623222790134963,
      "mean_abs_epsilon_precision_global": 0.3328877496069459,
      "mean_abs_epsilon_precision_eq_species": 0.32915417341258485,
      "mean_abs_epsilon_precision_ECOLI": 0.3078952191353837,
      "mean_abs_epsilon_precision_HUMAN": 0.32912498218070857,
      "mean_abs_epsilon_precision_YEAST": 0.3504423189216622,
      "CV_median": 0.1581879890049575,
      "CV_q75": 0.2735305825211472,
      "CV_q90": 0.36906087426833023,
      "CV_q95": 0.4712972363731836,
      "roc_auc": 0.9096487356108214,
      "roc_auc_directional": 0.9531935470794106,
      "nr_prec": 5747,
      "nr_prec_HUMAN": 4531,
      "nr_prec_YEAST": 1115,
      "nr_prec_ECOLI": 101,
      "variance_epsilon_global": 0.32572233550230584
    },
    "5": {
      "median_abs_epsilon_global": 0.22335052490217322,
      "median_abs_epsilon_eq_species": 0.25298150380447676,
      "median_abs_epsilon_ECOLI": 0.2924558321631672,
      "median_abs_epsilon_HUMAN": 0.2161978085835603,
      "median_abs_epsilon_YEAST": 0.25029087066670286,
      "mean_abs_epsilon_global": 0.37415809468578465,
      "mean_abs_epsilon_eq_species": 0.3874135455011702,
      "mean_abs_epsilon_ECOLI": 0.3872895823895595,
      "mean_abs_epsilon_HUMAN": 0.3648652709645956,
      "mean_abs_epsilon_YEAST": 0.4100857831493554,
      "median_log2_empirical_ECOLI": -1.8432318369549563,
      "median_log2_empirical_HUMAN": -0.03680483500496656,
      "median_log2_empirical_YEAST": 0.9089560508727264,
      "median_abs_epsilon_precision_global": 0.2233918507929875,
      "median_abs_epsilon_precision_eq_species": 0.2460826767807743,
      "median_abs_epsilon_precision_ECOLI": 0.276528040568337,
      "median_abs_epsilon_precision_HUMAN": 0.21659898758019125,
      "median_abs_epsilon_precision_YEAST": 0.24512100219379462,
      "mean_log2_empirical_ECOLI": -1.8564348606435368,
      "mean_log2_empirical_HUMAN": -0.09101890759894142,
      "mean_log2_empirical_YEAST": 0.8275686704751446,
      "mean_abs_epsilon_precision_global": 0.3748721399223869,
      "mean_abs_epsilon_precision_eq_species": 0.37935885351500476,
      "mean_abs_epsilon_precision_ECOLI": 0.3639949710297186,
      "mean_abs_epsilon_precision_HUMAN": 0.3671591126652411,
      "mean_abs_epsilon_precision_YEAST": 0.40692247685005467,
      "CV_median": 0.1630397921561464,
      "CV_q75": 0.28143317461082956,
      "CV_q90": 0.39024350543550745,
      "CV_q95": 0.5037015178675999,
      "roc_auc": 0.8878861040183776,
      "roc_auc_directional": 0.9419654627245813,
      "nr_prec": 8437,
      "nr_prec_HUMAN": 6618,
      "nr_prec_YEAST": 1650,
      "nr_prec_ECOLI": 169,
      "variance_epsilon_global": 0.4108205366583071
    },
    "4": {
      "median_abs_epsilon_global": 0.24652926127120267,
      "median_abs_epsilon_eq_species": 0.2893691062910803,
      "median_abs_epsilon_ECOLI": 0.35361464817777666,
      "median_abs_epsilon_HUMAN": 0.23764165242545232,
      "median_abs_epsilon_YEAST": 0.2768510182700119,
      "mean_abs_epsilon_global": 0.42304319703706716,
      "mean_abs_epsilon_eq_species": 0.44982768369818765,
      "mean_abs_epsilon_ECOLI": 0.4740692954506726,
      "mean_abs_epsilon_HUMAN": 0.4111050627024699,
      "mean_abs_epsilon_YEAST": 0.46430869294142046,
      "median_log2_empirical_ECOLI": -1.7860818703977674,
      "median_log2_empirical_HUMAN": -0.03707440694135755,
      "median_log2_empirical_YEAST": 0.8920106887838397,
      "median_abs_epsilon_precision_global": 0.24467404683407779,
      "median_abs_epsilon_precision_eq_species": 0.26865153842413986,
      "median_abs_epsilon_precision_ECOLI": 0.302168210344929,
      "median_abs_epsilon_precision_HUMAN": 0.23613484700456766,
      "median_abs_epsilon_precision_YEAST": 0.26765155792292283,
      "mean_log2_empirical_ECOLI": -1.8006605623912917,
      "mean_log2_empirical_HUMAN": -0.10990344605337482,
      "mean_log2_empirical_YEAST": 0.7800577153411218,
      "mean_abs_epsilon_precision_global": 0.4258570851552493,
      "mean_abs_epsilon_precision_eq_species": 0.437756122246255,
      "mean_abs_epsilon_precision_ECOLI": 0.4334037701237645,
      "mean_abs_epsilon_precision_HUMAN": 0.41606285080365457,
      "mean_abs_epsilon_precision_YEAST": 0.4638017458113458,
      "CV_median": 0.1665917058441473,
      "CV_q75": 0.28530855937028526,
      "CV_q90": 0.3994628083120635,
      "CV_q95": 0.5167911461466341,
      "roc_auc": 0.863768206098573,
      "roc_auc_directional": 0.9234440998990809,
      "nr_prec": 10923,
      "nr_prec_HUMAN": 8519,
      "nr_prec_YEAST": 2148,
      "nr_prec_ECOLI": 256,
      "variance_epsilon_global": 0.5315710137370092
    },
    "3": {
      "median_abs_epsilon_global": 0.2615661621087604,
      "median_abs_epsilon_eq_species": 0.30123533142895315,
      "median_abs_epsilon_ECOLI": 0.3554906050352926,
      "median_abs_epsilon_HUMAN": 0.2516665458678524,
      "median_abs_epsilon_YEAST": 0.29654884338371446,
      "mean_abs_epsilon_global": 0.4368423754140433,
      "mean_abs_epsilon_eq_species": 0.46519220654439924,
      "mean_abs_epsilon_ECOLI": 0.49201467879702254,
      "mean_abs_epsilon_HUMAN": 0.4245403736094707,
      "mean_abs_epsilon_YEAST": 0.4790215672267044,
      "median_log2_empirical_ECOLI": -1.7759857177765852,
      "median_log2_empirical_HUMAN": -0.03518009185773252,
      "median_log2_empirical_YEAST": 0.8843364715580613,
      "median_abs_epsilon_precision_global": 0.258419672646923,
      "median_abs_epsilon_precision_eq_species": 0.27883640925300845,
      "median_abs_epsilon_precision_ECOLI": 0.30477937062887506,
      "median_abs_epsilon_precision_HUMAN": 0.2504695256549443,
      "median_abs_epsilon_precision_YEAST": 0.281260331475206,
      "mean_log2_empirical_ECOLI": -1.772386988900507,
      "mean_log2_empirical_HUMAN": -0.10171156764093175,
      "mean_log2_empirical_YEAST": 0.7759402722576577,
      "mean_abs_epsilon_precision_global": 0.4380368494190903,
      "mean_abs_epsilon_precision_eq_species": 0.4492036513819296,
      "mean_abs_epsilon_precision_ECOLI": 0.44459623140473425,
      "mean_abs_epsilon_precision_HUMAN": 0.4285472788140174,