{
  "old_new": "new",
  "id": "DIA-NN_20260511_095736",
  "software_name": "DIA-NN",
  "software_version": "2.5.0 Academia ",
  "search_engine": "DIA-NN",
  "search_engine_version": "2.5.0 Academia ",
  "ident_fdr_psm": "0.01",
  "ident_fdr_peptide": NaN,
  "ident_fdr_protein": NaN,
  "enable_match_between_runs": true,
  "precursor_mass_tolerance": "[-2.9 ppm, 2.9 ppm]",
  "fragment_mass_tolerance": "[-6 ppm, 6 ppm]",
  "enzyme": "Trypsin/P",
  "allowed_miscleavages": "1",
  "min_peptide_length": "6",
  "max_peptide_length": "30",
  "is_temporary": false,
  "intermediate_hash": "1af530aeae2565533bcf88e6a477c81bc9081495",
  "results": {
    "6": {
      "median_abs_epsilon_global": 0.19433021545410156,
      "median_abs_epsilon_eq_species": 0.22914791107177734,
      "median_abs_epsilon_ECOLI": 0.29084014892578125,
      "median_abs_epsilon_HUMAN": 0.18619537353515625,
      "median_abs_epsilon_YEAST": 0.21040821075439453,
      "mean_abs_epsilon_global": 0.2956522166518912,
      "mean_abs_epsilon_eq_species": 0.3417052283076287,
      "mean_abs_epsilon_ECOLI": 0.4308240641865655,
      "mean_abs_epsilon_HUMAN": 0.2826657789930714,
      "mean_abs_epsilon_YEAST": 0.3116258417432491,
      "median_log2_empirical_ECOLI": -1.7963924407958984,
      "median_log2_empirical_HUMAN": 0.017751693725585938,
      "median_log2_empirical_YEAST": 0.9960460662841797,
      "median_abs_epsilon_precision_global": 0.19228553771972656,
      "median_abs_epsilon_precision_eq_species": 0.2186915079752604,
      "median_abs_epsilon_precision_ECOLI": 0.2608003616333008,
      "median_abs_epsilon_precision_HUMAN": 0.18448638916015625,
      "median_abs_epsilon_precision_YEAST": 0.21078777313232422,
      "mean_log2_empirical_ECOLI": -1.703992397182125,
      "mean_log2_empirical_HUMAN": -0.021375741807745458,
      "mean_log2_empirical_YEAST": 0.9582888659884196,
      "mean_abs_epsilon_precision_global": 0.2957334603379128,
      "mean_abs_epsilon_precision_eq_species": 0.33001024327130457,
      "mean_abs_epsilon_precision_ECOLI": 0.39179140719239597,
      "mean_abs_epsilon_precision_HUMAN": 0.2846588213403833,
      "mean_abs_epsilon_precision_YEAST": 0.3135805012811344,
      "CV_median": 0.15306426618577973,
      "CV_q75": 0.2696659243701972,
      "CV_q90": 0.4156448034475525,
      "CV_q95": 0.5252425960908564,
      "variance_epsilon_global": 0.20424327312964818,
      "nr_prec": 97042,
      "roc_auc": 0.9304908271118681
    },
    "5": {
      "median_abs_epsilon_global": 0.2060999870300293,
      "median_abs_epsilon_eq_species": 0.25238800048828125,
      "median_abs_epsilon_ECOLI": 0.3368358612060547,
      "median_abs_epsilon_HUMAN": 0.19467544555664062,
      "median_abs_epsilon_YEAST": 0.22565269470214844,
      "mean_abs_epsilon_global": 0.3203011194656005,
      "mean_abs_epsilon_eq_species": 0.38462835485188335,
      "mean_abs_epsilon_ECOLI": 0.5133891671214971,
      "mean_abs_epsilon_HUMAN": 0.3009736232049005,
      "mean_abs_epsilon_YEAST": 0.3395222742292524,
      "median_log2_empirical_ECOLI": -1.7446203231811523,
      "median_log2_empirical_HUMAN": 0.01682281494140625,
      "median_log2_empirical_YEAST": 0.9838771820068359,
      "median_abs_epsilon_precision_global": 0.20444583892822266,
      "median_abs_epsilon_precision_eq_species": 0.2437419891357422,
      "median_abs_epsilon_precision_ECOLI": 0.3106107711791992,
      "median_abs_epsilon_precision_HUMAN": 0.19309139251708984,
      "median_abs_epsilon_precision_YEAST": 0.2275238037109375,
      "mean_log2_empirical_ECOLI": -1.6243543233999447,
      "mean_log2_empirical_HUMAN": -0.023232237058119807,
      "mean_log2_empirical_YEAST": 0.9370028598475393,
      "mean_abs_epsilon_precision_global": 0.31967694921549145,
      "mean_abs_epsilon_precision_eq_species": 0.36879460974477823,
      "mean_abs_epsilon_precision_ECOLI": 0.4612885173303582,
      "mean_abs_epsilon_precision_HUMAN": 0.30306430822251285,
      "mean_abs_epsilon_precision_YEAST": 0.3420310036814636,
      "CV_median": 0.1599853676522546,
      "CV_q75": 0.28358118805548904,
      "CV_q90": 0.44072487504813107,
      "CV_q95": 0.5603010033825493,
      "variance_epsilon_global": 0.24619374644789066,
      "nr_prec": 106520,
      "roc_auc": 0.9148770439660712
    },
    "4": {
      "median_abs_epsilon_global": 0.2144937515258789,
      "median_abs_epsilon_eq_species": 0.2708880106608073,
      "median_abs_epsilon_ECOLI": 0.3747377395629883,
      "median_abs_epsilon_HUMAN": 0.2011089324951172,
      "median_abs_epsilon_YEAST": 0.2368173599243164,
      "mean_abs_epsilon_global": 0.3415171721871874,
      "mean_abs_epsilon_eq_species": 0.4202518005275568,
      "mean_abs_epsilon_ECOLI": 0.5800422627013101,
      "mean_abs_epsilon_HUMAN": 0.31669736298475987,
      "mean_abs_epsilon_YEAST": 0.36401577589660034,
      "median_log2_empirical_ECOLI": -1.7032585144042969,
      "median_log2_empirical_HUMAN": 0.01662445068359375,
      "median_log2_empirical_YEAST": 0.9759483337402344,
      "median_abs_epsilon_precision_global": 0.21335315704345703,
      "median_abs_epsilon_precision_eq_species": 0.2628501256306966,
      "median_abs_epsilon_precision_ECOLI": 0.34948158264160156,
      "median_abs_epsilon_precision_HUMAN": 0.1992626190185547,
      "median_abs_epsilon_precision_YEAST": 0.2398061752319336,
      "mean_log2_empirical_ECOLI": -1.5636737422036915,
      "mean_log2_empirical_HUMAN": -0.023771426042199877,
      "mean_log2_empirical_YEAST": 0.9227549407750859,
      "mean_abs_epsilon_precision_global": 0.3403061943984922,
      "mean_abs_epsilon_precision_eq_species": 0.4015269515417761,
      "mean_abs_epsilon_precision_ECOLI": 0.5188598581907928,
      "mean_abs_epsilon_precision_HUMAN": 0.3187797882357412,
      "mean_abs_epsilon_precision_YEAST": 0.36694120819879406,
      "CV_median": 0.16301900378954998,
      "CV_q75": 0.2897558181572482,
      "CV_q90": 0.4517739678018394,
      "CV_q95": 0.5746240057063706,
      "variance_epsilon_global": 0.2922242095857515,
      "nr_prec": 112188,
      "roc_auc": 0.902960738596689
    },
    "3": {
      "median_abs_epsilon_global": 0.2196197509765625,
      "median_abs_epsilon_eq_species": 0.2765525182088216,
      "median_abs_epsilon_ECOLI": 0.3799324035644531,
      "median_abs_epsilon_HUMAN": 0.2056121826171875,
      "median_abs_epsilon_YEAST": 0.24411296844482422,
      "mean_abs_epsilon_global": 0.3568332878616861,
      "mean_abs_epsilon_eq_species": 0.436484491186029,
      "mean_abs_epsilon_ECOLI": 0.5943713550982268,
      "mean_abs_epsilon_HUMAN": 0.33081753694514143,
      "mean_abs_epsilon_YEAST": 0.3842645815147187,
      "median_log2_empirical_ECOLI": -1.6973075866699219,
      "median_log2_empirical_HUMAN": 0.0167999267578125,
      "median_log2_empirical_YEAST": 0.9709606170654297,
      "median_abs_epsilon_precision_global": 0.21875953674316406,
      "median_abs_epsilon_precision_eq_species": 0.26952918370564777,
      "median_abs_epsilon_precision_ECOLI": 0.3570075035095215,
      "median_abs_epsilon_precision_HUMAN": 0.203643798828125,
      "median_abs_epsilon_precision_YEAST": 0.24793624877929688,
      "mean_log2_empirical_ECOLI": -1.5525534406037587,
      "mean_log2_empirical_HUMAN": -0.022023910162385734,
      "mean_log2_empirical_YEAST": 0.9159588143625121,
      "mean_abs_epsilon_precision_global": 0.355449861846907,
      "mean_abs_epsilon_precision_eq_species": 0.4172847785793901,
      "mean_abs_epsilon_precision_ECOLI": 0.5319885543245375,
      "mean_abs_epsilon_precision_HUMAN": 0.3326758609999392,
      "mean_abs_epsilon_precision_YEAST": 0.3871899204136936,
      "CV_median": 0.16475191283182572,
      "CV_q75": 0.2936081527789902,
      "CV_q90": 0.4582123149619163,
      "CV_q95": 0.5842059005755591,
      "variance_epsilon_global": 0.334908864587218,
      "nr_prec": 117289,
      "roc_auc": 0.8947054200804496
    },
    "2": {
      "median_abs_epsilon_global": 0.22379493713378906,