{
  "old_new": "new",
  "id": "AlphaDIA_20251017_120515",
  "software_name": "AlphaDIA",
  "software_version": "1.12.1",
  "search_engine": "AlphaDIA",
  "search_engine_version": NaN,
  "ident_fdr_psm": "0.01",
  "ident_fdr_peptide": NaN,
  "ident_fdr_protein": "0.01",
  "enable_match_between_runs": false,
  "precursor_mass_tolerance": "[-5ppm, 5ppm]",
  "fragment_mass_tolerance": "[-10ppm, 10ppm]",
  "enzyme": "trypsin/p ",
  "allowed_miscleavages": "1",
  "min_peptide_length": 6,
  "max_peptide_length": 30,
  "is_temporary": false,
  "intermediate_hash": "1bd69ca0cc5060987715afa2933b54f61fd1522e",
  "results": {
    "6": {
      "median_abs_epsilon_global": 0.1409702300975928,
      "median_abs_epsilon_eq_species": 0.16814809375491388,
      "median_abs_epsilon_ECOLI": 0.2061018943919981,
      "median_abs_epsilon_HUMAN": 0.13433265686003892,
      "median_abs_epsilon_YEAST": 0.16400973001270458,
      "mean_abs_epsilon_global": 0.21062838203096745,
      "mean_abs_epsilon_eq_species": 0.2482813071367073,
      "mean_abs_epsilon_ECOLI": 0.3059638382618342,
      "mean_abs_epsilon_HUMAN": 0.2004118444715508,
      "mean_abs_epsilon_YEAST": 0.2384682386767369,
      "median_log2_empirical_ECOLI": -1.831006367998281,
      "median_log2_empirical_HUMAN": -0.02565638224482214,
      "median_log2_empirical_YEAST": 0.8704153696692671,
      "median_abs_epsilon_precision_global": 0.13942384718675882,
      "median_abs_epsilon_precision_eq_species": 0.150345802306551,
      "median_abs_epsilon_precision_ECOLI": 0.16864935557266847,
      "median_abs_epsilon_precision_HUMAN": 0.13681284586284193,
      "median_abs_epsilon_precision_YEAST": 0.1455752054841426,
      "mean_log2_empirical_ECOLI": -1.7667880794865463,
      "mean_log2_empirical_HUMAN": -0.056592820407079476,
      "mean_log2_empirical_YEAST": 0.8244134812927786,
      "mean_abs_epsilon_precision_global": 0.20425241773197153,
      "mean_abs_epsilon_precision_eq_species": 0.2247114061128854,
      "mean_abs_epsilon_precision_ECOLI": 0.26478102713798535,
      "mean_abs_epsilon_precision_HUMAN": 0.2009169442480779,
      "mean_abs_epsilon_precision_YEAST": 0.20843624695259289,
      "CV_median": 0.09789108801112281,
      "CV_q75": 0.16449445563395693,
      "CV_q90": 0.24645490024324485,
      "CV_q95": 0.30783241478774737,
      "roc_auc": 0.9638372088215188,
      "roc_auc_directional": 0.9818160133888456,
      "nr_prec": 40172,
      "nr_prec_HUMAN": 31569,
      "nr_prec_YEAST": 7373,
      "nr_prec_ECOLI": 1230,
      "variance_epsilon_global": 0.10326388844798035
    },
    "5": {
      "median_abs_epsilon_global": 0.15838336944481668,
      "median_abs_epsilon_eq_species": 0.19926314883076243,
      "median_abs_epsilon_ECOLI": 0.25584793089296554,
      "median_abs_epsilon_HUMAN": 0.14817746479823768,
      "median_abs_epsilon_YEAST": 0.19376405080108405,
      "mean_abs_epsilon_global": 0.23875254550335925,
      "mean_abs_epsilon_eq_species": 0.2879187831729117,
      "mean_abs_epsilon_ECOLI": 0.36337167053302016,
      "mean_abs_epsilon_HUMAN": 0.2240054492239313,
      "mean_abs_epsilon_YEAST": 0.27637922976178353,
      "median_log2_empirical_ECOLI": -1.7900505065913244,
      "median_log2_empirical_HUMAN": -0.029361724855633042,
      "median_log2_empirical_YEAST": 0.8404813607611281,
      "median_abs_epsilon_precision_global": 0.15556828181236515,
      "median_abs_epsilon_precision_eq_species": 0.17347224553351412,
      "median_abs_epsilon_precision_ECOLI": 0.2021584510836938,
      "median_abs_epsilon_precision_HUMAN": 0.15072504678672516,
      "median_abs_epsilon_precision_YEAST": 0.16753323873012338,
      "mean_log2_empirical_ECOLI": -1.7094342255839376,
      "mean_log2_empirical_HUMAN": -0.06205020497194587,
      "mean_log2_empirical_YEAST": 0.7875166601949136,
      "mean_abs_epsilon_precision_global": 0.22944717873283327,
      "mean_abs_epsilon_precision_eq_species": 0.25651571656413974,
      "mean_abs_epsilon_precision_ECOLI": 0.3087094404014191,
      "mean_abs_epsilon_precision_HUMAN": 0.22425133567954345,
      "mean_abs_epsilon_precision_YEAST": 0.2365863736114566,
      "CV_median": 0.10488555643803388,
      "CV_q75": 0.17833626784043632,
      "CV_q90": 0.2708767275118976,
      "CV_q95": 0.3410966905340064,
      "roc_auc": 0.9405399109055307,
      "roc_auc_directional": 0.974384544666203,
      "nr_prec": 51826,
      "nr_prec_HUMAN": 40105,
      "nr_prec_YEAST": 9992,
      "nr_prec_ECOLI": 1729,
      "variance_epsilon_global": 0.13276880408446412
    },
    "4": {
      "median_abs_epsilon_global": 0.17690277098957097,
      "median_abs_epsilon_eq_species": 0.23715882829904147,
      "median_abs_epsilon_ECOLI": 0.32625198361252394,
      "median_abs_epsilon_HUMAN": 0.1617805163028514,
      "median_abs_epsilon_YEAST": 0.2234439849817491,
      "mean_abs_epsilon_global": 0.27104190001458706,
      "mean_abs_epsilon_eq_species": 0.34832567202811154,
      "mean_abs_epsilon_ECOLI": 0.47562801116582826,
      "mean_abs_epsilon_HUMAN": 0.24703671428112375,
      "mean_abs_epsilon_YEAST": 0.3223122906373825,
      "median_log2_empirical_ECOLI": -1.7034451166809168,
      "median_log2_empirical_HUMAN": -0.03327528635727539,
      "median_log2_empirical_YEAST": 0.8094813029008385,
      "median_abs_epsilon_precision_global": 0.1727787653684718,
      "median_abs_epsilon_precision_eq_species": 0.2080467542008216,
      "median_abs_epsilon_precision_ECOLI": 0.2677685419718365,
      "median_abs_epsilon_precision_HUMAN": 0.163270791370957,
      "median_abs_epsilon_precision_YEAST": 0.19310092925967126,
      "mean_log2_empirical_ECOLI": -1.5930636018463105,
      "mean_log2_empirical_HUMAN": -0.06985087686329086,
      "mean_log2_empirical_YEAST": 0.7478817051242949,
      "mean_abs_epsilon_precision_global": 0.25846489096992614,
      "mean_abs_epsilon_precision_eq_species": 0.30511807293429943,
      "mean_abs_epsilon_precision_ECOLI": 0.3935878758944832,
      "mean_abs_epsilon_precision_HUMAN": 0.24731526393886696,
      "mean_abs_epsilon_precision_YEAST": 0.27445107896954807,
      "CV_median": 0.10850953202067509,
      "CV_q75": 0.18643270399400635,
      "CV_q90": 0.2853460307806046,
      "CV_q95": 0.35923826733434094,
      "roc_auc": 0.9131935284035675,
      "roc_auc_directional": 0.9607928343530425,
      "nr_prec": 62587,
      "nr_prec_HUMAN": 47610,
      "nr_prec_YEAST": 12531,
      "nr_prec_ECOLI": 2446,
      "variance_epsilon_global": 0.1700842771077538
    },
    "3": {
      "median_abs_epsilon_global": 0.19070847829122428,
      "median_abs_epsilon_eq_species": 0.25223186281456744,
      "median_abs_epsilon_ECOLI": 0.3366400400796721,
      "median_abs_epsilon_HUMAN": 0.17565027873374106,
      "median_abs_epsilon_YEAST": 0.2444052696302892,
      "mean_abs_epsilon_global": 0.2930283654771355,
      "mean_abs_epsilon_eq_species": 0.3720478706311783,
      "mean_abs_epsilon_ECOLI": 0.4966728538653211,
      "mean_abs_epsilon_HUMAN": 0.26785332068609424,
      "mean_abs_epsilon_YEAST": 0.3516174373421194,
      "median_log2_empirical_ECOLI": -1.6970303853326545,
      "median_log2_empirical_HUMAN": -0.03563483556489544,
      "median_log2_empirical_YEAST": 0.7932771047029927,
      "median_abs_epsilon_precision_global": 0.18598349890582977,
      "median_abs_epsilon_precision_eq_species": 0.22064847415968872,
      "median_abs_epsilon_precision_ECOLI": 0.27719052633218944,
      "median_abs_epsilon_precision_HUMAN": 0.17607863744264307,
      "median_abs_epsilon_precision_YEAST": 0.20867625870423367,
      "mean_log2_empirical_ECOLI": -1.5788056916500244,
      "mean_log2_empirical_HUMAN": -0.07198846171289917,
      "mean_log2_empirical_YEAST": 0.7248729184215345,
      "mean_abs_epsilon_precision_global": 0.2794326488445423,
      "mean_abs_epsilon_precision_eq_species": 0.32640420301136236,
      "mean_abs_epsilon_precision_ECOLI": 0.4121877279863252,
      "mean_abs_epsilon_precision_HUMAN": 0.26785155138477895,