{
  "old_new": "new",
  "id": "AlphaDIA_20251017_120515",
  "software_name": "AlphaDIA",
  "software_version": "1.12.1",
  "search_engine": "AlphaDIA",
  "search_engine_version": NaN,
  "ident_fdr_psm": "0.01",
  "ident_fdr_peptide": NaN,
  "ident_fdr_protein": "0.01",
  "enable_match_between_runs": false,
  "precursor_mass_tolerance": "[-5ppm, 5ppm]",
  "fragment_mass_tolerance": "[-10ppm, 10ppm]",
  "enzyme": "trypsin/p ",
  "allowed_miscleavages": "1",
  "min_peptide_length": "6",
  "max_peptide_length": "30",
  "is_temporary": false,
  "intermediate_hash": "1bd69ca0cc5060987715afa2933b54f61fd1522e",
  "results": {
    "6": {
      "median_abs_epsilon": 0.1409702300975928,
      "mean_abs_epsilon": 0.21062838203096745,
      "variance_epsilon": 0.10326388844798035,
      "nr_prec": 40172,
      "CV_median": 0.09789108801112281,
      "CV_q75": 0.16449445563395693,
      "CV_q90": 0.24645490024324485,
      "CV_q95": 0.30783241478774737
    },
    "5": {
      "median_abs_epsilon": 0.15838336944481668,
      "mean_abs_epsilon": 0.23875254550335925,
      "variance_epsilon": 0.13276880408446412,
      "nr_prec": 51826,
      "CV_median": 0.10488555643803388,
      "CV_q75": 0.17833626784043632,
      "CV_q90": 0.2708767275118976,
      "CV_q95": 0.3410966905340064
    },
    "4": {
      "median_abs_epsilon": 0.17690277098957097,
      "mean_abs_epsilon": 0.27104190001458706,
      "variance_epsilon": 0.1700842771077538,
      "nr_prec": 62587,
      "CV_median": 0.10850953202067509,
      "CV_q75": 0.18643270399400635,
      "CV_q90": 0.2853460307806046,
      "CV_q95": 0.35923826733434094
    },
    "3": {
      "median_abs_epsilon": 0.19070847829122428,
      "mean_abs_epsilon": 0.2930283654771355,
      "variance_epsilon": 0.19598557356958496,
      "nr_prec": 76323,
      "CV_median": 0.11112655693471929,
      "CV_q75": 0.1928963026111475,
      "CV_q90": 0.29665181459809353,
      "CV_q95": 0.3748989604167585
    },
    "2": {
      "median_abs_epsilon": 0.20082600910981263,
      "mean_abs_epsilon": 0.3099960145762102,
      "variance_epsilon": 0.22266949429230667,
      "nr_prec": 91673,
      "CV_median": 0.11258142607115666,
      "CV_q75": 0.19667547341449415,
      "CV_q90": 0.3041562658624584,
      "CV_q95": 0.3854028335614831
    },
    "1": {
      "median_abs_epsilon": 0.20082600910981263,
      "mean_abs_epsilon": 0.3099960145762102,
      "variance_epsilon": 0.22266949429230667,
      "nr_prec": 91675,
      "CV_median": 0.11258142607115666,
      "CV_q75": 0.19667547341449415,
      "CV_q90": 0.3041562658624584,
      "CV_q95": 0.3854028335614831
    }
  },
  "median_abs_epsilon": 0.19070847829122428,
  "mean_abs_epsilon": 0.2930283654771355,
  "nr_prec": 76323,
  "comments": "",
  "proteobench_version": "0.10.2",
  "color": "#1D2732",
  "hover_text": "ProteoBench ID: AlphaDIA_20251017_120515<br>Software tool: AlphaDIA <br>Comment (private submission): ...",
  "scatter_size": 20,
  "fixed_mods": "Carbamidomethyl@C",
  "variable_mods": "Oxidation@M;Acetyl@Protein_N-term",
  "max_mods": "1 ",
  "min_precursor_charge": "1",
  "max_precursor_charge": "5",
  "quantification_method": "DirectLFQ",
  "protein_inference": "heuristic",
  "abundance_normalization_ions": NaN,
  "submission_comments": "\n\n ### Parameter changes detected:\n- **ident_fdr_peptide**: `None` \u2192 `nan`\n- **abundance_normalization_ions**: `None` \u2192 `nan`\n- **search_engine_version**: `None` \u2192 `nan`\n- **scan_window**: `None` \u2192 `nan`\n\nDataset URL: https://proteobench.cubimed.rub.de/datasets/1bd69ca0cc5060987715afa2933b54f61fd1522e/",
  "min_precursor_mz": "400",
  "max_precursor_mz": "1000",
  "min_fragment_mz": "50",
  "max_fragment_mz": "2000",
  "predictors_library": "AlphaPeptDeep",
  "scan_window": NaN
}