{
  "id": "FragPipe (DIA-NN quant)_20251027_114904",
  "software_name": "FragPipe (DIA-NN quant)",
  "software_version": "23.0",
  "search_engine": "MSFragger",
  "search_engine_version": "4.3",
  "ident_fdr_psm": 0.01,
  "ident_fdr_peptide": NaN,
  "ident_fdr_protein": 0.01,
  "enable_match_between_runs": false,
  "precursor_mass_tolerance": "[-20 ppm, 20 ppm]",
  "fragment_mass_tolerance": "[-20 ppm, 20 ppm]",
  "enzyme": "Trypsin/P",
  "allowed_miscleavages": 1,
  "min_peptide_length": 6,
  "max_peptide_length": 30,
  "is_temporary": false,
  "intermediate_hash": "1cd54fe0ba5d6c98ef47688414c4f4c409a6eecf",
  "results": {
    "6": {
      "median_abs_epsilon_global": 0.1597983208490028,
      "median_abs_epsilon_eq_species": 0.18076096479569279,
      "median_abs_epsilon_ECOLI": 0.21531490868782122,
      "median_abs_epsilon_HUMAN": 0.15383003608449197,
      "median_abs_epsilon_YEAST": 0.17313794961476514,
      "mean_abs_epsilon_global": 0.24484029817435804,
      "mean_abs_epsilon_eq_species": 0.2813825320841514,
      "mean_abs_epsilon_ECOLI": 0.3525920408730835,
      "mean_abs_epsilon_HUMAN": 0.23637030700142292,
      "mean_abs_epsilon_YEAST": 0.25518524837794787,
      "median_log2_empirical_ECOLI": -1.8769700361825326,
      "median_log2_empirical_HUMAN": -0.046340823684341004,
      "median_log2_empirical_YEAST": 0.9183997427604016,
      "median_abs_epsilon_precision_global": 0.15567489317268546,
      "median_abs_epsilon_precision_eq_species": 0.17020085018500128,
      "median_abs_epsilon_precision_ECOLI": 0.19696987030153323,
      "median_abs_epsilon_precision_HUMAN": 0.1523122253405873,
      "median_abs_epsilon_precision_YEAST": 0.16132045491288327,
      "mean_log2_empirical_ECOLI": -1.801683474598236,
      "mean_log2_empirical_HUMAN": -0.08349057475834351,
      "mean_log2_empirical_YEAST": 0.8887148634117875,
      "mean_abs_epsilon_precision_global": 0.24088317547606666,
      "mean_abs_epsilon_precision_eq_species": 0.2726719688417278,
      "mean_abs_epsilon_precision_ECOLI": 0.33857785261838236,
      "mean_abs_epsilon_precision_HUMAN": 0.234673559074021,
      "mean_abs_epsilon_precision_YEAST": 0.24476449483278,
      "CV_median": 0.12119617157973861,
      "CV_q75": 0.21124000154412956,
      "CV_q90": 0.32948167292645303,
      "CV_q95": 0.4163282094679182,
      "variance_epsilon_global": 0.13245414236867176,
      "nr_feature": 71749,
      "roc_auc": 0.9467814194216947
    },
    "5": {
      "median_abs_epsilon_global": 0.17520704485677907,
      "median_abs_epsilon_eq_species": 0.20830231441952604,
      "median_abs_epsilon_ECOLI": 0.2634948680315876,
      "median_abs_epsilon_HUMAN": 0.166387444462341,
      "median_abs_epsilon_YEAST": 0.1950246307646495,
      "mean_abs_epsilon_global": 0.27592094260588396,
      "mean_abs_epsilon_eq_species": 0.32811946880583986,
      "mean_abs_epsilon_ECOLI": 0.4300271748776415,
      "mean_abs_epsilon_HUMAN": 0.2613355190668492,
      "mean_abs_epsilon_YEAST": 0.2929957124730288,
      "median_log2_empirical_ECOLI": -1.8489027013615145,
      "median_log2_empirical_HUMAN": -0.049185667493723884,
      "median_log2_empirical_YEAST": 0.9095919723127395,
      "median_abs_epsilon_precision_global": 0.17140832059347666,
      "median_abs_epsilon_precision_eq_species": 0.1983946290942177,
      "median_abs_epsilon_precision_ECOLI": 0.2467627740727263,
      "median_abs_epsilon_precision_HUMAN": 0.16407785997742863,
      "median_abs_epsilon_precision_YEAST": 0.18434325323249823,
      "mean_log2_empirical_ECOLI": -1.7398699191584839,
      "mean_log2_empirical_HUMAN": -0.09111461889815477,
      "mean_log2_empirical_YEAST": 0.8714484200245515,
      "mean_abs_epsilon_precision_global": 0.2718536575743203,
      "mean_abs_epsilon_precision_eq_species": 0.31885606153202867,
      "mean_abs_epsilon_precision_ECOLI": 0.414549167555375,
      "mean_abs_epsilon_precision_HUMAN": 0.2599302050192086,
      "mean_abs_epsilon_precision_YEAST": 0.2820888120215023,
      "CV_median": 0.12996376626457712,
      "CV_q75": 0.2305878519490626,
      "CV_q90": 0.36317947079841784,
      "CV_q95": 0.46113049235121206,
      "variance_epsilon_global": 0.17218555470929806,
      "nr_feature": 83580,
      "roc_auc": 0.9272513365353875
    },
    "4": {
      "median_abs_epsilon_global": 0.18610365926475936,
      "median_abs_epsilon_eq_species": 0.23098353029799826,
      "median_abs_epsilon_ECOLI": 0.3096770179654591,
      "median_abs_epsilon_HUMAN": 0.1738117206502814,
      "median_abs_epsilon_YEAST": 0.2094618522782543,
      "mean_abs_epsilon_global": 0.3020596169616128,
      "mean_abs_epsilon_eq_species": 0.36898205035006293,
      "mean_abs_epsilon_ECOLI": 0.503578675248312,
      "mean_abs_epsilon_HUMAN": 0.28159875380213334,
      "mean_abs_epsilon_YEAST": 0.32176872199974343,
      "median_log2_empirical_ECOLI": -1.81547277606502,
      "median_log2_empirical_HUMAN": -0.051631502889208036,
      "median_log2_empirical_YEAST": 0.9032939505606254,
      "median_abs_epsilon_precision_global": 0.18183864030890007,
      "median_abs_epsilon_precision_eq_species": 0.22175317641764694,
      "median_abs_epsilon_precision_ECOLI": 0.2940125523091339,
      "median_abs_epsilon_precision_HUMAN": 0.1718136075728829,
      "median_abs_epsilon_precision_YEAST": 0.19943336937092404,
      "mean_log2_empirical_ECOLI": -1.681581685705269,
      "mean_log2_empirical_HUMAN": -0.09978879226477023,
      "mean_log2_empirical_YEAST": 0.859861397680174,
      "mean_abs_epsilon_precision_global": 0.29782793886066455,
      "mean_abs_epsilon_precision_eq_species": 0.357749193511908,
      "mean_abs_epsilon_precision_ECOLI": 0.4823162009116102,
      "mean_abs_epsilon_precision_HUMAN": 0.28076380416273783,
      "mean_abs_epsilon_precision_YEAST": 0.31016757546137597,
      "CV_median": 0.13309645115992783,
      "CV_q75": 0.2378083977148043,
      "CV_q90": 0.3762150587809649,
      "CV_q95": 0.4794715523059645,
      "variance_epsilon_global": 0.2144529500760969,
      "nr_feature": 89491,
      "roc_auc": 0.9117174216866017
    },
    "3": {
      "median_abs_epsilon_global": 0.19119525115821467,
      "median_abs_epsilon_eq_species": 0.23692138567463714,
      "median_abs_epsilon_ECOLI": 0.31715233839743284,
      "median_abs_epsilon_HUMAN": 0.17789722476107173,
      "median_abs_epsilon_YEAST": 0.2157145938654068,
      "mean_abs_epsilon_global": 0.31333363513018714,
      "mean_abs_epsilon_eq_species": 0.38371283099845205,
      "mean_abs_epsilon_ECOLI": 0.5244079207140319,
      "mean_abs_epsilon_HUMAN": 0.29143373758860885,
      "mean_abs_epsilon_YEAST": 0.3352968346927154,
      "median_log2_empirical_ECOLI": -1.8041279129569467,
      "median_log2_empirical_HUMAN": -0.05200931965077338,
      "median_log2_empirical_YEAST": 0.8998638093610616,
      "median_abs_epsilon_precision_global": 0.18688193602650038,
      "median_abs_epsilon_precision_eq_species": 0.2295725509364542,
      "median_abs_epsilon_precision_ECOLI": 0.3065542849742666,
      "median_abs_epsilon_precision_HUMAN": 0.17623151166301554,
      "median_abs_epsilon_precision_YEAST": 0.20593185617208043,
      "mean_log2_empirical_ECOLI": -1.6597753892586429,
      "mean_log2_empirical_HUMAN": -0.10080751009244487,
      "mean_log2_empirical_YEAST": 0.8504585816203544,
      "mean_abs_epsilon_precision_global": 0.30905565606776136,
      "mean_abs_epsilon_precision_eq_species": 0.3723514084537738,
      "mean_abs_epsilon_precision_ECOLI": 0.5028661465087403,
      "mean_abs_epsilon_precision_HUMAN": 0.29060929358820614,
      "mean_abs_epsilon_precision_YEAST": 0.323578785264375,
      "CV_median": 0.1345655983176655,
      "CV_q75": 0.24131660823274736,
      "CV_q90": 0.3824657786441624,
      "CV_q95": 0.4881823026234965,
      "variance_epsilon_global": 0.23238435552615236,
      "nr_feature": 93289,
      "roc_auc": 0.9038554420277998
    },
    "2": {
      "median_abs_epsilon_global": 0.19287335363913627,