{
  "old_new": "new",
  "id": "FragPipe (DIA-NN quant)_20251027_114904",
  "software_name": "FragPipe (DIA-NN quant)",
  "software_version": "23.0",
  "search_engine": "MSFragger",
  "search_engine_version": "4.3",
  "ident_fdr_psm": "0.01",
  "ident_fdr_peptide": null,
  "ident_fdr_protein": "0.01",
  "enable_match_between_runs": false,
  "precursor_mass_tolerance": "[-20 ppm, 20 ppm]",
  "fragment_mass_tolerance": "[-20 ppm, 20 ppm]",
  "enzyme": "Trypsin/P",
  "allowed_miscleavages": "1",
  "min_peptide_length": "6",
  "max_peptide_length": "30",
  "is_temporary": false,
  "intermediate_hash": "1cd54fe0ba5d6c98ef47688414c4f4c409a6eecf",
  "results": {
    "6": {
      "median_abs_epsilon": 0.1599448489192632,
      "mean_abs_epsilon": 0.24551807891668087,
      "variance_epsilon": 0.13359374976231364,
      "nr_prec": 72479,
      "CV_median": 0.12051200965861575,
      "CV_q75": 0.21044495365537946,
      "CV_q90": 0.3285203645539212,
      "CV_q95": 0.41550688894757487
    },
    "5": {
      "median_abs_epsilon": 0.17528163456957202,
      "mean_abs_epsilon": 0.2764417239943092,
      "variance_epsilon": 0.17341027658254665,
      "nr_prec": 84351,
      "CV_median": 0.1292475822566564,
      "CV_q75": 0.22971184963196184,
      "CV_q90": 0.36225781277270497,
      "CV_q95": 0.4603693882666676
    },
    "4": {
      "median_abs_epsilon": 0.18614127591081342,
      "mean_abs_epsilon": 0.30241598321894136,
      "variance_epsilon": 0.2155075429051688,
      "nr_prec": 90279,
      "CV_median": 0.13247872038478448,
      "CV_q75": 0.2370370843112273,
      "CV_q90": 0.3753949897259138,
      "CV_q95": 0.4786519609710149
    },
    "3": {
      "median_abs_epsilon": 0.19121532057595658,
      "mean_abs_epsilon": 0.31363657079502194,
      "variance_epsilon": 0.2333618616853839,
      "nr_prec": 94090,
      "CV_median": 0.13393707134267036,
      "CV_q75": 0.24056715167002024,
      "CV_q90": 0.3816473180525845,
      "CV_q95": 0.48757228179052853
    },
    "2": {
      "median_abs_epsilon": 0.19286624844728628,
      "mean_abs_epsilon": 0.3180421677498904,
      "variance_epsilon": 0.2412642509081007,
      "nr_prec": 95933,
      "CV_median": 0.13419764821211833,
      "CV_q75": 0.24131904037962962,
      "CV_q90": 0.3833911299254043,
      "CV_q95": 0.4904774918147951
    },
    "1": {
      "median_abs_epsilon": 0.19286624844728628,
      "mean_abs_epsilon": 0.3180421677498904,
      "variance_epsilon": 0.24126425090810072,
      "nr_prec": 96840,
      "CV_median": 0.13419764821211833,
      "CV_q75": 0.24131904037962962,
      "CV_q90": 0.3833911299254043,
      "CV_q95": 0.4904774918147951
    }
  },
  "median_abs_epsilon": 0.19121532057595658,
  "mean_abs_epsilon": 0.31363657079502194,
  "nr_prec": 94090,
  "comments": "",
  "proteobench_version": "0.10.3",
  "color": "#F89008",
  "hover_text": "ProteoBench ID: FragPipe (DIA-NN quant)_20251027_114904<br>Software tool: FragPipe (DIA-NN quant) <br>Comment (private submission): ...",
  "scatter_size": 20,
  "fixed_mods": "0.0,C-Term Peptide,true,-1; 0.0,N-Term Peptide,true,-1; 0.0,C-Term Protein,true,-1; 0.0,N-Term Protein,true,-1; 0.0,G (glycine),true,-1; 0.0,A (alanine),true,-1; 0.0,S (serine),true,-1; 0.0,P (proline),true,-1; 0.0,V (valine),true,-1; 0.0,T (threonine),true,-1; 57.02146,C (cysteine),true,-1; 0.0,L (leucine),true,-1; 0.0,I (isoleucine),true,-1; 0.0,N (asparagine),true,-1; 0.0,D (aspartic acid),true,-1; 0.0,Q (glutamine),true,-1; 0.0,K (lysine),true,-1; 0.0,E (glutamic acid),true,-1; 0.0,M (methionine),true,-1; 0.0,H (histidine),true,-1; 0.0,F (phenylalanine),true,-1; 0.0,R (arginine),true,-1; 0.0,Y (tyrosine),true,-1; 0.0,W (tryptophan),true,-1; 0.0,B ,true,-1; 0.0,J,true,-1; 0.0,O,true,-1; 0.0,U,true,-1; 0.0,X,true,-1; 0.0,Z,true,-1",
  "variable_mods": "15.9949,M,true,1; 42.0106,[^,true,1; 79.96633,STY,false,3; -17.0265,nQnC,false,1; -18.0106,nE,false,1; 0.0,site_06,false,1; 0.0,site_07,false,1; 0.0,site_08,false,1; 0.0,site_09,false,1; 0.0,site_10,false,1; 0.0,site_11,false,1; 0.0,site_12,false,1; 0.0,site_13,false,1; 0.0,site_14,false,1; 0.0,site_15,false,1; 0.0,site_16,false,1",
  "max_mods": "1",
  "min_precursor_charge": "1",
  "max_precursor_charge": null,
  "quantification_method": "Robust LC (high accuracy)",
  "protein_inference": "ProteinProphet: --maxppmdiff 2000000 --minprob 0.5",
  "abundance_normalization_ions": null,
  "submission_comments": "Resubmission of 9f066d0d622a34678f61169a248b6a3a5bf34b3d after changing quant column from Precursor.Quantity -> Precursor.Normalised\n\n ### Parameter changes detected:\n- **semi_enzymatic**: `False` \u2192 `[MISSING]`\n\nDataset URL: https://proteobench.cubimed.rub.de/datasets/1cd54fe0ba5d6c98ef47688414c4f4c409a6eecf/",
  "min_precursor_mz": null,
  "max_precursor_mz": "5000.0",
  "min_fragment_mz": null,
  "max_fragment_mz": null,
  "predictors_library": "nan",
  "scan_window": "nan"
}