{
  "old_new": "new",
  "id": "FragPipe (DIA-NN quant)_20251027_114904",
  "software_name": "FragPipe (DIA-NN quant)",
  "software_version": "23.0",
  "search_engine": "MSFragger",
  "search_engine_version": "4.3",
  "ident_fdr_psm": "0.01",
  "ident_fdr_peptide": null,
  "ident_fdr_protein": "0.01",
  "enable_match_between_runs": false,
  "precursor_mass_tolerance": "[-20 ppm, 20 ppm]",
  "fragment_mass_tolerance": "[-20 ppm, 20 ppm]",
  "enzyme": "Trypsin/P",
  "allowed_miscleavages": 1,
  "min_peptide_length": 6,
  "max_peptide_length": 30,
  "is_temporary": false,
  "intermediate_hash": "1cd54fe0ba5d6c98ef47688414c4f4c409a6eecf",
  "results": {
    "6": {
      "median_abs_epsilon_global": 0.16000659208106782,
      "median_abs_epsilon_eq_species": 0.18166512768435292,
      "median_abs_epsilon_ECOLI": 0.21698267979361763,
      "median_abs_epsilon_HUMAN": 0.1538735835374272,
      "median_abs_epsilon_YEAST": 0.1741391197220139,
      "mean_abs_epsilon_global": 0.2455607570441644,
      "mean_abs_epsilon_eq_species": 0.28286692045823886,
      "mean_abs_epsilon_ECOLI": 0.3544594563625303,
      "mean_abs_epsilon_HUMAN": 0.2366417401687505,
      "mean_abs_epsilon_YEAST": 0.2574995648434358,
      "median_log2_empirical_ECOLI": -1.8766644386696179,
      "median_log2_empirical_HUMAN": -0.0457293440534805,
      "median_log2_empirical_YEAST": 0.9167852604826123,
      "median_abs_epsilon_precision_global": 0.155932211893262,
      "median_abs_epsilon_precision_eq_species": 0.1706580100669708,
      "median_abs_epsilon_precision_ECOLI": 0.19705170243660586,
      "median_abs_epsilon_precision_HUMAN": 0.15244061466251946,
      "median_abs_epsilon_precision_YEAST": 0.16248171310178705,
      "mean_log2_empirical_ECOLI": -1.7993349504326832,
      "mean_log2_empirical_HUMAN": -0.08284902150926955,
      "mean_log2_empirical_YEAST": 0.885503569938937,
      "mean_abs_epsilon_precision_global": 0.24166100426861958,
      "mean_abs_epsilon_precision_eq_species": 0.27416517843215177,
      "mean_abs_epsilon_precision_ECOLI": 0.3405557266936293,
      "mean_abs_epsilon_precision_HUMAN": 0.23506283050637986,
      "mean_abs_epsilon_precision_YEAST": 0.2468769780964462,
      "CV_median": 0.12062977008580256,
      "CV_q75": 0.21055785109984132,
      "CV_q90": 0.32871891322878566,
      "CV_q95": 0.41561657391352064,
      "roc_auc": 0.9456939412590244,
      "roc_auc_directional": 0.9740693407503985,
      "nr_prec": 72339,
      "nr_prec_HUMAN": 54822,
      "nr_prec_YEAST": 14631,
      "nr_prec_ECOLI": 2886,
      "variance_epsilon_global": 0.13366129945624283
    },
    "5": {
      "median_abs_epsilon_global": 0.1753189052458035,
      "median_abs_epsilon_eq_species": 0.20897422335878732,
      "median_abs_epsilon_ECOLI": 0.2642372009767797,
      "median_abs_epsilon_HUMAN": 0.1663565206643769,
      "median_abs_epsilon_YEAST": 0.19632894843520532,
      "mean_abs_epsilon_global": 0.2765014331017746,
      "mean_abs_epsilon_eq_species": 0.32935826216634984,
      "mean_abs_epsilon_ECOLI": 0.4316156296582679,
      "mean_abs_epsilon_HUMAN": 0.26152743661995326,
      "mean_abs_epsilon_YEAST": 0.2949317202208283,
      "median_log2_empirical_ECOLI": -1.846668425994869,
      "median_log2_empirical_HUMAN": -0.04860426314497701,
      "median_log2_empirical_YEAST": 0.9082973405910124,
      "median_abs_epsilon_precision_global": 0.17154628720914644,
      "median_abs_epsilon_precision_eq_species": 0.1988767703101472,
      "median_abs_epsilon_precision_ECOLI": 0.24748200525285569,
      "median_abs_epsilon_precision_HUMAN": 0.1642234333776127,
      "median_abs_epsilon_precision_YEAST": 0.18492487229997323,
      "mean_log2_empirical_ECOLI": -1.7378062881677387,
      "mean_log2_empirical_HUMAN": -0.09058603520955394,
      "mean_log2_empirical_YEAST": 0.8685872661653835,
      "mean_abs_epsilon_precision_global": 0.2724875139727707,
      "mean_abs_epsilon_precision_eq_species": 0.3200612970333451,
      "mean_abs_epsilon_precision_ECOLI": 0.4161283755610209,
      "mean_abs_epsilon_precision_HUMAN": 0.2602493638685986,
      "mean_abs_epsilon_precision_YEAST": 0.2838061516704158,
      "CV_median": 0.12936237144734722,
      "CV_q75": 0.22980386297874966,
      "CV_q90": 0.3624098102969949,
      "CV_q95": 0.4604037389474773,
      "roc_auc": 0.926288022530798,
      "roc_auc_directional": 0.9626212765441796,
      "nr_prec": 84198,
      "nr_prec_HUMAN": 62548,
      "nr_prec_YEAST": 17717,
      "nr_prec_ECOLI": 3933,
      "variance_epsilon_global": 0.17351287515545208
    },
    "4": {
      "median_abs_epsilon_global": 0.18625103225695483,
      "median_abs_epsilon_eq_species": 0.23132072054762146,
      "median_abs_epsilon_ECOLI": 0.3098238392277928,
      "median_abs_epsilon_HUMAN": 0.1737924574121621,
      "median_abs_epsilon_YEAST": 0.21034586500290953,
      "mean_abs_epsilon_global": 0.3025087960705585,
      "mean_abs_epsilon_eq_species": 0.36996786999199927,
      "mean_abs_epsilon_ECOLI": 0.5047135513226289,
      "mean_abs_epsilon_HUMAN": 0.28172316100080025,
      "mean_abs_epsilon_YEAST": 0.3234668976525688,
      "median_log2_empirical_ECOLI": -1.8145379105302721,
      "median_log2_empirical_HUMAN": -0.05091187612769765,
      "median_log2_empirical_YEAST": 0.9022421548785928,
      "median_abs_epsilon_precision_global": 0.18228060485601638,
      "median_abs_epsilon_precision_eq_species": 0.2221121179074368,
      "median_abs_epsilon_precision_ECOLI": 0.29396972629948337,
      "median_abs_epsilon_precision_HUMAN": 0.1719555234760577,
      "median_abs_epsilon_precision_YEAST": 0.2004111039467693,
      "mean_log2_empirical_ECOLI": -1.6800217754134048,
      "mean_log2_empirical_HUMAN": -0.09930247513237385,
      "mean_log2_empirical_YEAST": 0.857199425006369,
      "mean_abs_epsilon_precision_global": 0.2983348063989328,
      "mean_abs_epsilon_precision_eq_species": 0.3586810537008154,
      "mean_abs_epsilon_precision_ECOLI": 0.48337370075929653,
      "mean_abs_epsilon_precision_HUMAN": 0.28102716710915865,
      "mean_abs_epsilon_precision_YEAST": 0.31164229323399095,
      "CV_median": 0.13257237229245666,
      "CV_q75": 0.23714652413307985,
      "CV_q90": 0.3755274611579057,
      "CV_q95": 0.47867820885901363,
      "roc_auc": 0.9108688256269829,
      "roc_auc_directional": 0.9510543484624319,
      "nr_prec": 90121,
      "nr_prec_HUMAN": 66053,
      "nr_prec_YEAST": 19276,
      "nr_prec_ECOLI": 4792,
      "variance_epsilon_global": 0.21566989993927735
    },
    "3": {
      "median_abs_epsilon_global": 0.19131784057004175,
      "median_abs_epsilon_eq_species": 0.237411537588204,
      "median_abs_epsilon_ECOLI": 0.3172138387872767,
      "median_abs_epsilon_HUMAN": 0.1778596752670838,
      "median_abs_epsilon_YEAST": 0.21716109871025147,
      "mean_abs_epsilon_global": 0.31372460070069325,
      "mean_abs_epsilon_eq_species": 0.38461767811445036,
      "mean_abs_epsilon_ECOLI": 0.5254649833049416,
      "mean_abs_epsilon_HUMAN": 0.2915249968541484,
      "mean_abs_epsilon_YEAST": 0.33686305418426105,
      "median_log2_empirical_ECOLI": -1.8034762800946975,
      "median_log2_empirical_HUMAN": -0.05146601035600007,
      "median_log2_empirical_YEAST": 0.8984088884099695,
      "median_abs_epsilon_precision_global": 0.1870540120003188,
      "median_abs_epsilon_precision_eq_species": 0.23012387655310493,
      "median_abs_epsilon_precision_ECOLI": 0.3072262146667475,
      "median_abs_epsilon_precision_HUMAN": 0.17633514478240908,
      "median_abs_epsilon_precision_YEAST": 0.2068102702101582,
      "mean_log2_empirical_ECOLI": -1.6583072032079726,
      "mean_log2_empirical_HUMAN": -0.10038340839403148,
      "mean_log2_empirical_YEAST": 0.8479365144126898,
      "mean_abs_epsilon_precision_global": 0.309504243843383,
      "mean_abs_epsilon_precision_eq_species": 0.37319870612505796,
      "mean_abs_epsilon_precision_ECOLI": 0.5038377174046703,
      "mean_abs_epsilon_precision_HUMAN": 0.2908418555564789,