{
  "old_new": "new",
  "id": "DIA-NN_20251027_125531",
  "software_name": "DIA-NN",
  "software_version": "1.7.16",
  "search_engine": "DIA-NN",
  "search_engine_version": "1.7.16",
  "ident_fdr_psm": 0.01,
  "ident_fdr_peptide": NaN,
  "ident_fdr_protein": NaN,
  "enable_match_between_runs": true,
  "precursor_mass_tolerance": "[-2.78001 ppm, 2.78001 ppm]",
  "fragment_mass_tolerance": "[-5.62001 ppm, 5.62001 ppm]",
  "enzyme": "Trypsin/P",
  "allowed_miscleavages": 1,
  "min_peptide_length": 6,
  "max_peptide_length": 30,
  "is_temporary": false,
  "intermediate_hash": "2115d5e394c382dc1d18f7e12ce0809311d584af",
  "results": {
    "6": {
      "median_abs_epsilon_global": 0.26132925179034316,
      "median_abs_epsilon_eq_species": 0.28536397742259406,
      "median_abs_epsilon_ECOLI": 0.33305429089518235,
      "median_abs_epsilon_HUMAN": 0.257792263181738,
      "median_abs_epsilon_YEAST": 0.2652453781908619,
      "mean_abs_epsilon_global": 0.4071201079876279,
      "mean_abs_epsilon_eq_species": 0.4363006019473949,
      "mean_abs_epsilon_ECOLI": 0.5025549819248806,
      "mean_abs_epsilon_HUMAN": 0.4037270748198594,
      "mean_abs_epsilon_YEAST": 0.4026197490974445,
      "median_log2_empirical_ECOLI": -2.2235236951160626,
      "median_log2_empirical_HUMAN": -0.10884383805345621,
      "median_log2_empirical_YEAST": 0.9978359628154188,
      "median_abs_epsilon_precision_global": 0.251923356886401,
      "median_abs_epsilon_precision_eq_species": 0.2725484297557168,
      "median_abs_epsilon_precision_ECOLI": 0.30779071240421185,
      "median_abs_epsilon_precision_HUMAN": 0.2448947610893466,
      "median_abs_epsilon_precision_YEAST": 0.26495981577359196,
      "mean_log2_empirical_ECOLI": -2.2720908700514464,
      "mean_log2_empirical_HUMAN": -0.15570807747806611,
      "mean_log2_empirical_YEAST": 1.0268004825267958,
      "mean_abs_epsilon_precision_global": 0.39581241142208085,
      "mean_abs_epsilon_precision_eq_species": 0.4173993988562579,
      "mean_abs_epsilon_precision_ECOLI": 0.45788316247913774,
      "mean_abs_epsilon_precision_HUMAN": 0.3907743433304115,
      "mean_abs_epsilon_precision_YEAST": 0.4035406907592245,
      "CV_median": 0.21228291546089367,
      "CV_q75": 0.4009536086449001,
      "CV_q90": 0.6079012017147112,
      "CV_q95": 0.7348000914331667,
      "roc_auc": 0.8845592271418692,
      "roc_auc_directional": 0.9580679696122911,
      "nr_prec": 85959,
      "nr_prec_HUMAN": 65428,
      "nr_prec_YEAST": 17385,
      "nr_prec_ECOLI": 3146,
      "variance_epsilon_global": 0.3419570940200277
    },
    "5": {
      "median_abs_epsilon_global": 0.2967529883949185,
      "median_abs_epsilon_eq_species": 0.3329038973180311,
      "median_abs_epsilon_ECOLI": 0.4019896318976235,
      "median_abs_epsilon_HUMAN": 0.288211992369483,
      "median_abs_epsilon_YEAST": 0.30851006768698674,
      "mean_abs_epsilon_global": 0.45970184252919344,
      "mean_abs_epsilon_eq_species": 0.49640225799351057,
      "mean_abs_epsilon_ECOLI": 0.5716361693035954,
      "mean_abs_epsilon_HUMAN": 0.45114360892526745,
      "mean_abs_epsilon_YEAST": 0.46642699575166885,
      "median_log2_empirical_ECOLI": -2.1981563160785864,
      "median_log2_empirical_HUMAN": -0.11120141769194092,
      "median_log2_empirical_YEAST": 0.9867747813719774,
      "median_abs_epsilon_precision_global": 0.2861913487845742,
      "median_abs_epsilon_precision_eq_species": 0.31685739670199126,
      "median_abs_epsilon_precision_ECOLI": 0.36475437294937496,
      "median_abs_epsilon_precision_HUMAN": 0.2756654265764418,
      "median_abs_epsilon_precision_YEAST": 0.3101523905801571,
      "mean_log2_empirical_ECOLI": -2.204187582981616,
      "mean_log2_empirical_HUMAN": -0.1603542388906831,
      "mean_log2_empirical_YEAST": 0.9939561647718819,
      "mean_abs_epsilon_precision_global": 0.44918397569619783,
      "mean_abs_epsilon_precision_eq_species": 0.4816744875952597,
      "mean_abs_epsilon_precision_ECOLI": 0.5398077753345217,
      "mean_abs_epsilon_precision_HUMAN": 0.43890646045763676,
      "mean_abs_epsilon_precision_YEAST": 0.4663092269936206,
      "CV_median": 0.23765834008829237,
      "CV_q75": 0.44232449170824445,
      "CV_q90": 0.6608624518604074,
      "CV_q95": 0.7928484222129334,
      "roc_auc": 0.8530999637412284,
      "roc_auc_directional": 0.9378419619916599,
      "nr_prec": 103796,
      "nr_prec_HUMAN": 77119,
      "nr_prec_YEAST": 22109,
      "nr_prec_ECOLI": 4568,
      "variance_epsilon_global": 0.43244089046091394
    },
    "4": {
      "median_abs_epsilon_global": 0.32219810717509745,
      "median_abs_epsilon_eq_species": 0.3788806715802358,
      "median_abs_epsilon_ECOLI": 0.48586373349612,
      "median_abs_epsilon_HUMAN": 0.30736512994734966,
      "median_abs_epsilon_YEAST": 0.3434131512972378,
      "mean_abs_epsilon_global": 0.5020041622692141,
      "mean_abs_epsilon_eq_species": 0.5592151620896574,
      "mean_abs_epsilon_ECOLI": 0.6721455214966332,
      "mean_abs_epsilon_HUMAN": 0.48395044992048253,
      "mean_abs_epsilon_YEAST": 0.5215495148518565,
      "median_log2_empirical_ECOLI": -2.140411519990823,
      "median_log2_empirical_HUMAN": -0.11244520388327128,
      "median_log2_empirical_YEAST": 0.971976189530114,
      "median_abs_epsilon_precision_global": 0.3125598408722272,
      "median_abs_epsilon_precision_eq_species": 0.3627065660390058,
      "median_abs_epsilon_precision_ECOLI": 0.4466760198358024,
      "median_abs_epsilon_precision_HUMAN": 0.2950910747104487,
      "median_abs_epsilon_precision_YEAST": 0.34635260357076625,
      "mean_log2_empirical_ECOLI": -2.0937614393735817,
      "mean_log2_empirical_HUMAN": -0.16345101375184704,
      "mean_log2_empirical_YEAST": 0.9608920899622433,
      "mean_abs_epsilon_precision_global": 0.4926875664984096,
      "mean_abs_epsilon_precision_eq_species": 0.5507032515713559,
      "mean_abs_epsilon_precision_ECOLI": 0.6589081321309925,
      "mean_abs_epsilon_precision_HUMAN": 0.47226733443740077,
      "mean_abs_epsilon_precision_YEAST": 0.5209342881456744,
      "CV_median": 0.24742523077701944,
      "CV_q75": 0.45833454283311487,
      "CV_q90": 0.6794006853959552,
      "CV_q95": 0.8141344392384781,
      "roc_auc": 0.8303120126204047,
      "roc_auc_directional": 0.9140551937287319,
      "nr_prec": 114837,
      "nr_prec_HUMAN": 83504,
      "nr_prec_YEAST": 25389,
      "nr_prec_ECOLI": 5944,
      "variance_epsilon_global": 0.521035585488002
    },
    "3": {
      "median_abs_epsilon_global": 0.3332990736712871,
      "median_abs_epsilon_eq_species": 0.392578554816217,
      "median_abs_epsilon_ECOLI": 0.501486133811575,
      "median_abs_epsilon_HUMAN": 0.3175412281107537,
      "median_abs_epsilon_YEAST": 0.35870830252632224,
      "mean_abs_epsilon_global": 0.5202834033842582,
      "mean_abs_epsilon_eq_species": 0.5814777871236753,
      "mean_abs_epsilon_ECOLI": 0.6997653367321356,
      "mean_abs_epsilon_HUMAN": 0.499816307779222,
      "mean_abs_epsilon_YEAST": 0.5448517168596683,
      "median_log2_empirical_ECOLI": -2.121957023149598,
      "median_log2_empirical_HUMAN": -0.1120061203355256,
      "median_log2_empirical_YEAST": 0.9655168105530194,
      "median_abs_epsilon_precision_global": 0.3234487825579002,
      "median_abs_epsilon_precision_eq_species": 0.3777183714454617,
      "median_abs_epsilon_precision_ECOLI": 0.46602555248570443,
      "median_abs_epsilon_precision_HUMAN": 0.30508402509295074,
      "median_abs_epsilon_precision_YEAST": 0.36204553675773,
      "mean_log2_empirical_ECOLI": -2.046627417735654,
      "mean_log2_empirical_HUMAN": -0.1610638877419864,
      "mean_log2_empirical_YEAST": 0.9444576577783902,
      "mean_abs_epsilon_precision_global": 0.5114592767311753,
      "mean_abs_epsilon_precision_eq_species": 0.5751944456441285,
      "mean_abs_epsilon_precision_ECOLI": 0.6930569031251913,
      "mean_abs_epsilon_precision_HUMAN": 0.4883164528231328,