{
  "old_new": "new",
  "id": "DIA-NN_20251027_125531",
  "software_name": "DIA-NN",
  "software_version": "1.7.16",
  "search_engine": "DIA-NN",
  "search_engine_version": "1.7.16",
  "ident_fdr_psm": "0.01",
  "ident_fdr_peptide": NaN,
  "ident_fdr_protein": NaN,
  "enable_match_between_runs": true,
  "precursor_mass_tolerance": "[-2.78001 ppm, 2.78001 ppm]",
  "fragment_mass_tolerance": "[-5.62001 ppm, 5.62001 ppm]",
  "enzyme": "Trypsin/P",
  "allowed_miscleavages": "1",
  "min_peptide_length": "6",
  "max_peptide_length": "30",
  "is_temporary": false,
  "intermediate_hash": "2115d5e394c382dc1d18f7e12ce0809311d584af",
  "results": {
    "6": {
      "median_abs_epsilon": 0.2610937133651916,
      "mean_abs_epsilon": 0.40714616173415846,
      "variance_epsilon": 0.34224969616410134,
      "nr_prec": 86531,
      "CV_median": 0.2115240481466062,
      "CV_q75": 0.40024955642376137,
      "CV_q90": 0.6073681173880732,
      "CV_q95": 0.7344482765775366
    },
    "5": {
      "median_abs_epsilon": 0.2964407232106261,
      "mean_abs_epsilon": 0.4595992934412074,
      "variance_epsilon": 0.4325456779538252,
      "nr_prec": 104426,
      "CV_median": 0.2368687946572458,
      "CV_q75": 0.44165092310885595,
      "CV_q90": 0.6604686384189393,
      "CV_q95": 0.7924899166555031
    },
    "4": {
      "median_abs_epsilon": 0.32185480501773434,
      "mean_abs_epsilon": 0.5019585544139921,
      "variance_epsilon": 0.5218711315093529,
      "nr_prec": 115501,
      "CV_median": 0.24662259541799042,
      "CV_q75": 0.4576751166747702,
      "CV_q90": 0.6790000714491571,
      "CV_q95": 0.81388514037499
    },
    "3": {
      "median_abs_epsilon": 0.33274598179698156,
      "mean_abs_epsilon": 0.5201848209744684,
      "variance_epsilon": 0.5618887886422649,
      "nr_prec": 122921,
      "CV_median": 0.2508625965018875,
      "CV_q75": 0.4640135441527438,
      "CV_q90": 0.6863959804301485,
      "CV_q95": 0.8225401342393686
    },
    "2": {
      "median_abs_epsilon": 0.33665520623269707,
      "mean_abs_epsilon": 0.5270749393133078,
      "variance_epsilon": 0.5786972657860113,
      "nr_prec": 126790,
      "CV_median": 0.2517322805477107,
      "CV_q75": 0.46527570396900086,
      "CV_q90": 0.6885548452524634,
      "CV_q95": 0.8248477534057863
    },
    "1": {
      "median_abs_epsilon": 0.33665520623269707,
      "mean_abs_epsilon": 0.5270749393133078,
      "variance_epsilon": 0.5786972657860113,
      "nr_prec": 128935,
      "CV_median": 0.2517322805477107,
      "CV_q75": 0.46527570396900086,
      "CV_q90": 0.6885548452524634,
      "CV_q95": 0.8248477534057863
    }
  },
  "median_abs_epsilon": 0.33274598179698156,
  "mean_abs_epsilon": 0.5201848209744684,
  "nr_prec": 122921,
  "comments": "",
  "proteobench_version": "0.10.3",
  "color": "#d42f2f",
  "hover_text": "ProteoBench ID: DIA-NN_20251027_125531<br>Software tool: DIA-NN <br>Comment (private submission): ...",
  "scatter_size": 20,
  "fixed_mods": "Carbamidomethyl (C)",
  "variable_mods": "Oxidation (M)",
  "max_mods": "1",
  "min_precursor_charge": "1",
  "max_precursor_charge": "4",
  "quantification_method": "QuantUMS high-precision",
  "protein_inference": "Genes",
  "abundance_normalization_ions": null,
  "submission_comments": "Resubmission of f5736be881ec4684ffbe2211dcc7a415d045efcf after changing quant column from Precursor.Quantity -> Precursor.Normalised\n\n ### Parameter changes detected:\n- **ident_fdr_protein**: `None` \u2192 `nan`\n- **ident_fdr_peptide**: `None` \u2192 `nan`\n\nDataset URL: https://proteobench.cubimed.rub.de/datasets/2115d5e394c382dc1d18f7e12ce0809311d584af/",
  "min_precursor_mz": "200",
  "max_precursor_mz": "1000",
  "min_fragment_mz": "50",
  "max_fragment_mz": "2000",
  "predictors_library": "{'RT': 'DIANN', 'IM': 'DIANN', 'MS2_int': 'DIANN'}",
  "scan_window": "6"
}