{
  "id": "DIA-NN_20260430_133345",
  "software_name": "DIA-NN",
  "software_version": "2.5.0 Academia ",
  "search_engine": "DIA-NN",
  "search_engine_version": "2.5.0 Academia ",
  "ident_fdr_psm": 0.01,
  "ident_fdr_peptide": NaN,
  "ident_fdr_protein": NaN,
  "enable_match_between_runs": true,
  "precursor_mass_tolerance": "[-20.0 ppm, 20.0 ppm]",
  "fragment_mass_tolerance": "[-20.0 ppm, 20.0 ppm]",
  "enzyme": "Trypsin/P",
  "allowed_miscleavages": 2,
  "min_peptide_length": 7,
  "max_peptide_length": 30,
  "is_temporary": false,
  "intermediate_hash": "269bb8310dc3f501834aaab5ca6fe72791c426e3",
  "results": {
    "6": {
      "median_abs_epsilon_global": 0.1775684356689453,
      "median_abs_epsilon_eq_species": 0.22045358022054037,
      "median_abs_epsilon_ECOLI": 0.30660438537597656,
      "median_abs_epsilon_HUMAN": 0.170989990234375,
      "median_abs_epsilon_YEAST": 0.18376636505126953,
      "mean_abs_epsilon_global": 0.261974250587869,
      "mean_abs_epsilon_eq_species": 0.31366438649174994,
      "mean_abs_epsilon_ECOLI": 0.4247598705714465,
      "mean_abs_epsilon_HUMAN": 0.2522149150336939,
      "mean_abs_epsilon_YEAST": 0.2640183738701093,
      "median_log2_empirical_ECOLI": -1.732025146484375,
      "median_log2_empirical_HUMAN": 0.03162193298339844,
      "median_log2_empirical_YEAST": 0.9857969284057617,
      "median_abs_epsilon_precision_global": 0.17263317108154297,
      "median_abs_epsilon_precision_eq_species": 0.19603729248046875,
      "median_abs_epsilon_precision_ECOLI": 0.23606014251708984,
      "median_abs_epsilon_precision_HUMAN": 0.16666603088378906,
      "median_abs_epsilon_precision_YEAST": 0.18538570404052734,
      "mean_log2_empirical_ECOLI": -1.6605511960605392,
      "mean_log2_empirical_HUMAN": -0.00642060841698723,
      "mean_log2_empirical_YEAST": 0.9544532953420437,
      "mean_abs_epsilon_precision_global": 0.25945622844728705,
      "mean_abs_epsilon_precision_eq_species": 0.28793954632731106,
      "mean_abs_epsilon_precision_ECOLI": 0.34550403649553857,
      "mean_abs_epsilon_precision_HUMAN": 0.2529852605384757,
      "mean_abs_epsilon_precision_YEAST": 0.2653293419479189,
      "CV_median": 0.12889578481373679,
      "CV_q75": 0.22357377852334043,
      "CV_q90": 0.3451154317668183,
      "CV_q95": 0.4360049857208561,
      "variance_epsilon_global": 0.15221998429583639,
      "nr_feature": 70101,
      "roc_auc": 0.9500368650915253
    },
    "5": {
      "median_abs_epsilon_global": 0.19193267822265625,
      "median_abs_epsilon_eq_species": 0.24819723765055338,
      "median_abs_epsilon_ECOLI": 0.3578605651855469,
      "median_abs_epsilon_HUMAN": 0.18212509155273438,
      "median_abs_epsilon_YEAST": 0.2046060562133789,
      "mean_abs_epsilon_global": 0.2891134866397892,
      "mean_abs_epsilon_eq_species": 0.3598481485780432,
      "mean_abs_epsilon_ECOLI": 0.5114674421648184,
      "mean_abs_epsilon_HUMAN": 0.27313741796194546,
      "mean_abs_epsilon_YEAST": 0.2949395856073657,
      "median_log2_empirical_ECOLI": -1.6777019500732422,
      "median_log2_empirical_HUMAN": 0.03148460388183594,
      "median_log2_empirical_YEAST": 0.9731988906860352,
      "median_abs_epsilon_precision_global": 0.18752670288085938,
      "median_abs_epsilon_precision_eq_species": 0.2217235565185547,
      "median_abs_epsilon_precision_ECOLI": 0.2824277877807617,
      "median_abs_epsilon_precision_HUMAN": 0.17782211303710938,
      "median_abs_epsilon_precision_YEAST": 0.20492076873779297,
      "mean_log2_empirical_ECOLI": -1.577586697290341,
      "mean_log2_empirical_HUMAN": -0.0069704452650953845,
      "mean_log2_empirical_YEAST": 0.9349154679831971,
      "mean_abs_epsilon_precision_global": 0.2853304915743681,
      "mean_abs_epsilon_precision_eq_species": 0.3282473959375083,
      "mean_abs_epsilon_precision_ECOLI": 0.4147535830403729,
      "mean_abs_epsilon_precision_HUMAN": 0.2739348208463272,
      "mean_abs_epsilon_precision_YEAST": 0.2960537839258248,
      "CV_median": 0.1371965042985553,
      "CV_q75": 0.24079932460797882,
      "CV_q90": 0.3750548265871568,
      "CV_q95": 0.47353553748715205,
      "variance_epsilon_global": 0.18919769309383913,
      "nr_feature": 80569,
      "roc_auc": 0.931947336823443
    },
    "4": {
      "median_abs_epsilon_global": 0.20482826232910156,
      "median_abs_epsilon_eq_species": 0.2735835711161296,
      "median_abs_epsilon_ECOLI": 0.408297061920166,
      "median_abs_epsilon_HUMAN": 0.19147586822509766,
      "median_abs_epsilon_YEAST": 0.220977783203125,
      "mean_abs_epsilon_global": 0.3159005942114194,
      "mean_abs_epsilon_eq_species": 0.4054728525803674,
      "mean_abs_epsilon_ECOLI": 0.5980328719511376,
      "mean_abs_epsilon_HUMAN": 0.2928515974785386,
      "mean_abs_epsilon_YEAST": 0.325534088311426,
      "median_log2_empirical_ECOLI": -1.6340360641479492,
      "median_log2_empirical_HUMAN": 0.03153514862060547,
      "median_log2_empirical_YEAST": 0.9636135101318359,
      "median_abs_epsilon_precision_global": 0.20015811920166016,
      "median_abs_epsilon_precision_eq_species": 0.24550565083821616,
      "median_abs_epsilon_precision_ECOLI": 0.3285245895385742,
      "median_abs_epsilon_precision_HUMAN": 0.18747901916503906,
      "median_abs_epsilon_precision_YEAST": 0.22051334381103516,
      "mean_log2_empirical_ECOLI": -1.4988316786687788,
      "mean_log2_empirical_HUMAN": -0.007088890402552559,
      "mean_log2_empirical_YEAST": 0.9165849827520391,
      "mean_abs_epsilon_precision_global": 0.3107970879829713,
      "mean_abs_epsilon_precision_eq_species": 0.3686052153387753,
      "mean_abs_epsilon_precision_ECOLI": 0.485636874867923,
      "mean_abs_epsilon_precision_HUMAN": 0.2936292106325169,
      "mean_abs_epsilon_precision_YEAST": 0.32654956051588624,
      "CV_median": 0.14099738954904906,
      "CV_q75": 0.2494040813982739,
      "CV_q90": 0.38936433487010746,
      "CV_q95": 0.4921803724305215,
      "variance_epsilon_global": 0.2346625152676321,
      "nr_feature": 87869,
      "roc_auc": 0.9146815169716602
    },
    "3": {
      "median_abs_epsilon_global": 0.2122478485107422,
      "median_abs_epsilon_eq_species": 0.2841367721557617,
      "median_abs_epsilon_ECOLI": 0.4229907989501953,
      "median_abs_epsilon_HUMAN": 0.19850921630859375,
      "median_abs_epsilon_YEAST": 0.2309103012084961,
      "mean_abs_epsilon_global": 0.33330922287707015,
      "mean_abs_epsilon_eq_species": 0.42564375153775486,
      "mean_abs_epsilon_ECOLI": 0.6193009059235748,
      "mean_abs_epsilon_HUMAN": 0.30836189839460915,
      "mean_abs_epsilon_YEAST": 0.3492684502950806,
      "median_log2_empirical_ECOLI": -1.6178264617919922,
      "median_log2_empirical_HUMAN": 0.03236579895019531,
      "median_log2_empirical_YEAST": 0.9570932388305664,
      "median_abs_epsilon_precision_global": 0.2078838348388672,
      "median_abs_epsilon_precision_eq_species": 0.2550617853800456,
      "median_abs_epsilon_precision_ECOLI": 0.34005165100097656,
      "median_abs_epsilon_precision_HUMAN": 0.19440650939941406,
      "median_abs_epsilon_precision_YEAST": 0.2307271957397461,
      "mean_log2_empirical_ECOLI": -1.4770224487245358,
      "mean_log2_empirical_HUMAN": -0.003966373396711005,
      "mean_log2_empirical_YEAST": 0.9023084381691732,
      "mean_abs_epsilon_precision_global": 0.32785575374314113,
      "mean_abs_epsilon_precision_eq_species": 0.3874487320263225,
      "mean_abs_epsilon_precision_ECOLI": 0.5032937073545728,
      "mean_abs_epsilon_precision_HUMAN": 0.30877755225172604,
      "mean_abs_epsilon_precision_YEAST": 0.3502749364726688,
      "CV_median": 0.1435124392157296,
      "CV_q75": 0.254666833086044,
      "CV_q90": 0.3986213229574417,
      "CV_q95": 0.5044956958374974,
      "variance_epsilon_global": 0.2695265457605349,
      "nr_feature": 94505,
      "roc_auc": 0.9027971648262219
    },
    "2": {
      "median_abs_epsilon_global": 0.21759986877441406,