{
  "id": "AlphaDIA_20260710_074116",
  "software_name": "AlphaDIA",
  "software_version": "2.1.1",
  "search_engine": "AlphaDIA",
  "search_engine_version": NaN,
  "ident_fdr_psm": 0.01,
  "ident_fdr_peptide": NaN,
  "ident_fdr_protein": 0.01,
  "enable_match_between_runs": true,
  "precursor_mass_tolerance": "[-3 ppm, 3 ppm]",
  "fragment_mass_tolerance": "[-10 ppm, 10 ppm]",
  "enzyme": "Trypsin/P",
  "allowed_miscleavages": 1,
  "min_peptide_length": 6,
  "max_peptide_length": 30,
  "is_temporary": false,
  "intermediate_hash": "26d8b7979eee6f9774d0c4566193037665503632",
  "results": {
    "6": {
      "median_abs_epsilon_global": 0.21745538711547763,
      "median_abs_epsilon_eq_species": 0.26462189356486004,
      "median_abs_epsilon_ECOLI": 0.2910639444986973,
      "median_abs_epsilon_HUMAN": 0.19499095280965228,
      "median_abs_epsilon_YEAST": 0.30781078338623047,
      "mean_abs_epsilon_global": 0.31706710586599346,
      "mean_abs_epsilon_eq_species": 0.3773794019126137,
      "mean_abs_epsilon_ECOLI": 0.4382168866815775,
      "mean_abs_epsilon_HUMAN": 0.28798234211194546,
      "mean_abs_epsilon_YEAST": 0.4059389769443182,
      "median_log2_empirical_ECOLI": -1.7782459259033203,
      "median_log2_empirical_HUMAN": -0.11632156372070312,
      "median_log2_empirical_YEAST": 0.7082093556721993,
      "median_abs_epsilon_precision_global": 0.19070529937744052,
      "median_abs_epsilon_precision_eq_species": 0.22248713175455906,
      "median_abs_epsilon_precision_ECOLI": 0.2715377807617205,
      "median_abs_epsilon_precision_HUMAN": 0.181671142578125,
      "median_abs_epsilon_precision_YEAST": 0.21425247192383168,
      "mean_log2_empirical_ECOLI": -1.6755942299478963,
      "mean_log2_empirical_HUMAN": -0.17018184280726215,
      "mean_log2_empirical_YEAST": 0.6348240727488539,
      "mean_abs_epsilon_precision_global": 0.2801683437568486,
      "mean_abs_epsilon_precision_eq_species": 0.3211936637245203,
      "mean_abs_epsilon_precision_ECOLI": 0.3935798869789698,
      "mean_abs_epsilon_precision_HUMAN": 0.26948969118722843,
      "mean_abs_epsilon_precision_YEAST": 0.3005114130073627,
      "CV_median": 0.13585071287294112,
      "CV_q75": 0.23192909823128433,
      "CV_q90": 0.34696225568660155,
      "CV_q95": 0.4311827342568364,
      "variance_epsilon_global": 0.17539162301589706,
      "nr_feature": 100756,
      "roc_auc": 0.8558760672509264
    },
    "5": {
      "median_abs_epsilon_global": 0.23851935068766217,
      "median_abs_epsilon_eq_species": 0.31996361414591473,
      "median_abs_epsilon_ECOLI": 0.39786942799886127,
      "median_abs_epsilon_HUMAN": 0.20794185002644738,
      "median_abs_epsilon_YEAST": 0.3540795644124355,
      "mean_abs_epsilon_global": 0.3485639781907925,
      "mean_abs_epsilon_eq_species": 0.4433522225913759,
      "mean_abs_epsilon_ECOLI": 0.5684200225995097,
      "mean_abs_epsilon_HUMAN": 0.3053292595898464,
      "mean_abs_epsilon_YEAST": 0.4563073855847714,
      "median_log2_empirical_ECOLI": -1.6518022219340018,
      "median_log2_empirical_HUMAN": -0.11660003662109375,
      "median_log2_empirical_YEAST": 0.661503156026205,
      "median_abs_epsilon_precision_global": 0.2109511693318673,
      "median_abs_epsilon_precision_eq_species": 0.26553630828857483,
      "median_abs_epsilon_precision_ECOLI": 0.3575620651245135,
      "median_abs_epsilon_precision_HUMAN": 0.19371827443440814,
      "median_abs_epsilon_precision_YEAST": 0.2453285853068028,
      "mean_log2_empirical_ECOLI": -1.5253878930888103,
      "mean_log2_empirical_HUMAN": -0.170189448281712,
      "mean_log2_empirical_YEAST": 0.5861931101180022,
      "mean_abs_epsilon_precision_global": 0.30543045123114654,
      "mean_abs_epsilon_precision_eq_species": 0.36658102259110154,
      "mean_abs_epsilon_precision_ECOLI": 0.479125382434894,
      "mean_abs_epsilon_precision_HUMAN": 0.2877265058432213,
      "mean_abs_epsilon_precision_YEAST": 0.33289117949518937,
      "CV_median": 0.14517292171130303,
      "CV_q75": 0.25053003861760365,
      "CV_q90": 0.3772414848493054,
      "CV_q95": 0.4710272284964931,
      "variance_epsilon_global": 0.21531366126002646,
      "nr_feature": 118687,
      "roc_auc": 0.8244719617088859
    },
    "4": {
      "median_abs_epsilon_global": 0.254243214925129,
      "median_abs_epsilon_eq_species": 0.37374446127149713,
      "median_abs_epsilon_ECOLI": 0.5210298697153721,
      "median_abs_epsilon_HUMAN": 0.21721617380777936,
      "median_abs_epsilon_YEAST": 0.38298734029133996,
      "mean_abs_epsilon_global": 0.3754045137049072,
      "mean_abs_epsilon_eq_species": 0.5000573057267789,
      "mean_abs_epsilon_ECOLI": 0.6870580798818237,
      "mean_abs_epsilon_HUMAN": 0.31884379954510084,
      "mean_abs_epsilon_YEAST": 0.4942700377534121,
      "median_log2_empirical_ECOLI": -1.5110365549723301,
      "median_log2_empirical_HUMAN": -0.11741018295288175,
      "median_log2_empirical_YEAST": 0.6329917907714844,
      "median_abs_epsilon_precision_global": 0.2253557840983058,
      "median_abs_epsilon_precision_eq_species": 0.30016745461358035,
      "median_abs_epsilon_precision_ECOLI": 0.4318720499674473,
      "median_abs_epsilon_precision_HUMAN": 0.20255200068156132,
      "median_abs_epsilon_precision_YEAST": 0.26607831319173236,
      "mean_log2_empirical_ECOLI": -1.3961845483535376,
      "mean_log2_empirical_HUMAN": -0.171131126096138,
      "mean_log2_empirical_YEAST": 0.551743592264641,
      "mean_abs_epsilon_precision_global": 0.32658096798378744,
      "mean_abs_epsilon_precision_eq_species": 0.4023701591922326,
      "mean_abs_epsilon_precision_ECOLI": 0.5450736985736613,
      "mean_abs_epsilon_precision_HUMAN": 0.30170123362791634,
      "mean_abs_epsilon_precision_YEAST": 0.3603355453751203,
      "CV_median": 0.14913923211081515,
      "CV_q75": 0.25808840640168884,
      "CV_q90": 0.38955379339202767,
      "CV_q95": 0.48557788700813015,
      "variance_epsilon_global": 0.25752698182264777,
      "nr_feature": 129564,
      "roc_auc": 0.8046978157051111
    },
    "3": {
      "median_abs_epsilon_global": 0.26062695185343365,
      "median_abs_epsilon_eq_species": 0.38543277316623276,
      "median_abs_epsilon_ECOLI": 0.5393508275349941,
      "median_abs_epsilon_HUMAN": 0.22175391515096,
      "median_abs_epsilon_YEAST": 0.39519357681274414,
      "mean_abs_epsilon_global": 0.3867907366045896,
      "mean_abs_epsilon_eq_species": 0.517874106520749,
      "mean_abs_epsilon_ECOLI": 0.7143673531090592,
      "mean_abs_epsilon_HUMAN": 0.3266055757148151,
      "mean_abs_epsilon_YEAST": 0.5126493907383725,
      "median_log2_empirical_ECOLI": -1.489354769388834,
      "median_log2_empirical_HUMAN": -0.11720689137776574,
      "median_log2_empirical_YEAST": 0.6221496264139805,
      "median_abs_epsilon_precision_global": 0.23122278849283617,
      "median_abs_epsilon_precision_eq_species": 0.30910343594021256,
      "median_abs_epsilon_precision_ECOLI": 0.445515314737956,
      "median_abs_epsilon_precision_HUMAN": 0.20694923400878906,
      "median_abs_epsilon_precision_YEAST": 0.27484575907389264,
      "mean_log2_empirical_ECOLI": -1.366678783820731,
      "mean_log2_empirical_HUMAN": -0.1699474035399537,
      "mean_log2_empirical_YEAST": 0.5355995348225704,
      "mean_abs_epsilon_precision_global": 0.3366363611510072,
      "mean_abs_epsilon_precision_eq_species": 0.41586405494246553,
      "mean_abs_epsilon_precision_ECOLI": 0.5629299102932483,
      "mean_abs_epsilon_precision_HUMAN": 0.3096977215679412,
      "mean_abs_epsilon_precision_YEAST": 0.3749645329662071,
      "CV_median": 0.15088274647807562,
      "CV_q75": 0.26122538563668907,
      "CV_q90": 0.39513132268666673,
      "CV_q95": 0.4924405125128377,
      "variance_epsilon_global": 0.2762200827591354,
      "nr_feature": 136711,
      "roc_auc": 0.7957854493667897
    },
    "2": {
      "median_abs_epsilon_global": 0.2628726959228498,
      "median_abs_epsilon_eq_species": 0.3883738517761233,