{
  "old_new": "new",
  "id": "DIA-NN_20251027_104249",
  "software_name": "DIA-NN",
  "software_version": "1.9.2",
  "search_engine": "DIA-NN",
  "search_engine_version": "1.9.2",
  "ident_fdr_psm": "0.01",
  "ident_fdr_peptide": NaN,
  "ident_fdr_protein": NaN,
  "enable_match_between_runs": true,
  "precursor_mass_tolerance": "[-2.42372 ppm, 2.42372 ppm]",
  "fragment_mass_tolerance": "[-8.32578 ppm, 8.32578 ppm]",
  "enzyme": "Trypsin/P",
  "allowed_miscleavages": "1",
  "min_peptide_length": "6",
  "max_peptide_length": "30",
  "is_temporary": false,
  "intermediate_hash": "2716651b296359d127ce58a3ed986d0c47d65375",
  "results": {
    "6": {
      "median_abs_epsilon": 0.17487194069602285,
      "mean_abs_epsilon": 0.2537270815798938,
      "variance_epsilon": 0.12512043541944157,
      "nr_prec": 78874,
      "CV_median": 0.12972753808997461,
      "CV_q75": 0.2270652179922199,
      "CV_q90": 0.3478576566406985,
      "CV_q95": 0.43547226918255943
    },
    "5": {
      "median_abs_epsilon": 0.19302540154065806,
      "mean_abs_epsilon": 0.28502621458104493,
      "variance_epsilon": 0.16176479683165593,
      "nr_prec": 95958,
      "CV_median": 0.1414690293485584,
      "CV_q75": 0.25075209022263634,
      "CV_q90": 0.3875808140976499,
      "CV_q95": 0.48535482351029474
    },
    "4": {
      "median_abs_epsilon": 0.20915973327717374,
      "mean_abs_epsilon": 0.3177539386406018,
      "variance_epsilon": 0.2100164059340582,
      "nr_prec": 108285,
      "CV_median": 0.1471159132274681,
      "CV_q75": 0.2623825116518803,
      "CV_q90": 0.4055908555058674,
      "CV_q95": 0.5093360182993169
    },
    "3": {
      "median_abs_epsilon": 0.21795771294404176,
      "mean_abs_epsilon": 0.3351624876606666,
      "variance_epsilon": 0.23551336911770118,
      "nr_prec": 117893,
      "CV_median": 0.15021111191977227,
      "CV_q75": 0.26869951418670024,
      "CV_q90": 0.4161290185094353,
      "CV_q95": 0.5220112145837881
    },
    "2": {
      "median_abs_epsilon": 0.221404012141444,
      "mean_abs_epsilon": 0.34279734463542316,
      "variance_epsilon": 0.24831370654987925,
      "nr_prec": 123626,
      "CV_median": 0.15108367445397639,
      "CV_q75": 0.2707932675411984,
      "CV_q90": 0.42033063459411957,
      "CV_q95": 0.5273071885803091
    },
    "1": {
      "median_abs_epsilon": 0.221404012141444,
      "mean_abs_epsilon": 0.3427973446354231,
      "variance_epsilon": 0.24831370654987928,
      "nr_prec": 126769,
      "CV_median": 0.15108367445397639,
      "CV_q75": 0.2707932675411984,
      "CV_q90": 0.42033063459411957,
      "CV_q95": 0.5273071885803091
    }
  },
  "median_abs_epsilon": 0.21795771294404176,
  "mean_abs_epsilon": 0.3351624876606666,
  "nr_prec": 117893,
  "comments": "",
  "proteobench_version": "0.10.3",
  "color": "#d42f2f",
  "hover_text": "ProteoBench ID: DIA-NN_20251027_104249<br>Software tool: DIA-NN <br>Comment (private submission): ...",
  "scatter_size": 20,
  "fixed_mods": "unimod4",
  "variable_mods": "UniMod:35/15.994915/M,UniMod:1/42.010565/*n",
  "max_mods": "1",
  "min_precursor_charge": "1",
  "max_precursor_charge": "4",
  "quantification_method": "Legacy",
  "protein_inference": "Genes",
  "abundance_normalization_ions": null,
  "submission_comments": "Resubmission of 0f60bf20ee5a36effcbc621ae7e888f9319200f0 after changing quant column from Precursor.Quantity -> Precursor.Normalised\n\n ### Parameter changes detected:\n- **ident_fdr_protein**: `None` \u2192 `nan`\n- **ident_fdr_peptide**: `None` \u2192 `nan`\n\nDataset URL: https://proteobench.cubimed.rub.de/datasets/2716651b296359d127ce58a3ed986d0c47d65375/",
  "min_precursor_mz": "400",
  "max_precursor_mz": "1000",
  "min_fragment_mz": "50",
  "max_fragment_mz": "2000",
  "predictors_library": "{'RT': 'DIANN', 'IM': 'DIANN', 'MS2_int': 'DIANN'}",
  "scan_window": "6"
}