{
  "old_new": "new",
  "id": "DIA-NN_20251027_104249",
  "software_name": "DIA-NN",
  "software_version": "1.9.2",
  "search_engine": "DIA-NN",
  "search_engine_version": "1.9.2",
  "ident_fdr_psm": 0.01,
  "ident_fdr_peptide": NaN,
  "ident_fdr_protein": NaN,
  "enable_match_between_runs": true,
  "precursor_mass_tolerance": "[-2.42372 ppm, 2.42372 ppm]",
  "fragment_mass_tolerance": "[-8.32578 ppm, 8.32578 ppm]",
  "enzyme": "Trypsin/P",
  "allowed_miscleavages": 1,
  "min_peptide_length": 6,
  "max_peptide_length": 30,
  "is_temporary": false,
  "intermediate_hash": "2716651b296359d127ce58a3ed986d0c47d65375",
  "results": {
    "6": {
      "median_abs_epsilon_global": 0.174671773563027,
      "median_abs_epsilon_eq_species": 0.1819556272215858,
      "median_abs_epsilon_ECOLI": 0.18700729640443647,
      "median_abs_epsilon_HUMAN": 0.17026205758742563,
      "median_abs_epsilon_YEAST": 0.18859752767289528,
      "mean_abs_epsilon_global": 0.25269807946840483,
      "mean_abs_epsilon_eq_species": 0.2590000055708523,
      "mean_abs_epsilon_ECOLI": 0.26670399199124106,
      "mean_abs_epsilon_HUMAN": 0.25014621233236606,
      "mean_abs_epsilon_YEAST": 0.2601498123889497,
      "median_log2_empirical_ECOLI": -1.931604574081617,
      "median_log2_empirical_HUMAN": -0.08229611574224727,
      "median_log2_empirical_YEAST": 0.8891242554161316,
      "median_abs_epsilon_precision_global": 0.16256602619152183,
      "median_abs_epsilon_precision_eq_species": 0.16837252855127183,
      "median_abs_epsilon_precision_ECOLI": 0.1787085605003682,
      "median_abs_epsilon_precision_HUMAN": 0.16114742029256846,
      "median_abs_epsilon_precision_YEAST": 0.16526160486087882,
      "mean_log2_empirical_ECOLI": -1.9199495023432058,
      "mean_log2_empirical_HUMAN": -0.11470210122719966,
      "mean_log2_empirical_YEAST": 0.8700284580424124,
      "mean_abs_epsilon_precision_global": 0.24019536603246844,
      "mean_abs_epsilon_precision_eq_species": 0.24643479607901964,
      "mean_abs_epsilon_precision_ECOLI": 0.26014406066538975,
      "mean_abs_epsilon_precision_HUMAN": 0.23940145545164634,
      "mean_abs_epsilon_precision_YEAST": 0.23975887212002278,
      "CV_median": 0.13046632149306064,
      "CV_q75": 0.22793022970936858,
      "CV_q90": 0.3488490482726102,
      "CV_q95": 0.43638661817575847,
      "roc_auc": 0.943928919239768,
      "roc_auc_directional": 0.983291492600427,
      "nr_prec": 78111,
      "nr_prec_HUMAN": 59970,
      "nr_prec_YEAST": 15417,
      "nr_prec_ECOLI": 2724,
      "variance_epsilon_global": 0.1234436704421977
    },
    "5": {
      "median_abs_epsilon_global": 0.1929634616788647,
      "median_abs_epsilon_eq_species": 0.20705713526498867,
      "median_abs_epsilon_ECOLI": 0.22388670628482288,
      "median_abs_epsilon_HUMAN": 0.18607956515869795,
      "median_abs_epsilon_YEAST": 0.21120513435144517,
      "mean_abs_epsilon_global": 0.28408518364105506,
      "mean_abs_epsilon_eq_species": 0.30497010913783806,
      "mean_abs_epsilon_ECOLI": 0.3353061903893612,
      "mean_abs_epsilon_HUMAN": 0.27585684204681316,
      "mean_abs_epsilon_YEAST": 0.3037472949773398,
      "median_log2_empirical_ECOLI": -1.9051120507608879,
      "median_log2_empirical_HUMAN": -0.08300143103278756,
      "median_log2_empirical_YEAST": 0.8781814008861346,
      "median_abs_epsilon_precision_global": 0.18089664844440811,
      "median_abs_epsilon_precision_eq_species": 0.19473376754686425,
      "median_abs_epsilon_precision_ECOLI": 0.2163070898565005,
      "median_abs_epsilon_precision_HUMAN": 0.17625788010655263,
      "median_abs_epsilon_precision_YEAST": 0.19163633267753966,
      "mean_log2_empirical_ECOLI": -1.8636641205609774,
      "mean_log2_empirical_HUMAN": -0.11626260824600085,
      "mean_log2_empirical_YEAST": 0.849368491547461,
      "mean_abs_epsilon_precision_global": 0.2717424457606903,
      "mean_abs_epsilon_precision_eq_species": 0.29117971432366435,
      "mean_abs_epsilon_precision_ECOLI": 0.3251756299426996,
      "mean_abs_epsilon_precision_HUMAN": 0.26588660995431496,
      "mean_abs_epsilon_precision_YEAST": 0.28247690307397855,
      "CV_median": 0.14221833049482246,
      "CV_q75": 0.2517152003579398,
      "CV_q90": 0.3884028042849118,
      "CV_q95": 0.4862246205186511,
      "roc_auc": 0.9200518764262839,
      "roc_auc_directional": 0.9724392378327011,
      "nr_prec": 95127,
      "nr_prec_HUMAN": 71387,
      "nr_prec_YEAST": 19918,
      "nr_prec_ECOLI": 3822,
      "variance_epsilon_global": 0.15967829400400507
    },
    "4": {
      "median_abs_epsilon_global": 0.20909667283192235,
      "median_abs_epsilon_eq_species": 0.23923338417462206,
      "median_abs_epsilon_ECOLI": 0.28312640172980785,
      "median_abs_epsilon_HUMAN": 0.1978760248253959,
      "median_abs_epsilon_YEAST": 0.23669772596866245,
      "mean_abs_epsilon_global": 0.3169887552125001,
      "mean_abs_epsilon_eq_species": 0.362964952015109,
      "mean_abs_epsilon_ECOLI": 0.44105599476101026,
      "mean_abs_epsilon_HUMAN": 0.29959405817279805,
      "mean_abs_epsilon_YEAST": 0.34824480311151873,
      "median_log2_empirical_ECOLI": -1.8588022483494946,
      "median_log2_empirical_HUMAN": -0.08346972720674906,
      "median_log2_empirical_YEAST": 0.8651020993560117,
      "median_abs_epsilon_precision_global": 0.19771648616766235,
      "median_abs_epsilon_precision_eq_species": 0.22844521716904284,
      "median_abs_epsilon_precision_ECOLI": 0.2790244016468364,
      "median_abs_epsilon_precision_HUMAN": 0.1882100474272823,
      "median_abs_epsilon_precision_YEAST": 0.2181012024330098,
      "mean_log2_empirical_ECOLI": -1.7752467894780015,
      "mean_log2_empirical_HUMAN": -0.11954670019406856,
      "mean_log2_empirical_YEAST": 0.8250578351140693,
      "mean_abs_epsilon_precision_global": 0.3044415174441948,
      "mean_abs_epsilon_precision_eq_species": 0.34745945720605315,
      "mean_abs_epsilon_precision_ECOLI": 0.4267792939180957,
      "mean_abs_epsilon_precision_HUMAN": 0.29025713636531897,
      "mean_abs_epsilon_precision_YEAST": 0.32534194133474476,
      "CV_median": 0.14783246119785326,
      "CV_q75": 0.263185596654916,
      "CV_q90": 0.4064541015971256,
      "CV_q95": 0.5099545973734545,
      "roc_auc": 0.8968062516349433,
      "roc_auc_directional": 0.9556578379688168,
      "nr_prec": 107405,
      "nr_prec_HUMAN": 78742,
      "nr_prec_YEAST": 23558,
      "nr_prec_ECOLI": 5105,
      "variance_epsilon_global": 0.20813344290340038
    },
    "3": {
      "median_abs_epsilon_global": 0.21793859484293598,
      "median_abs_epsilon_eq_species": 0.24979139824910965,
      "median_abs_epsilon_ECOLI": 0.29275344263903236,
      "median_abs_epsilon_HUMAN": 0.20546469488312802,
      "median_abs_epsilon_YEAST": 0.25115605722516854,
      "mean_abs_epsilon_global": 0.3345237219060503,
      "mean_abs_epsilon_eq_species": 0.3830986878029363,
      "mean_abs_epsilon_ECOLI": 0.46067615670379986,
      "mean_abs_epsilon_HUMAN": 0.3143113655763969,
      "mean_abs_epsilon_YEAST": 0.3743085411286123,
      "median_log2_empirical_ECOLI": -1.8532223565454622,
      "median_log2_empirical_HUMAN": -0.08310230075215497,
      "median_log2_empirical_YEAST": 0.8575070472879922,
      "median_abs_epsilon_precision_global": 0.20665538419818663,
      "median_abs_epsilon_precision_eq_species": 0.2387471013540985,
      "median_abs_epsilon_precision_ECOLI": 0.28802872000143864,
      "median_abs_epsilon_precision_HUMAN": 0.19574216488192597,
      "median_abs_epsilon_precision_YEAST": 0.23247041917893085,
      "mean_log2_empirical_ECOLI": -1.7575303357270269,
      "mean_log2_empirical_HUMAN": -0.11748303284439583,
      "mean_log2_empirical_YEAST": 0.8101186958348223,
      "mean_abs_epsilon_precision_global": 0.3218854675024405,
      "mean_abs_epsilon_precision_eq_species": 0.36726620835241247,
      "mean_abs_epsilon_precision_ECOLI": 0.4460962246988498,
      "mean_abs_epsilon_precision_HUMAN": 0.3052106224525343,