{
  "old_new": "new",
  "id": "DIA-NN_20250605_174657",
  "software_name": "DIA-NN",
  "software_version": "1.9.2",
  "search_engine": "DIA-NN",
  "search_engine_version": "1.9.2",
  "ident_fdr_psm": "0.01",
  "ident_fdr_peptide": NaN,
  "ident_fdr_protein": NaN,
  "enable_match_between_runs": true,
  "precursor_mass_tolerance": "[-2.42372 ppm, 2.42372 ppm]",
  "fragment_mass_tolerance": "[-8.32578 ppm, 8.32578 ppm]",
  "enzyme": "Trypsin/P",
  "allowed_miscleavages": "1",
  "min_peptide_length": "6",
  "max_peptide_length": "30",
  "is_temporary": false,
  "intermediate_hash": "29f30988632ca71c66213d7e4419673ec88c09d5",
  "results": {
    "6": {
      "median_abs_epsilon": 0.17850750686549244,
      "mean_abs_epsilon": 0.286684874727667,
      "variance_epsilon": 0.21860111731765802,
      "nr_prec": 78880,
      "CV_median": 0.12610682736958112,
      "CV_q90": 0.34089899480958097,
      "CV_q75": 0.2213085432000767,
      "CV_q95": 0.432834396610307
    },
    "5": {
      "median_abs_epsilon": 0.2016770000263577,
      "mean_abs_epsilon": 0.3438653154382752,
      "variance_epsilon": 0.34399683997045993,
      "nr_prec": 95960,
      "CV_median": 0.1392365271522824,
      "CV_q90": 0.39432388701270704,
      "CV_q75": 0.24902013714676136,
      "CV_q95": 0.5251044491526022
    },
    "4": {
      "median_abs_epsilon": 0.22236068826932254,
      "mean_abs_epsilon": 0.41052682833946585,
      "variance_epsilon": 0.5414712653605046,
      "nr_prec": 108291,
      "CV_median": 0.14622655044780417,
      "CV_q90": 0.4285666518492726,
      "CV_q75": 0.26457393699108955,
      "CV_q95": 0.5984009140095741
    },
    "3": {
      "median_abs_epsilon": 0.23461951167377393,
      "mean_abs_epsilon": 0.4569727999732674,
      "variance_epsilon": 0.7150577782600684,
      "nr_prec": 117889,
      "CV_median": 0.15014906415137153,
      "CV_q90": 0.45149535515273775,
      "CV_q75": 0.2737730097491595,
      "CV_q95": 0.65228748044393
    },
    "2": {
      "median_abs_epsilon": 0.23950102171404986,
      "mean_abs_epsilon": 0.47814718545307583,
      "variance_epsilon": 0.8091686447356669,
      "nr_prec": 123622,
      "CV_median": 0.15142726355773467,
      "CV_q90": 0.46132882647267043,
      "CV_q75": 0.2772423635674486,
      "CV_q95": 0.679724046281178
    },
    "1": {
      "median_abs_epsilon": 0.23950102171404986,
      "mean_abs_epsilon": 0.4781471854530757,
      "variance_epsilon": 0.809168644735667,
      "nr_prec": 126769,
      "CV_median": 0.15142726355773467,
      "CV_q90": 0.46132882647267043,
      "CV_q75": 0.2772423635674486,
      "CV_q95": 0.679724046281178
    }
  },
  "median_abs_epsilon": 0.23461951167377393,
  "mean_abs_epsilon": 0.4569727999732674,
  "nr_prec": 117889,
  "comments": "",
  "proteobench_version": "0.8.19",
  "color": "#8c564b",
  "hover_text": "ProteoBench ID: DIA-NN_20250605_174657<br>Software tool: DIA-NN <br>Comment (private submission): ...",
  "scatter_size": 20,
  "fixed_mods": "unimod4",
  "variable_mods": "UniMod:35/15.994915/M,UniMod:1/42.010565/*n",
  "max_mods": "1",
  "min_precursor_charge": "1",
  "max_precursor_charge": "4",
  "quantification_method": "QuantUMS high-accuracy",
  "protein_inference": "Genes",
  "abundance_normalization_ions": null,
  "submission_comments": "\n\n ### Parameter changes detected:\n- **ident_fdr_protein**: `None` \u2192 `nan`\n- **ident_fdr_peptide**: `None` \u2192 `nan`\n\nDataset URL: https://proteobench.cubimed.rub.de/datasets/29f30988632ca71c66213d7e4419673ec88c09d5/"
}