{
  "old_new": "new",
  "id": "DIA-NN_20250605_175034",
  "software_name": "DIA-NN",
  "software_version": "1.9.2",
  "search_engine": "DIA-NN",
  "search_engine_version": "1.9.2",
  "ident_fdr_psm": "0.01",
  "ident_fdr_peptide": NaN,
  "ident_fdr_protein": NaN,
  "enable_match_between_runs": true,
  "precursor_mass_tolerance": "[-2.42372 ppm, 2.42372 ppm]",
  "fragment_mass_tolerance": "[-8.32578 ppm, 8.32578 ppm]",
  "enzyme": "Trypsin/P",
  "allowed_miscleavages": "1",
  "min_peptide_length": "6",
  "max_peptide_length": "30",
  "is_temporary": false,
  "intermediate_hash": "2db7d789705e1472baec247bf97bd4900fdc2f52",
  "results": {
    "6": {
      "median_abs_epsilon": 0.17714917529627527,
      "mean_abs_epsilon": 0.284282146673331,
      "variance_epsilon": 0.2156076100197225,
      "nr_prec": 78880,
      "CV_median": 0.12526912940206197,
      "CV_q90": 0.33717517305599776,
      "CV_q75": 0.21896266681094317,
      "CV_q95": 0.4294190219045873
    },
    "5": {
      "median_abs_epsilon": 0.19973252307485723,
      "mean_abs_epsilon": 0.3415130450771497,
      "variance_epsilon": 0.3409627969273968,
      "nr_prec": 95960,
      "CV_median": 0.13829572635628276,
      "CV_q90": 0.39083280090889894,
      "CV_q75": 0.24659842002888505,
      "CV_q95": 0.5225182938508528
    },
    "4": {
      "median_abs_epsilon": 0.22040725121924964,
      "mean_abs_epsilon": 0.4082369625019064,
      "variance_epsilon": 0.5383275676269843,
      "nr_prec": 108291,
      "CV_median": 0.14512413226461823,
      "CV_q90": 0.4253374372348303,
      "CV_q75": 0.2619455818104419,
      "CV_q95": 0.5946343267991847
    },
    "3": {
      "median_abs_epsilon": 0.23237892279182049,
      "mean_abs_epsilon": 0.4547161986551067,
      "variance_epsilon": 0.7119232901206258,
      "nr_prec": 117889,
      "CV_median": 0.14906164219158002,
      "CV_q90": 0.44815228176266964,
      "CV_q75": 0.27073699147718433,
      "CV_q95": 0.6499173537001679
    },
    "2": {
      "median_abs_epsilon": 0.23717037379464045,
      "mean_abs_epsilon": 0.47591589551474234,
      "variance_epsilon": 0.8060609951817365,
      "nr_prec": 123622,
      "CV_median": 0.15036562936939105,
      "CV_q90": 0.45777531885276374,
      "CV_q75": 0.27415876301592856,
      "CV_q95": 0.6775217514802552
    },
    "1": {
      "median_abs_epsilon": 0.23717037379464045,
      "mean_abs_epsilon": 0.47591589551474234,
      "variance_epsilon": 0.8060609951817367,
      "nr_prec": 126769,
      "CV_median": 0.15036562936939105,
      "CV_q90": 0.45777531885276374,
      "CV_q75": 0.27415876301592856,
      "CV_q95": 0.6775217514802552
    }
  },
  "median_abs_epsilon": 0.23237892279182049,
  "mean_abs_epsilon": 0.4547161986551067,
  "nr_prec": 117889,
  "comments": "",
  "proteobench_version": "0.8.19",
  "color": "#8c564b",
  "hover_text": "ProteoBench ID: DIA-NN_20250605_175034<br>Software tool: DIA-NN <br>Comment (private submission): ...",
  "scatter_size": 20,
  "fixed_mods": "unimod4",
  "variable_mods": "UniMod:35/15.994915/M,UniMod:1/42.010565/*n",
  "max_mods": "1",
  "min_precursor_charge": "1",
  "max_precursor_charge": "4",
  "quantification_method": "QuantUMS high-precision",
  "protein_inference": "Genes",
  "abundance_normalization_ions": null,
  "submission_comments": "\n\n ### Parameter changes detected:\n- **ident_fdr_protein**: `None` \u2192 `nan`\n- **ident_fdr_peptide**: `None` \u2192 `nan`\n\nDataset URL: https://proteobench.cubimed.rub.de/datasets/2db7d789705e1472baec247bf97bd4900fdc2f52/"
}