{
  "old_new": "new",
  "id": "DIA-NN_20250626_092915",
  "software_name": "DIA-NN",
  "software_version": "1.9.2",
  "search_engine": "DIA-NN",
  "search_engine_version": "1.9.2",
  "ident_fdr_psm": "0.01",
  "ident_fdr_peptide": NaN,
  "ident_fdr_protein": "0.01",
  "enable_match_between_runs": true,
  "precursor_mass_tolerance": "[-2.31639 ppm, 2.31639 ppm]",
  "fragment_mass_tolerance": "[-8.45298 ppm, 8.45298 ppm]",
  "enzyme": "K*,R*,!",
  "allowed_miscleavages": "1",
  "min_peptide_length": "6",
  "max_peptide_length": "30",
  "is_temporary": false,
  "intermediate_hash": "2e11c7b3045fe05d9ad8131acd3cb6c43bcd886c",
  "results": {
    "6": {
      "median_abs_epsilon": 0.1753596937576063,
      "mean_abs_epsilon": 0.2672104649117883,
      "variance_epsilon": 0.1553280951364104,
      "nr_prec": 79833,
      "CV_median": 0.12911221128239503,
      "CV_q75": 0.2255735917135299,
      "CV_q90": 0.34761296828962873,
      "CV_q95": 0.4351513051190685
    },
    "5": {
      "median_abs_epsilon": 0.19488622807940637,
      "mean_abs_epsilon": 0.30176034034834515,
      "variance_epsilon": 0.2005734315403137,
      "nr_prec": 96253,
      "CV_median": 0.1412802266474379,
      "CV_q75": 0.25102990612105036,
      "CV_q90": 0.38953450040686555,
      "CV_q95": 0.49060616666322265
    },
    "4": {
      "median_abs_epsilon": 0.2121129943297655,
      "mean_abs_epsilon": 0.3362289544274522,
      "variance_epsilon": 0.25553713201606093,
      "nr_prec": 107542,
      "CV_median": 0.14695977665185148,
      "CV_q75": 0.2632194783544614,
      "CV_q90": 0.41032297267305934,
      "CV_q95": 0.5174424907125571
    },
    "3": {
      "median_abs_epsilon": 0.22139488831849263,
      "mean_abs_epsilon": 0.3545934297355153,
      "variance_epsilon": 0.28452335579638965,
      "nr_prec": 116034,
      "CV_median": 0.14992759694658842,
      "CV_q75": 0.269652231743837,
      "CV_q90": 0.4212776406595298,
      "CV_q95": 0.5308640698979178
    },
    "2": {
      "median_abs_epsilon": 0.2249535616079008,
      "mean_abs_epsilon": 0.36253598137391596,
      "variance_epsilon": 0.29889709330490927,
      "nr_prec": 121035,
      "CV_median": 0.15073456329511614,
      "CV_q75": 0.27174031011122024,
      "CV_q90": 0.42516511669016677,
      "CV_q95": 0.5358437163078085
    },
    "1": {
      "median_abs_epsilon": 0.2249535616079008,
      "mean_abs_epsilon": 0.36253598137391596,
      "variance_epsilon": 0.2988970933049094,
      "nr_prec": 123664,
      "CV_median": 0.15073456329511614,
      "CV_q75": 0.27174031011122024,
      "CV_q90": 0.42516511669016677,
      "CV_q95": 0.5358437163078085
    }
  },
  "median_abs_epsilon": 0.22139488831849263,
  "mean_abs_epsilon": 0.3545934297355153,
  "nr_prec": 116034,
  "comments": "",
  "proteobench_version": "0.8.26",
  "color": "#d42f2f",
  "hover_text": "ProteoBench ID: DIA-NN_20250626_092915<br>Software tool: DIA-NN <br>Comment (private submission): ...",
  "scatter_size": 20,
  "fixed_mods": "UniMod:4",
  "variable_mods": "UniMod:35,UniMod:1",
  "max_mods": "2",
  "min_precursor_charge": "1",
  "max_precursor_charge": "4",
  "quantification_method": "Legacy (direct)",
  "protein_inference": "Genes",
  "abundance_normalization_ions": null,
  "submission_comments": "\n\n ### Parameter changes detected:\n- **ident_fdr_peptide**: `None` \u2192 `nan`\n\nDataset URL: https://proteobench.cubimed.rub.de/datasets/2e11c7b3045fe05d9ad8131acd3cb6c43bcd886c/"
}