{
  "old_new": "new",
  "id": "Spectronaut_20250522_134423",
  "software_name": "Spectronaut",
  "software_version": "19.9.250512.62635",
  "search_engine": "Spectronaut",
  "search_engine_version": "19.9.250512.62635",
  "ident_fdr_psm": "0.01",
  "ident_fdr_peptide": null,
  "ident_fdr_protein": "0.01",
  "enable_match_between_runs": false,
  "precursor_mass_tolerance": "Dynamic",
  "fragment_mass_tolerance": "Dynamic",
  "enzyme": "Trypsin/P",
  "allowed_miscleavages": "2",
  "min_peptide_length": "7",
  "max_peptide_length": "52",
  "is_temporary": false,
  "intermediate_hash": "2eb6ecaa7ea57027adfdfd5db564f0a3d536f494",
  "results": {
    "6": {
      "median_abs_epsilon": 0.20220646737927428,
      "mean_abs_epsilon": 0.3310946004125741,
      "variance_epsilon": 0.25208771437828487,
      "nr_prec": 92987,
      "CV_median": 0.15764015016602712,
      "CV_q90": 0.47982220388650165,
      "CV_q75": 0.29329336104732573,
      "CV_q95": 0.6196745148106001
    },
    "5": {
      "median_abs_epsilon": 0.22450405930032913,
      "mean_abs_epsilon": 0.375443525413059,
      "variance_epsilon": 0.3296773144810338,
      "nr_prec": 106272,
      "CV_median": 0.17224705371065646,
      "CV_q90": 0.537144148110358,
      "CV_q75": 0.32494358747594976,
      "CV_q95": 0.6877885866658405
    },
    "4": {
      "median_abs_epsilon": 0.23801670061705105,
      "mean_abs_epsilon": 0.40732289253149695,
      "variance_epsilon": 0.4005348935360055,
      "nr_prec": 113048,
      "CV_median": 0.17765933933875355,
      "CV_q90": 0.5591993149450876,
      "CV_q75": 0.3371713682798244,
      "CV_q95": 0.7145961138056511
    },
    "3": {
      "median_abs_epsilon": 0.243395217237655,
      "mean_abs_epsilon": 0.4223685031406206,
      "variance_epsilon": 0.4408257113050745,
      "nr_prec": 116818,
      "CV_median": 0.17976989119402867,
      "CV_q90": 0.5685805421934769,
      "CV_q75": 0.34254924175213497,
      "CV_q95": 0.725947233795351
    },
    "2": {
      "median_abs_epsilon": 0.24604799305205738,
      "mean_abs_epsilon": 0.4334015229162943,
      "variance_epsilon": 0.4850675500097261,
      "nr_prec": 118923,
      "CV_median": 0.18040710936824617,
      "CV_q90": 0.5717369580881428,
      "CV_q75": 0.3443694229602441,
      "CV_q95": 0.7317116095870918
    },
    "1": {
      "median_abs_epsilon": 0.24604799305205738,
      "mean_abs_epsilon": 0.4334015229162943,
      "variance_epsilon": 0.4850675500097262,
      "nr_prec": 120802,
      "CV_median": 0.18040710936824617,
      "CV_q90": 0.5717369580881428,
      "CV_q75": 0.3443694229602441,
      "CV_q95": 0.7317116095870918
    }
  },
  "median_abs_epsilon": 0.243395217237655,
  "mean_abs_epsilon": 0.4223685031406206,
  "nr_prec": 116818,
  "comments": "",
  "proteobench_version": "0.8.12",
  "color": "#bcbd22",
  "hover_text": "ProteoBench ID: Spectronaut_20250522_134423<br>Software tool: Spectronaut <br>Comment (private submission): ...",
  "scatter_size": 20,
  "fixed_mods": "Carbamidomethyl (C)",
  "variable_mods": "Acetyl (Protein N-term), Oxidation (M)",
  "max_mods": "5",
  "min_precursor_charge": null,
  "max_precursor_charge": null,
  "quantification_method": "MS2",
  "protein_inference": "IDPicker",
  "abundance_normalization_ions": "True",
  "submission_comments": "Spectronaut Astral DIA DirectDIA\n\n ### Parameter changes detected:\n- **scan_window**: `Dynamic` \u2192 `[MISSING]`\n\nDataset URL: https://proteobench.cubimed.rub.de/datasets/2eb6ecaa7ea57027adfdfd5db564f0a3d536f494/"
}