{
  "old_new": "new",
  "id": "Spectronaut_20250605_171849",
  "software_name": "Spectronaut",
  "software_version": "19.9.250512.62635",
  "search_engine": "Spectronaut",
  "search_engine_version": "19.9.250512.62635",
  "ident_fdr_psm": 0.01,
  "ident_fdr_peptide": null,
  "ident_fdr_protein": 0.01,
  "enable_match_between_runs": false,
  "precursor_mass_tolerance": "Dynamic",
  "fragment_mass_tolerance": "Dynamic",
  "enzyme": "Trypsin/P",
  "allowed_miscleavages": 2,
  "min_peptide_length": 7,
  "max_peptide_length": 52,
  "is_temporary": false,
  "intermediate_hash": "2eb6ecaa7ea57027adfdfd5db564f0a3d536f494",
  "results": {
    "6": {
      "median_abs_epsilon_global": 0.20229597318530956,
      "median_abs_epsilon_eq_species": 0.21394679268703629,
      "median_abs_epsilon_ECOLI": 0.2322008799738544,
      "median_abs_epsilon_HUMAN": 0.19876346014129442,
      "median_abs_epsilon_YEAST": 0.21087603794596,
      "mean_abs_epsilon_global": 0.33100041998245877,
      "mean_abs_epsilon_eq_species": 0.35120582018989,
      "mean_abs_epsilon_ECOLI": 0.3944984378962249,
      "mean_abs_epsilon_HUMAN": 0.32746974621844716,
      "mean_abs_epsilon_YEAST": 0.3316492764549978,
      "median_log2_empirical_ECOLI": -1.9970564959690766,
      "median_log2_empirical_HUMAN": -0.07525327246531077,
      "median_log2_empirical_YEAST": 0.9379223342456067,
      "median_abs_epsilon_precision_global": 0.19584874601595414,
      "median_abs_epsilon_precision_eq_species": 0.2097136546856914,
      "median_abs_epsilon_precision_ECOLI": 0.2328121586587022,
      "median_abs_epsilon_precision_HUMAN": 0.1923569328110859,
      "median_abs_epsilon_precision_YEAST": 0.2039718725872861,
      "mean_log2_empirical_ECOLI": -2.003659883396418,
      "mean_log2_empirical_HUMAN": -0.12286701349049928,
      "mean_log2_empirical_YEAST": 0.935253284034308,
      "mean_abs_epsilon_precision_global": 0.32546853639287476,
      "mean_abs_epsilon_precision_eq_species": 0.3473520304163708,
      "mean_abs_epsilon_precision_ECOLI": 0.39453325584763305,
      "mean_abs_epsilon_precision_HUMAN": 0.32173199618623466,
      "mean_abs_epsilon_precision_YEAST": 0.32579083921524454,
      "CV_median": 0.1579403248819366,
      "CV_q75": 0.2935963890382452,
      "CV_q90": 0.4800458138936422,
      "CV_q95": 0.619681491441856,
      "roc_auc": 0.9057057312264276,
      "roc_auc_directional": 0.9618904088859845,
      "nr_prec": 92702,
      "nr_prec_HUMAN": 70060,
      "nr_prec_YEAST": 18940,
      "nr_prec_ECOLI": 3702,
      "variance_epsilon_global": 0.2516219799293123
    },
    "5": {
      "median_abs_epsilon_global": 0.22458457086713102,
      "median_abs_epsilon_eq_species": 0.24885167077854486,
      "median_abs_epsilon_ECOLI": 0.28989241916555386,
      "median_abs_epsilon_HUMAN": 0.2171775635764872,
      "median_abs_epsilon_YEAST": 0.23948502959359352,
      "mean_abs_epsilon_global": 0.37540396477144256,
      "mean_abs_epsilon_eq_species": 0.40856702193547845,
      "mean_abs_epsilon_ECOLI": 0.4745837519118844,
      "mean_abs_epsilon_HUMAN": 0.3664335295712545,
      "mean_abs_epsilon_YEAST": 0.38468378432329653,
      "median_log2_empirical_ECOLI": -1.9822550743915865,
      "median_log2_empirical_HUMAN": -0.07809935769901877,
      "median_log2_empirical_YEAST": 0.9347767751302638,
      "median_abs_epsilon_precision_global": 0.21798083552082748,
      "median_abs_epsilon_precision_eq_species": 0.2440187260765474,
      "median_abs_epsilon_precision_ECOLI": 0.28820450218354665,
      "median_abs_epsilon_precision_HUMAN": 0.21012938722439856,
      "median_abs_epsilon_precision_YEAST": 0.233722288821697,
      "mean_log2_empirical_ECOLI": -1.9719741910699071,
      "mean_log2_empirical_HUMAN": -0.13138544590276366,
      "mean_log2_empirical_YEAST": 0.9299158610328454,
      "mean_abs_epsilon_precision_global": 0.370340152663005,
      "mean_abs_epsilon_precision_eq_species": 0.4048535411160694,
      "mean_abs_epsilon_precision_ECOLI": 0.4743741422382399,
      "mean_abs_epsilon_precision_HUMAN": 0.36126050170210056,
      "mean_abs_epsilon_precision_YEAST": 0.3789259794078679,
      "CV_median": 0.17254460469144595,
      "CV_q75": 0.3252467981167205,
      "CV_q90": 0.5373558150040665,
      "CV_q95": 0.6879936023421105,
      "roc_auc": 0.8829436289035006,
      "roc_auc_directional": 0.9469141080983308,
      "nr_prec": 105974,
      "nr_prec_HUMAN": 78451,
      "nr_prec_YEAST": 22536,
      "nr_prec_ECOLI": 4987,
      "variance_epsilon_global": 0.3292831790006039
    },
    "4": {
      "median_abs_epsilon_global": 0.23813810251034795,
      "median_abs_epsilon_eq_species": 0.27091747221693147,
      "median_abs_epsilon_ECOLI": 0.32778625671908923,
      "median_abs_epsilon_HUMAN": 0.22748211755814296,
      "median_abs_epsilon_YEAST": 0.25748404237356226,
      "mean_abs_epsilon_global": 0.4073659781291573,
      "mean_abs_epsilon_eq_species": 0.4559704994998384,
      "mean_abs_epsilon_ECOLI": 0.554452031670231,
      "mean_abs_epsilon_HUMAN": 0.39282833382775945,
      "mean_abs_epsilon_YEAST": 0.4206311330015249,
      "median_log2_empirical_ECOLI": -1.9621080405457612,
      "median_log2_empirical_HUMAN": -0.07909671923032846,
      "median_log2_empirical_YEAST": 0.9314693462892265,
      "median_abs_epsilon_precision_global": 0.23163598241296413,
      "median_abs_epsilon_precision_eq_species": 0.2680947196953114,
      "median_abs_epsilon_precision_ECOLI": 0.3318025589830986,
      "median_abs_epsilon_precision_HUMAN": 0.2202798575562741,
      "median_abs_epsilon_precision_YEAST": 0.25220174254656147,
      "mean_log2_empirical_ECOLI": -1.9278095251610072,
      "mean_log2_empirical_HUMAN": -0.13582232508147982,
      "mean_log2_empirical_YEAST": 0.922548879619023,
      "mean_abs_epsilon_precision_global": 0.40260733671104587,
      "mean_abs_epsilon_precision_eq_species": 0.4523655532435342,
      "mean_abs_epsilon_precision_ECOLI": 0.5543902709663497,
      "mean_abs_epsilon_precision_HUMAN": 0.3881100449466888,
      "mean_abs_epsilon_precision_YEAST": 0.4145963438175642,
      "CV_median": 0.17793815578617375,
      "CV_q75": 0.337555738068504,
      "CV_q90": 0.5593493958186122,
      "CV_q95": 0.7147971134978139,
      "roc_auc": 0.8679201521542801,
      "roc_auc_directional": 0.932567723397312,
      "nr_prec": 112739,
      "nr_prec_HUMAN": 82356,
      "nr_prec_YEAST": 24448,
      "nr_prec_ECOLI": 5935,
      "variance_epsilon_global": 0.40034243279286946
    },
    "3": {
      "median_abs_epsilon_global": 0.24356767916470146,
      "median_abs_epsilon_eq_species": 0.2779184273500972,
      "median_abs_epsilon_ECOLI": 0.33644863104119427,
      "median_abs_epsilon_HUMAN": 0.23186370361175435,
      "median_abs_epsilon_YEAST": 0.265442947397343,
      "mean_abs_epsilon_global": 0.4224213886432793,
      "mean_abs_epsilon_eq_species": 0.47116289460008626,
      "mean_abs_epsilon_ECOLI": 0.5675824191399171,
      "mean_abs_epsilon_HUMAN": 0.40697720114286556,
      "mean_abs_epsilon_YEAST": 0.43892906351747607,
      "median_log2_empirical_ECOLI": -1.9585447826470075,
      "median_log2_empirical_HUMAN": -0.0791671122607589,
      "median_log2_empirical_YEAST": 0.9292875762053026,
      "median_abs_epsilon_precision_global": 0.2373376392843305,
      "median_abs_epsilon_precision_eq_species": 0.27487113087121323,
      "median_abs_epsilon_precision_ECOLI": 0.3395433205923615,
      "median_abs_epsilon_precision_HUMAN": 0.22507115199356598,
      "median_abs_epsilon_precision_YEAST": 0.2599989200277122,
      "mean_log2_empirical_ECOLI": -1.9147875685475233,
      "mean_log2_empirical_HUMAN": -0.13572475131723105,
      "mean_log2_empirical_YEAST": 0.9152321134550442,
      "mean_abs_epsilon_precision_global": 0.41766966238169395,
      "mean_abs_epsilon_precision_eq_species": 0.46763450623691455,
      "mean_abs_epsilon_precision_ECOLI": 0.5678342859913695,
      "mean_abs_epsilon_precision_HUMAN": 0.40227905514933043,