{
  "old_new": "new",
  "id": "DIA-NN_20250717_120125",
  "software_name": "DIA-NN",
  "software_version": "2.2.0 Academia ",
  "search_engine": "DIA-NN",
  "search_engine_version": "2.2.0 Academia ",
  "ident_fdr_psm": "0.01",
  "ident_fdr_peptide": NaN,
  "ident_fdr_protein": NaN,
  "enable_match_between_runs": true,
  "precursor_mass_tolerance": "[-2.5 ppm, 2.5 ppm]",
  "fragment_mass_tolerance": "[-6 ppm, 6 ppm]",
  "enzyme": "Trypsin/P",
  "allowed_miscleavages": "1",
  "min_peptide_length": "6",
  "max_peptide_length": "30",
  "is_temporary": false,
  "intermediate_hash": "308014957f78e2c5911a4af757b9efe26d3bf99b",
  "results": {
    "6": {
      "median_abs_epsilon": 0.180908203125,
      "mean_abs_epsilon": 0.27598194073737914,
      "variance_epsilon": 0.17210610498292836,
      "nr_prec": 86147,
      "CV_median": 0.1311928850833821,
      "CV_q75": 0.22803522317633843,
      "CV_q90": 0.3469522181893576,
      "CV_q95": 0.43481531707340515
    },
    "5": {
      "median_abs_epsilon": 0.20021820068359375,
      "mean_abs_epsilon": 0.3097068332555098,
      "variance_epsilon": 0.22201620615249698,
      "nr_prec": 102587,
      "CV_median": 0.14271595684934005,
      "CV_q75": 0.25068860505780566,
      "CV_q90": 0.38542404971763344,
      "CV_q95": 0.4870497309790231
    },
    "4": {
      "median_abs_epsilon": 0.21672534942626953,
      "mean_abs_epsilon": 0.3466992519898927,
      "variance_epsilon": 0.2934940922103479,
      "nr_prec": 114544,
      "CV_median": 0.1484093178180667,
      "CV_q75": 0.2622596628427538,
      "CV_q90": 0.4060468515623926,
      "CV_q95": 0.5153489299482553
    },
    "3": {
      "median_abs_epsilon": 0.2261333465576172,
      "mean_abs_epsilon": 0.3692161356560556,
      "variance_epsilon": 0.3492603110478135,
      "nr_prec": 124262,
      "CV_median": 0.15173412363131322,
      "CV_q75": 0.269225892690782,
      "CV_q90": 0.4189196418445632,
      "CV_q95": 0.5328859415764988
    },
    "2": {
      "median_abs_epsilon": 0.23061561584472656,
      "mean_abs_epsilon": 0.38220791743900034,
      "variance_epsilon": 0.39660536574713967,
      "nr_prec": 130446,
      "CV_median": 0.15277171458794273,
      "CV_q75": 0.2716078139206264,
      "CV_q90": 0.42361676643136925,
      "CV_q95": 0.5408102516897544
    },
    "1": {
      "median_abs_epsilon": 0.23061561584472656,
      "mean_abs_epsilon": 0.38220791743900034,
      "variance_epsilon": 0.39660536574713956,
      "nr_prec": 134226,
      "CV_median": 0.15277171458794273,
      "CV_q75": 0.2716078139206264,
      "CV_q90": 0.42361676643136925,
      "CV_q95": 0.5408102516897544
    }
  },
  "median_abs_epsilon": 0.2261333465576172,
  "mean_abs_epsilon": 0.3692161356560556,
  "nr_prec": 124262,
  "comments": "",
  "proteobench_version": "0.8.29",
  "color": "#d42f2f",
  "hover_text": "ProteoBench ID: DIA-NN_20250717_120125<br>Software tool: DIA-NN <br>Comment (private submission): ...",
  "scatter_size": 20,
  "fixed_mods": "unimod4",
  "variable_mods": "UniMod:35/15.994915/M,UniMod:1/42.010565/*n,UniMod:21/79.966331/STY,UniMod:121/114.042927/K",
  "max_mods": "1",
  "min_precursor_charge": "1",
  "max_precursor_charge": "5",
  "quantification_method": "QuantUMS high-precision",
  "protein_inference": "Genes",
  "abundance_normalization_ions": null,
  "submission_comments": "\n\n ### Parameter changes detected:\n- **ident_fdr_peptide**: `None` \u2192 `nan`\n- **ident_fdr_protein**: `None` \u2192 `nan`\n\nDataset URL: https://proteobench.cubimed.rub.de/datasets/308014957f78e2c5911a4af757b9efe26d3bf99b/"
}