{
  "old_new": "new",
  "id": "FragPipe (DIA-NN quant)_20250704_132452",
  "software_name": "FragPipe (DIA-NN quant)",
  "software_version": "23.0",
  "search_engine": "MSFragger",
  "search_engine_version": "4.3",
  "ident_fdr_psm": "0.01",
  "ident_fdr_peptide": null,
  "ident_fdr_protein": "0.01",
  "enable_match_between_runs": false,
  "precursor_mass_tolerance": "[-20 ppm, 20 ppm]",
  "fragment_mass_tolerance": "[-20 ppm, 20 ppm]",
  "enzyme": "Trypsin",
  "allowed_miscleavages": "1",
  "min_peptide_length": "6",
  "max_peptide_length": "30",
  "is_temporary": false,
  "intermediate_hash": "34727d7915086fe2ee770e8fd5082020dcb49620",
  "results": {
    "6": {
      "median_abs_epsilon": 0.17072792891752453,
      "mean_abs_epsilon": 0.26545938790149776,
      "variance_epsilon": 0.15960001672198273,
      "nr_prec": 70994,
      "CV_median": 0.1201670525247997,
      "CV_q75": 0.20992718009904338,
      "CV_q90": 0.328487694306818,
      "CV_q95": 0.41494839982973053
    },
    "5": {
      "median_abs_epsilon": 0.18622025123387953,
      "mean_abs_epsilon": 0.29598410654314644,
      "variance_epsilon": 0.201889094567599,
      "nr_prec": 82408,
      "CV_median": 0.12864762932379703,
      "CV_q75": 0.2288625946801126,
      "CV_q90": 0.3611223574642266,
      "CV_q95": 0.45826112206709635
    },
    "4": {
      "median_abs_epsilon": 0.19798157960502127,
      "mean_abs_epsilon": 0.32426312621155473,
      "variance_epsilon": 0.2517205317628739,
      "nr_prec": 88338,
      "CV_median": 0.13196158043935063,
      "CV_q75": 0.23647394202795657,
      "CV_q90": 0.3744476259605534,
      "CV_q95": 0.4772539346109621
    },
    "3": {
      "median_abs_epsilon": 0.2023643100984014,
      "mean_abs_epsilon": 0.33502849518788413,
      "variance_epsilon": 0.2691639362123725,
      "nr_prec": 92097,
      "CV_median": 0.1333556211226988,
      "CV_q75": 0.23983426496796012,
      "CV_q90": 0.38095223779623644,
      "CV_q95": 0.48611088294074656
    },
    "2": {
      "median_abs_epsilon": 0.20404601415658785,
      "mean_abs_epsilon": 0.3394652321996633,
      "variance_epsilon": 0.2772926650569482,
      "nr_prec": 93906,
      "CV_median": 0.13367390306920907,
      "CV_q75": 0.2407624390521611,
      "CV_q90": 0.38269077180098,
      "CV_q95": 0.48874966206690823
    },
    "1": {
      "median_abs_epsilon": 0.20404601415658785,
      "mean_abs_epsilon": 0.3394652321996634,
      "variance_epsilon": 0.2772926650569482,
      "nr_prec": 94810,
      "CV_median": 0.13367390306920907,
      "CV_q75": 0.2407624390521611,
      "CV_q90": 0.38269077180098,
      "CV_q95": 0.48874966206690823
    }
  },
  "median_abs_epsilon": 0.2023643100984014,
  "mean_abs_epsilon": 0.33502849518788413,
  "nr_prec": 92097,
  "comments": "",
  "proteobench_version": "0.8.28",
  "color": "#F89008",
  "hover_text": "ProteoBench ID: FragPipe (DIA-NN quant)_20250704_132452<br>Software tool: FragPipe (DIA-NN quant) <br>Comment (private submission): ...",
  "scatter_size": 20,
  "fixed_mods": "0.0,C-Term Peptide,true,-1; 0.0,N-Term Peptide,true,-1; 0.0,C-Term Protein,true,-1; 0.0,N-Term Protein,true,-1; 0.0,G (glycine),true,-1; 0.0,A (alanine),true,-1; 0.0,S (serine),true,-1; 0.0,P (proline),true,-1; 0.0,V (valine),true,-1; 0.0,T (threonine),true,-1; 57.02146,C (cysteine),true,-1; 0.0,L (leucine),true,-1; 0.0,I (isoleucine),true,-1; 0.0,N (asparagine),true,-1; 0.0,D (aspartic acid),true,-1; 0.0,Q (glutamine),true,-1; 0.0,K (lysine),true,-1; 0.0,E (glutamic acid),true,-1; 0.0,M (methionine),true,-1; 0.0,H (histidine),true,-1; 0.0,F (phenylalanine),true,-1; 0.0,R (arginine),true,-1; 0.0,Y (tyrosine),true,-1; 0.0,W (tryptophan),true,-1; 0.0,B ,true,-1; 0.0,J,true,-1; 0.0,O,true,-1; 0.0,U,true,-1; 0.0,X,true,-1; 0.0,Z,true,-1",
  "variable_mods": "15.9949,M,true,1; 42.0106,[^,true,1; 79.96633,STY,false,3; -17.0265,nQnC,false,1; -18.0106,nE,false,1; 0.0,site_06,false,1; 0.0,site_07,false,1; 0.0,site_08,false,1; 0.0,site_09,false,1; 0.0,site_10,false,1; 0.0,site_11,false,1; 0.0,site_12,false,1; 0.0,site_13,false,1; 0.0,site_14,false,1; 0.0,site_15,false,1; 0.0,site_16,false,1",
  "max_mods": "1",
  "min_precursor_charge": "1",
  "max_precursor_charge": null,
  "quantification_method": "Robust LC (high accuracy)",
  "protein_inference": "ProteinProphet: --maxppmdiff 2000000 --minprob 0.5",
  "abundance_normalization_ions": null,
  "submission_comments": "\n\n ### No parameter changes detected. \n\n\nDataset URL: https://proteobench.cubimed.rub.de/datasets/34727d7915086fe2ee770e8fd5082020dcb49620/"
}