{
  "old_new": "new",
  "id": "DIA-NN_20260309_104842",
  "software_name": "DIA-NN",
  "software_version": "2.2.0 Academia ",
  "search_engine": "DIA-NN",
  "search_engine_version": "2.2.0 Academia ",
  "ident_fdr_psm": 0.01,
  "ident_fdr_peptide": NaN,
  "ident_fdr_protein": NaN,
  "enable_match_between_runs": false,
  "precursor_mass_tolerance": "[-2.8 ppm, 2.8 ppm]",
  "fragment_mass_tolerance": "[-6 ppm, 6 ppm]",
  "enzyme": "Trypsin/P",
  "allowed_miscleavages": 1,
  "min_peptide_length": 6,
  "max_peptide_length": 30,
  "is_temporary": false,
  "intermediate_hash": "36e6a1df0719e0392ba4379b28cf48b3af690d48",
  "results": {
    "6": {
      "median_abs_epsilon_global": 0.1523876190185547,
      "median_abs_epsilon_eq_species": 0.16141605377197266,
      "median_abs_epsilon_ECOLI": 0.1805095672607422,
      "median_abs_epsilon_HUMAN": 0.15118122100830078,
      "median_abs_epsilon_YEAST": 0.152557373046875,
      "mean_abs_epsilon_global": 0.2192817710514282,
      "mean_abs_epsilon_eq_species": 0.22602364197266336,
      "mean_abs_epsilon_ECOLI": 0.241613772667123,
      "mean_abs_epsilon_HUMAN": 0.21874677841355072,
      "mean_abs_epsilon_YEAST": 0.21771037483731634,
      "median_log2_empirical_ECOLI": -1.9108800888061523,
      "median_log2_empirical_HUMAN": 0.0144195556640625,
      "median_log2_empirical_YEAST": 1.023611068725586,
      "median_abs_epsilon_precision_global": 0.14977455139160156,
      "median_abs_epsilon_precision_eq_species": 0.15423043568929037,
      "median_abs_epsilon_precision_ECOLI": 0.16368579864501953,
      "median_abs_epsilon_precision_HUMAN": 0.14931106567382812,
      "median_abs_epsilon_precision_YEAST": 0.14969444274902344,
      "mean_log2_empirical_ECOLI": -1.9074546908041035,
      "mean_log2_empirical_HUMAN": -0.02011109310276709,
      "mean_log2_empirical_YEAST": 1.0101381112099397,
      "mean_abs_epsilon_precision_global": 0.2201310208905504,
      "mean_abs_epsilon_precision_eq_species": 0.22211543808410958,
      "mean_abs_epsilon_precision_ECOLI": 0.22881724434394443,
      "mean_abs_epsilon_precision_HUMAN": 0.22053166146455344,
      "mean_abs_epsilon_precision_YEAST": 0.21699740844383092,
      "CV_median": 0.1163189602142865,
      "CV_q75": 0.1976712893972296,
      "CV_q90": 0.2975448298857527,
      "CV_q95": 0.370148322925027,
      "roc_auc": 0.9746856101668693,
      "roc_auc_directional": 0.9898320951569399,
      "nr_prec": 64775,
      "nr_prec_HUMAN": 50516,
      "nr_prec_YEAST": 12191,
      "nr_prec_ECOLI": 2068,
      "variance_epsilon_global": 0.10470040224014347
    },
    "5": {
      "median_abs_epsilon_global": 0.16695404052734375,
      "median_abs_epsilon_eq_species": 0.18085702260335287,
      "median_abs_epsilon_ECOLI": 0.20611000061035156,
      "median_abs_epsilon_HUMAN": 0.16400146484375,
      "median_abs_epsilon_YEAST": 0.17245960235595703,
      "mean_abs_epsilon_global": 0.2439666096767624,
      "mean_abs_epsilon_eq_species": 0.2613121208758506,
      "mean_abs_epsilon_ECOLI": 0.2946193189587273,
      "mean_abs_epsilon_HUMAN": 0.24031218388244122,
      "mean_abs_epsilon_YEAST": 0.24900485978638331,
      "median_log2_empirical_ECOLI": -1.8818531036376953,
      "median_log2_empirical_HUMAN": 0.014341354370117188,
      "median_log2_empirical_YEAST": 1.009572982788086,
      "median_abs_epsilon_precision_global": 0.16485214233398438,
      "median_abs_epsilon_precision_eq_species": 0.17518901824951172,
      "median_abs_epsilon_precision_ECOLI": 0.1916055679321289,
      "median_abs_epsilon_precision_HUMAN": 0.16213417053222656,
      "median_abs_epsilon_precision_YEAST": 0.1718273162841797,
      "mean_log2_empirical_ECOLI": -1.8523071787803838,
      "mean_log2_empirical_HUMAN": -0.019699393534461263,
      "mean_log2_empirical_YEAST": 0.9811578026219571,
      "mean_abs_epsilon_precision_global": 0.24477757679504367,
      "mean_abs_epsilon_precision_eq_species": 0.2560049065252698,
      "mean_abs_epsilon_precision_ECOLI": 0.2758481534680127,
      "mean_abs_epsilon_precision_HUMAN": 0.24192115376343235,
      "mean_abs_epsilon_precision_YEAST": 0.2502454123443642,
      "CV_median": 0.1254330139296055,
      "CV_q75": 0.21644143919093767,
      "CV_q90": 0.329470972341405,
      "CV_q95": 0.4092796455624643,
      "roc_auc": 0.959876464346952,
      "roc_auc_directional": 0.9832941256787975,
      "nr_prec": 79553,
      "nr_prec_HUMAN": 60959,
      "nr_prec_YEAST": 15764,
      "nr_prec_ECOLI": 2830,
      "variance_epsilon_global": 0.13038572674217308
    },
    "4": {
      "median_abs_epsilon_global": 0.18237781524658203,
      "median_abs_epsilon_eq_species": 0.20696449279785156,
      "median_abs_epsilon_ECOLI": 0.24833297729492188,
      "median_abs_epsilon_HUMAN": 0.1758890151977539,
      "median_abs_epsilon_YEAST": 0.1966714859008789,
      "mean_abs_epsilon_global": 0.2750918434759599,
      "mean_abs_epsilon_eq_species": 0.315622880950053,
      "mean_abs_epsilon_ECOLI": 0.39124008790958753,
      "mean_abs_epsilon_HUMAN": 0.2642244672886779,
      "mean_abs_epsilon_YEAST": 0.29140408765189346,
      "median_log2_empirical_ECOLI": -1.8362922668457031,
      "median_log2_empirical_HUMAN": 0.014461517333984375,
      "median_log2_empirical_YEAST": 0.9940814971923828,
      "median_abs_epsilon_precision_global": 0.18192481994628906,
      "median_abs_epsilon_precision_eq_species": 0.20380163192749023,
      "median_abs_epsilon_precision_ECOLI": 0.238861083984375,
      "median_abs_epsilon_precision_HUMAN": 0.17505216598510742,
      "median_abs_epsilon_precision_YEAST": 0.19749164581298828,
      "mean_log2_empirical_ECOLI": -1.7479334374321382,
      "mean_log2_empirical_HUMAN": -0.019709101311655323,
      "mean_log2_empirical_YEAST": 0.9473787993549271,
      "mean_abs_epsilon_precision_global": 0.27592701202627085,
      "mean_abs_epsilon_precision_eq_species": 0.308958180950551,
      "mean_abs_epsilon_precision_ECOLI": 0.3662952214190073,
      "mean_abs_epsilon_precision_HUMAN": 0.2657477937300252,
      "mean_abs_epsilon_precision_YEAST": 0.2948315277026204,
      "CV_median": 0.13106028574364248,
      "CV_q75": 0.22787689411291884,
      "CV_q90": 0.34804371769804243,
      "CV_q95": 0.4355188480537051,
      "roc_auc": 0.9382985863413962,
      "roc_auc_directional": 0.968562572695491,
      "nr_prec": 92278,
      "nr_prec_HUMAN": 69274,
      "nr_prec_YEAST": 19222,
      "nr_prec_ECOLI": 3782,
      "variance_epsilon_global": 0.1713360262951356
    },
    "3": {
      "median_abs_epsilon_global": 0.19584083557128906,
      "median_abs_epsilon_eq_species": 0.2208719253540039,
      "median_abs_epsilon_ECOLI": 0.26137733459472656,
      "median_abs_epsilon_HUMAN": 0.18865013122558594,
      "median_abs_epsilon_YEAST": 0.21258831024169922,
      "mean_abs_epsilon_global": 0.3007683407632977,
      "mean_abs_epsilon_eq_species": 0.34328563007690543,
      "mean_abs_epsilon_ECOLI": 0.41924003633393986,
      "mean_abs_epsilon_HUMAN": 0.288763538879438,
      "mean_abs_epsilon_YEAST": 0.3218533150173386,
      "median_log2_empirical_ECOLI": -1.821913719177246,
      "median_log2_empirical_HUMAN": 0.01512908935546875,
      "median_log2_empirical_YEAST": 0.9847407341003418,
      "median_abs_epsilon_precision_global": 0.19451189041137695,
      "median_abs_epsilon_precision_eq_species": 0.21741644541422525,
      "median_abs_epsilon_precision_ECOLI": 0.25017452239990234,
      "median_abs_epsilon_precision_HUMAN": 0.18730545043945312,
      "median_abs_epsilon_precision_YEAST": 0.2147693634033203,
      "mean_log2_empirical_ECOLI": -1.7192633335314198,
      "mean_log2_empirical_HUMAN": -0.016287638825997482,
      "mean_log2_empirical_YEAST": 0.9252077284132599,
      "mean_abs_epsilon_precision_global": 0.30158395659518666,
      "mean_abs_epsilon_precision_eq_species": 0.3366953477580692,
      "mean_abs_epsilon_precision_ECOLI": 0.3938329076051284,
      "mean_abs_epsilon_precision_HUMAN": 0.28990847450027024,