{
  "id": "AlphaDIA_20260710_112655",
  "software_name": "AlphaDIA",
  "software_version": "2.1.1",
  "search_engine": "AlphaDIA",
  "search_engine_version": "nan",
  "ident_fdr_psm": "0.01",
  "ident_fdr_peptide": "nan",
  "ident_fdr_protein": "0.01",
  "enable_match_between_runs": false,
  "precursor_mass_tolerance": "[-3 ppm, 3 ppm]",
  "fragment_mass_tolerance": "[-10 ppm, 10 ppm]",
  "enzyme": "Trypsin/P",
  "allowed_miscleavages": "1",
  "min_peptide_length": "6",
  "max_peptide_length": "30",
  "is_temporary": false,
  "intermediate_hash": "39dad6944c982c86f0566488fc2f0737ba1ebb84",
  "results": {
    "6": {
      "median_abs_epsilon_global": 0.16442521413167288,
      "median_abs_epsilon_eq_species": 0.18410894605848474,
      "median_abs_epsilon_ECOLI": 0.19651285807291607,
      "median_abs_epsilon_HUMAN": 0.15551948547363192,
      "median_abs_epsilon_YEAST": 0.20029449462890625,
      "mean_abs_epsilon_global": 0.25703935640036507,
      "mean_abs_epsilon_eq_species": 0.27606544255786236,
      "mean_abs_epsilon_ECOLI": 0.28188090331814386,
      "mean_abs_epsilon_HUMAN": 0.2459933164445061,
      "mean_abs_epsilon_YEAST": 0.3003221079109372,
      "median_log2_empirical_ECOLI": -1.8767859141031913,
      "median_log2_empirical_HUMAN": -0.07561874389648526,
      "median_log2_empirical_YEAST": 0.8213094075520839,
      "median_abs_epsilon_precision_global": 0.16001224517822177,
      "median_abs_epsilon_precision_eq_species": 0.16945436265733468,
      "median_abs_epsilon_precision_ECOLI": 0.18440945943196674,
      "median_abs_epsilon_precision_HUMAN": 0.15753428141275982,
      "median_abs_epsilon_precision_YEAST": 0.16641934712727746,
      "mean_log2_empirical_ECOLI": -1.844948560429657,
      "mean_log2_empirical_HUMAN": -0.14455435280957907,
      "mean_log2_empirical_YEAST": 0.7449957173757048,
      "mean_abs_epsilon_precision_global": 0.2454490113301478,
      "mean_abs_epsilon_precision_eq_species": 0.25299093858788824,
      "mean_abs_epsilon_precision_ECOLI": 0.26190066559922404,
      "mean_abs_epsilon_precision_HUMAN": 0.2427653604175139,
      "mean_abs_epsilon_precision_YEAST": 0.2543067897469268,
      "CV_median": 0.10301673401221276,
      "CV_q75": 0.17055309488231052,
      "CV_q90": 0.254795750638457,
      "CV_q95": 0.3157414930318,
      "variance_epsilon_global": 0.15279898251487328,
      "nr_feature": 51262,
      "roc_auc": 0.9305300732458861
    },
    "5": {
      "median_abs_epsilon_global": 0.17376836140950402,
      "median_abs_epsilon_eq_species": 0.20869795481363904,
      "median_abs_epsilon_ECOLI": 0.24481582641601562,
      "median_abs_epsilon_HUMAN": 0.1613898277282706,
      "median_abs_epsilon_YEAST": 0.21988821029663086,
      "mean_abs_epsilon_global": 0.2693533320935436,
      "mean_abs_epsilon_eq_species": 0.3037516507935802,
      "mean_abs_epsilon_ECOLI": 0.33286125763276136,
      "mean_abs_epsilon_HUMAN": 0.2528724359575273,
      "mean_abs_epsilon_YEAST": 0.325521258790452,
      "median_log2_empirical_ECOLI": -1.8213389714558925,
      "median_log2_empirical_HUMAN": -0.06636603673299124,
      "median_log2_empirical_YEAST": 0.8035618464152021,
      "median_abs_epsilon_precision_global": 0.169113477071126,
      "median_abs_epsilon_precision_eq_species": 0.1841089990403916,
      "median_abs_epsilon_precision_ECOLI": 0.20756626129150213,
      "median_abs_epsilon_precision_HUMAN": 0.1641710599263524,
      "median_abs_epsilon_precision_YEAST": 0.1805896759033203,
      "mean_log2_empirical_ECOLI": -1.7745218092104504,
      "mean_log2_empirical_HUMAN": -0.13284140398476382,
      "mean_log2_empirical_YEAST": 0.7242831569999956,
      "mean_abs_epsilon_precision_global": 0.25726799536746053,
      "mean_abs_epsilon_precision_eq_species": 0.27283927408296205,
      "mean_abs_epsilon_precision_ECOLI": 0.2928521583999553,
      "mean_abs_epsilon_precision_HUMAN": 0.25166657360018996,
      "mean_abs_epsilon_precision_YEAST": 0.2739990902487409,
      "CV_median": 0.10737237876925484,
      "CV_q75": 0.18150625145973692,
      "CV_q90": 0.2746069669169,
      "CV_q95": 0.3428497903716725,
      "variance_epsilon_global": 0.16316681744045086,
      "nr_feature": 65595,
      "roc_auc": 0.9165242937671219
    },
    "4": {
      "median_abs_epsilon_global": 0.18819697697957327,
      "median_abs_epsilon_eq_species": 0.24052619934082,
      "median_abs_epsilon_ECOLI": 0.30167579650878906,
      "median_abs_epsilon_HUMAN": 0.1721480687459307,
      "median_abs_epsilon_YEAST": 0.2477547327677403,
      "mean_abs_epsilon_global": 0.2910480209101345,
      "mean_abs_epsilon_eq_species": 0.35128659690035824,
      "mean_abs_epsilon_ECOLI": 0.42865983579145867,
      "mean_abs_epsilon_HUMAN": 0.266899898230302,
      "mean_abs_epsilon_YEAST": 0.35830005667931397,
      "median_log2_empirical_ECOLI": -1.7427101135253906,
      "median_log2_empirical_HUMAN": -0.06559181213378906,
      "median_log2_empirical_YEAST": 0.7800804773966465,
      "median_abs_epsilon_precision_global": 0.1817452112833653,
      "median_abs_epsilon_precision_eq_species": 0.21210095617506367,
      "median_abs_epsilon_precision_ECOLI": 0.26095136006673236,
      "median_abs_epsilon_precision_HUMAN": 0.17366751035054673,
      "median_abs_epsilon_precision_YEAST": 0.20168399810791193,
      "mean_log2_empirical_ECOLI": -1.6695424132070558,
      "mean_log2_empirical_HUMAN": -0.13105110800381503,
      "mean_log2_empirical_YEAST": 0.6970769931860273,
      "mean_abs_epsilon_precision_global": 0.27609494743671104,
      "mean_abs_epsilon_precision_eq_species": 0.30927123724184313,
      "mean_abs_epsilon_precision_ECOLI": 0.36278497071287863,
      "mean_abs_epsilon_precision_HUMAN": 0.2658732277610959,
      "mean_abs_epsilon_precision_YEAST": 0.29915551325155487,
      "CV_median": 0.11082325285112289,
      "CV_q75": 0.18872780263652716,
      "CV_q90": 0.28611890597210965,
      "CV_q95": 0.35917212244968655,
      "variance_epsilon_global": 0.1859381018777855,
      "nr_feature": 76924,
      "roc_auc": 0.8965318129530593
    },
    "3": {
      "median_abs_epsilon_global": 0.19903024037679007,
      "median_abs_epsilon_eq_species": 0.2535739474826378,
      "median_abs_epsilon_ECOLI": 0.3135782877604143,
      "median_abs_epsilon_HUMAN": 0.18175633748372366,
      "median_abs_epsilon_YEAST": 0.26538721720377545,
      "mean_abs_epsilon_global": 0.30543290590432615,
      "mean_abs_epsilon_eq_species": 0.3708281515116411,
      "mean_abs_epsilon_ECOLI": 0.45223908771591537,
      "mean_abs_epsilon_HUMAN": 0.2790588325407341,
      "mean_abs_epsilon_YEAST": 0.3811865342782739,
      "median_log2_empirical_ECOLI": -1.731771469116211,
      "median_log2_empirical_HUMAN": -0.06404081980387488,
      "median_log2_empirical_YEAST": 0.7620805104573591,
      "median_abs_epsilon_precision_global": 0.1916217803955096,
      "median_abs_epsilon_precision_eq_species": 0.22335693571302637,
      "median_abs_epsilon_precision_ECOLI": 0.271264870961506,
      "median_abs_epsilon_precision_HUMAN": 0.1821266810099269,
      "median_abs_epsilon_precision_YEAST": 0.2166792551676462,
      "mean_log2_empirical_ECOLI": -1.642865356719908,
      "mean_log2_empirical_HUMAN": -0.12377040519285801,
      "mean_log2_empirical_YEAST": 0.6778015709200435,
      "mean_abs_epsilon_precision_global": 0.2890838536465587,
      "mean_abs_epsilon_precision_eq_species": 0.32577860274953147,
      "mean_abs_epsilon_precision_ECOLI": 0.3827771294521615,
      "mean_abs_epsilon_precision_HUMAN": 0.27754559547937974,
      "mean_abs_epsilon_precision_YEAST": 0.317013083317053,
      "CV_median": 0.11367643554557474,
      "CV_q75": 0.1953717713650781,
      "CV_q90": 0.29767983319032004,
      "CV_q95": 0.37265047819151464,
      "variance_epsilon_global": 0.19986217344607948,
      "nr_feature": 90054,
      "roc_auc": 0.8794471847703677
    },
    "2": {
      "median_abs_epsilon_global": 0.20817406972249408,