{
  "id": "DIA-NN_20260630_152149",
  "software_name": "DIA-NN",
  "software_version": "2.5.0 Academia ",
  "search_engine": "DIA-NN",
  "search_engine_version": "2.5.0 Academia ",
  "ident_fdr_psm": "0.01",
  "ident_fdr_peptide": "nan",
  "ident_fdr_protein": "nan",
  "enable_match_between_runs": true,
  "precursor_mass_tolerance": "[-5.0 ppm, 5.0 ppm]",
  "fragment_mass_tolerance": "[-10.0 ppm, 10.0 ppm]",
  "enzyme": "Trypsin/P",
  "allowed_miscleavages": "1",
  "min_peptide_length": "6",
  "max_peptide_length": "30",
  "is_temporary": false,
  "intermediate_hash": "3c44cd57943fe7f2ec7b128a256e3f60e8554b26",
  "results": {
    "6": {
      "median_abs_epsilon_global": 0.18243122100830078,
      "median_abs_epsilon_eq_species": 0.19978459676106772,
      "median_abs_epsilon_ECOLI": 0.23244476318359375,
      "median_abs_epsilon_HUMAN": 0.17853164672851562,
      "median_abs_epsilon_YEAST": 0.18837738037109375,
      "mean_abs_epsilon_global": 0.281664769068556,
      "mean_abs_epsilon_eq_species": 0.30046849452443997,
      "mean_abs_epsilon_ECOLI": 0.3419133678478748,
      "mean_abs_epsilon_HUMAN": 0.2786148547439612,
      "mean_abs_epsilon_YEAST": 0.2808772609814838,
      "median_log2_empirical_ECOLI": -1.8826427459716797,
      "median_log2_empirical_HUMAN": -0.03746795654296875,
      "median_log2_empirical_YEAST": 0.9439926147460938,
      "median_abs_epsilon_precision_global": 0.1843433380126953,
      "median_abs_epsilon_precision_eq_species": 0.19558080037434897,
      "median_abs_epsilon_precision_ECOLI": 0.21480369567871094,
      "median_abs_epsilon_precision_HUMAN": 0.1814441680908203,
      "median_abs_epsilon_precision_YEAST": 0.19049453735351562,
      "mean_log2_empirical_ECOLI": -1.8487962683432229,
      "mean_log2_empirical_HUMAN": -0.10640240156362125,
      "mean_log2_empirical_YEAST": 0.889091902539722,
      "mean_abs_epsilon_precision_global": 0.284328825949584,
      "mean_abs_epsilon_precision_eq_species": 0.296101743467897,
      "mean_abs_epsilon_precision_ECOLI": 0.32467842903218047,
      "mean_abs_epsilon_precision_HUMAN": 0.28324629615829944,
      "mean_abs_epsilon_precision_YEAST": 0.2803805052132112,
      "CV_median": 0.12793989519659413,
      "CV_q75": 0.22471208385932845,
      "CV_q90": 0.3446454405724906,
      "CV_q95": 0.4345135977990606,
      "variance_epsilon_global": 0.18335520012381654,
      "nr_feature": 75094,
      "roc_auc": 0.928610585325276
    },
    "5": {
      "median_abs_epsilon_global": 0.19777679443359375,
      "median_abs_epsilon_eq_species": 0.22571070988972983,
      "median_abs_epsilon_ECOLI": 0.2778186798095703,
      "median_abs_epsilon_HUMAN": 0.19074296951293945,
      "median_abs_epsilon_YEAST": 0.2085704803466797,
      "mean_abs_epsilon_global": 0.3092009062806364,
      "mean_abs_epsilon_eq_species": 0.3415507206413366,
      "mean_abs_epsilon_ECOLI": 0.4105000425524374,
      "mean_abs_epsilon_HUMAN": 0.30196173870414783,
      "mean_abs_epsilon_YEAST": 0.3121903806674246,
      "median_log2_empirical_ECOLI": -1.832906723022461,
      "median_log2_empirical_HUMAN": -0.03907060623168945,
      "median_log2_empirical_YEAST": 0.9313755035400391,
      "median_abs_epsilon_precision_global": 0.19827771186828613,
      "median_abs_epsilon_precision_eq_species": 0.2212371826171875,
      "median_abs_epsilon_precision_ECOLI": 0.2626991271972656,
      "median_abs_epsilon_precision_HUMAN": 0.1929645538330078,
      "median_abs_epsilon_precision_YEAST": 0.20804786682128906,
      "mean_log2_empirical_ECOLI": -1.7731928967343946,
      "mean_log2_empirical_HUMAN": -0.10971742674180614,
      "mean_log2_empirical_YEAST": 0.8710635271605073,
      "mean_abs_epsilon_precision_global": 0.31079773882145983,
      "mean_abs_epsilon_precision_eq_species": 0.33301670841757186,
      "mean_abs_epsilon_precision_ECOLI": 0.3822879762586276,
      "mean_abs_epsilon_precision_HUMAN": 0.3064504388330962,
      "mean_abs_epsilon_precision_YEAST": 0.31031171016099174,
      "CV_median": 0.13721036919818208,
      "CV_q75": 0.24411376349739922,
      "CV_q90": 0.37846903333581644,
      "CV_q95": 0.4802081892792093,
      "variance_epsilon_global": 0.22426018970129089,
      "nr_feature": 86312,
      "roc_auc": 0.9107270007417844
    },
    "4": {
      "median_abs_epsilon_global": 0.21064186096191406,
      "median_abs_epsilon_eq_species": 0.2521848678588867,
      "median_abs_epsilon_ECOLI": 0.3307962417602539,
      "median_abs_epsilon_HUMAN": 0.2007884979248047,
      "median_abs_epsilon_YEAST": 0.22496986389160156,
      "mean_abs_epsilon_global": 0.33834643997280595,
      "mean_abs_epsilon_eq_species": 0.3884576794108818,
      "mean_abs_epsilon_ECOLI": 0.4935634888556162,
      "mean_abs_epsilon_HUMAN": 0.32470300602157415,
      "mean_abs_epsilon_YEAST": 0.347106543355455,
      "median_log2_empirical_ECOLI": -1.781829833984375,
      "median_log2_empirical_HUMAN": -0.03974723815917969,
      "median_log2_empirical_YEAST": 0.9205169677734375,
      "median_abs_epsilon_precision_global": 0.21085834503173828,
      "median_abs_epsilon_precision_eq_species": 0.2453471819559733,
      "median_abs_epsilon_precision_ECOLI": 0.31038475036621094,
      "median_abs_epsilon_precision_HUMAN": 0.20227575302124023,
      "median_abs_epsilon_precision_YEAST": 0.22338104248046875,
      "mean_log2_empirical_ECOLI": -1.6849258741728406,
      "mean_log2_empirical_HUMAN": -0.11123371976111619,
      "mean_log2_empirical_YEAST": 0.8521812481142768,
      "mean_abs_epsilon_precision_global": 0.3389752258773503,
      "mean_abs_epsilon_precision_eq_species": 0.37599823752450723,
      "mean_abs_epsilon_precision_ECOLI": 0.4544462499239376,
      "mean_abs_epsilon_precision_HUMAN": 0.3291581281025013,
      "mean_abs_epsilon_precision_YEAST": 0.3443903345470828,
      "CV_median": 0.14154267477390725,
      "CV_q75": 0.2528195533062577,
      "CV_q90": 0.3938898888586986,
      "CV_q95": 0.5013778234128639,
      "variance_epsilon_global": 0.28230198466860745,
      "nr_feature": 93752,
      "roc_auc": 0.8927201721097
    },
    "3": {
      "median_abs_epsilon_global": 0.21809864044189453,
      "median_abs_epsilon_eq_species": 0.26205190022786456,
      "median_abs_epsilon_ECOLI": 0.34340667724609375,
      "median_abs_epsilon_HUMAN": 0.20740604400634766,
      "median_abs_epsilon_YEAST": 0.23534297943115234,
      "mean_abs_epsilon_global": 0.35584872745411006,
      "mean_abs_epsilon_eq_species": 0.4074548369020185,
      "mean_abs_epsilon_ECOLI": 0.5114246549696202,
      "mean_abs_epsilon_HUMAN": 0.34049910072740763,
      "mean_abs_epsilon_YEAST": 0.3704407550090276,
      "median_log2_empirical_ECOLI": -1.7677421569824219,
      "median_log2_empirical_HUMAN": -0.039292335510253906,
      "median_log2_empirical_YEAST": 0.914222240447998,
      "median_abs_epsilon_precision_global": 0.21829891204833984,
      "median_abs_epsilon_precision_eq_species": 0.25375668207804364,
      "median_abs_epsilon_precision_ECOLI": 0.3194112777709961,
      "median_abs_epsilon_precision_HUMAN": 0.2084817886352539,
      "median_abs_epsilon_precision_YEAST": 0.23337697982788086,
      "mean_log2_empirical_ECOLI": -1.66405002019533,
      "mean_log2_empirical_HUMAN": -0.10968543256565653,
      "mean_log2_empirical_YEAST": 0.8396575582391725,
      "mean_abs_epsilon_precision_global": 0.35605522772380316,
      "mean_abs_epsilon_precision_eq_species": 0.393857455144554,
      "mean_abs_epsilon_precision_ECOLI": 0.4696832773790919,
      "mean_abs_epsilon_precision_HUMAN": 0.3446980697964312,
      "mean_abs_epsilon_precision_YEAST": 0.3671910182581391,
      "CV_median": 0.14419961209935378,
      "CV_q75": 0.25824748315067086,
      "CV_q90": 0.4033342237058444,
      "CV_q95": 0.5148335669400625,
      "variance_epsilon_global": 0.3214844388130163,
      "nr_feature": 100158,
      "roc_auc": 0.8816961837296535
    },
    "2": {
      "median_abs_epsilon_global": 0.22261667251586914,