{
  "old_new": "new",
  "id": "DIA-NN_20251027_120023",
  "software_name": "DIA-NN",
  "software_version": "2.0 Academia ",
  "search_engine": "DIA-NN",
  "search_engine_version": "2.0 Academia ",
  "ident_fdr_psm": "0.01",
  "ident_fdr_peptide": NaN,
  "ident_fdr_protein": NaN,
  "enable_match_between_runs": true,
  "precursor_mass_tolerance": "[-2.6 ppm, 2.6 ppm]",
  "fragment_mass_tolerance": "[-8 ppm, 8 ppm]",
  "enzyme": "Trypsin/P",
  "allowed_miscleavages": "1",
  "min_peptide_length": "6",
  "max_peptide_length": "30",
  "is_temporary": false,
  "intermediate_hash": "3fa76efd9a76f12bb8992ef64e7edfef48eb18cd",
  "results": {
    "6": {
      "median_abs_epsilon": 0.16805267333984375,
      "mean_abs_epsilon": 0.2408099049530233,
      "variance_epsilon": 0.1252551791403632,
      "nr_prec": 83219,
      "CV_median": 0.13154668554674695,
      "CV_q75": 0.22049696318954976,
      "CV_q90": 0.32873144684847644,
      "CV_q95": 0.40433452545969195
    },
    "5": {
      "median_abs_epsilon": 0.1850748062133789,
      "mean_abs_epsilon": 0.27330163510993455,
      "variance_epsilon": 0.16748416602215133,
      "nr_prec": 99782,
      "CV_median": 0.1416834994164211,
      "CV_q75": 0.2412054204736687,
      "CV_q90": 0.36348572728452755,
      "CV_q95": 0.4521219214518635
    },
    "4": {
      "median_abs_epsilon": 0.20065593719482422,
      "mean_abs_epsilon": 0.31138677374516194,
      "variance_epsilon": 0.23788594770985386,
      "nr_prec": 111640,
      "CV_median": 0.1467070592326466,
      "CV_q75": 0.25206920555212525,
      "CV_q90": 0.3820368128021023,
      "CV_q95": 0.4801071012925505
    },
    "3": {
      "median_abs_epsilon": 0.2096729278564453,
      "mean_abs_epsilon": 0.33716089538385574,
      "variance_epsilon": 0.3090658823729704,
      "nr_prec": 121521,
      "CV_median": 0.14980318913492424,
      "CV_q75": 0.2585751679812587,
      "CV_q90": 0.39357120703176307,
      "CV_q95": 0.49831264738800923
    },
    "2": {
      "median_abs_epsilon": 0.21369028091430664,
      "mean_abs_epsilon": 0.35147259277564286,
      "variance_epsilon": 0.3598337773448208,
      "nr_prec": 127857,
      "CV_median": 0.15074731327349838,
      "CV_q75": 0.2609238580115897,
      "CV_q90": 0.3987268040705354,
      "CV_q95": 0.5076991851647573
    },
    "1": {
      "median_abs_epsilon": 0.21369028091430664,
      "mean_abs_epsilon": 0.35147259277564286,
      "variance_epsilon": 0.35983377734482086,
      "nr_prec": 131738,
      "CV_median": 0.15074731327349838,
      "CV_q75": 0.2609238580115897,
      "CV_q90": 0.3987268040705354,
      "CV_q95": 0.5076991851647573
    }
  },
  "median_abs_epsilon": 0.2096729278564453,
  "mean_abs_epsilon": 0.33716089538385574,
  "nr_prec": 121521,
  "comments": "",
  "proteobench_version": "0.10.3",
  "color": "#d42f2f",
  "hover_text": "ProteoBench ID: DIA-NN_20251027_120023<br>Software tool: DIA-NN <br>Comment (private submission): ...",
  "scatter_size": 20,
  "fixed_mods": "unimod4",
  "variable_mods": "UniMod:35/15.994915/M,UniMod:1/42.010565/*n",
  "max_mods": "1",
  "min_precursor_charge": "1",
  "max_precursor_charge": "4",
  "quantification_method": "QuantUMS high-precision",
  "protein_inference": "Genes",
  "abundance_normalization_ions": null,
  "submission_comments": "Resubmission of 33855a035ca062218f396f2294ee31ee27b8e485 after changing quant column from Precursor.Quantity -> Precursor.Normalised\n\n ### Parameter changes detected:\n- **ident_fdr_protein**: `None` \u2192 `nan`\n- **ident_fdr_peptide**: `None` \u2192 `nan`\n\nDataset URL: https://proteobench.cubimed.rub.de/datasets/3fa76efd9a76f12bb8992ef64e7edfef48eb18cd/",
  "min_precursor_mz": "400",
  "max_precursor_mz": "1000",
  "min_fragment_mz": "50",
  "max_fragment_mz": "2000",
  "predictors_library": "{'RT': 'DIANN', 'IM': 'DIANN', 'MS2_int': 'DIANN'}",
  "scan_window": "5"
}