{
  "old_new": "new",
  "id": "DIA-NN_20251027_120023",
  "software_name": "DIA-NN",
  "software_version": "2.0 Academia ",
  "search_engine": "DIA-NN",
  "search_engine_version": "2.0 Academia ",
  "ident_fdr_psm": 0.01,
  "ident_fdr_peptide": NaN,
  "ident_fdr_protein": NaN,
  "enable_match_between_runs": true,
  "precursor_mass_tolerance": "[-2.6 ppm, 2.6 ppm]",
  "fragment_mass_tolerance": "[-8 ppm, 8 ppm]",
  "enzyme": "Trypsin/P",
  "allowed_miscleavages": 1,
  "min_peptide_length": 6,
  "max_peptide_length": 30,
  "is_temporary": false,
  "intermediate_hash": "3fa76efd9a76f12bb8992ef64e7edfef48eb18cd",
  "results": {
    "6": {
      "median_abs_epsilon_global": 0.1677684783935547,
      "median_abs_epsilon_eq_species": 0.18823814392089844,
      "median_abs_epsilon_ECOLI": 0.22932815551757812,
      "median_abs_epsilon_HUMAN": 0.16464710235595703,
      "median_abs_epsilon_YEAST": 0.17073917388916016,
      "mean_abs_epsilon_global": 0.23943831212834443,
      "mean_abs_epsilon_eq_species": 0.26208140624326387,
      "mean_abs_epsilon_ECOLI": 0.3074614805411696,
      "mean_abs_epsilon_HUMAN": 0.23529129339491342,
      "mean_abs_epsilon_YEAST": 0.24349144479370863,
      "median_log2_empirical_ECOLI": -1.8210020065307617,
      "median_log2_empirical_HUMAN": 0.008534431457519531,
      "median_log2_empirical_YEAST": 0.9734086990356445,
      "median_abs_epsilon_precision_global": 0.16585254669189453,
      "median_abs_epsilon_precision_eq_species": 0.1736459732055664,
      "median_abs_epsilon_precision_ECOLI": 0.1855916976928711,
      "median_abs_epsilon_precision_HUMAN": 0.16396331787109375,
      "median_abs_epsilon_precision_YEAST": 0.17138290405273438,
      "mean_log2_empirical_ECOLI": -1.7844110981131975,
      "mean_log2_empirical_HUMAN": -0.021485262531609133,
      "mean_log2_empirical_YEAST": 0.942364065405818,
      "mean_abs_epsilon_precision_global": 0.23902189076357427,
      "mean_abs_epsilon_precision_eq_species": 0.24740276002506192,
      "mean_abs_epsilon_precision_ECOLI": 0.26149334367407573,
      "mean_abs_epsilon_precision_HUMAN": 0.23670944516918296,
      "mean_abs_epsilon_precision_YEAST": 0.2440054912319271,
      "CV_median": 0.1321938984685143,
      "CV_q75": 0.22126273502290608,
      "CV_q90": 0.3293917901068295,
      "CV_q95": 0.40500432926587715,
      "roc_auc": 0.958971547032569,
      "roc_auc_directional": 0.9829585628454486,
      "nr_prec": 82417,
      "nr_prec_HUMAN": 63196,
      "nr_prec_YEAST": 16342,
      "nr_prec_ECOLI": 2879,
      "variance_epsilon_global": 0.12284470435792177
    },
    "5": {
      "median_abs_epsilon_global": 0.1848592758178711,
      "median_abs_epsilon_eq_species": 0.21608511606852213,
      "median_abs_epsilon_ECOLI": 0.27387046813964844,
      "median_abs_epsilon_HUMAN": 0.17846107482910156,
      "median_abs_epsilon_YEAST": 0.1959238052368164,
      "mean_abs_epsilon_global": 0.27219028176721055,
      "mean_abs_epsilon_eq_species": 0.3136667250832804,
      "mean_abs_epsilon_ECOLI": 0.391310452335014,
      "mean_abs_epsilon_HUMAN": 0.26128215976381697,
      "mean_abs_epsilon_YEAST": 0.28840756315101024,
      "median_log2_empirical_ECOLI": -1.7672405242919922,
      "median_log2_empirical_HUMAN": 0.008376121520996094,
      "median_log2_empirical_YEAST": 0.9525957107543945,
      "median_abs_epsilon_precision_global": 0.18349456787109375,
      "median_abs_epsilon_precision_eq_species": 0.20177618662516275,
      "median_abs_epsilon_precision_ECOLI": 0.22881698608398438,
      "median_abs_epsilon_precision_HUMAN": 0.17756271362304688,
      "median_abs_epsilon_precision_YEAST": 0.19894886016845703,
      "mean_log2_empirical_ECOLI": -1.694974656913769,
      "mean_log2_empirical_HUMAN": -0.02205709617306955,
      "mean_log2_empirical_YEAST": 0.9089353621029016,
      "mean_abs_epsilon_precision_global": 0.2705750989899508,
      "mean_abs_epsilon_precision_eq_species": 0.293371486431607,
      "mean_abs_epsilon_precision_ECOLI": 0.3298289186436825,
      "mean_abs_epsilon_precision_HUMAN": 0.262632234274075,
      "mean_abs_epsilon_precision_YEAST": 0.2876533063770634,
      "CV_median": 0.14226346382131214,
      "CV_q75": 0.24188087160321467,
      "CV_q90": 0.36412041541588,
      "CV_q95": 0.45289324581623724,
      "roc_auc": 0.935577371022117,
      "roc_auc_directional": 0.9708408523885728,
      "nr_prec": 98916,
      "nr_prec_HUMAN": 74214,
      "nr_prec_YEAST": 20728,
      "nr_prec_ECOLI": 3974,
      "variance_epsilon_global": 0.1652487189951946
    },
    "4": {
      "median_abs_epsilon_global": 0.200469970703125,
      "median_abs_epsilon_eq_species": 0.252414067586263,
      "median_abs_epsilon_ECOLI": 0.3478260040283203,
      "median_abs_epsilon_HUMAN": 0.18875885009765625,
      "median_abs_epsilon_YEAST": 0.2206573486328125,
      "mean_abs_epsilon_global": 0.3105673367751325,
      "mean_abs_epsilon_eq_species": 0.3825814184283974,
      "mean_abs_epsilon_ECOLI": 0.5237516068099005,
      "mean_abs_epsilon_HUMAN": 0.28966363546933194,
      "mean_abs_epsilon_YEAST": 0.3343290130059597,
      "median_log2_empirical_ECOLI": -1.697591781616211,
      "median_log2_empirical_HUMAN": 0.00836181640625,
      "median_log2_empirical_YEAST": 0.9354591369628906,
      "median_abs_epsilon_precision_global": 0.19962787628173828,
      "median_abs_epsilon_precision_eq_species": 0.23648961385091147,
      "median_abs_epsilon_precision_ECOLI": 0.29766082763671875,
      "median_abs_epsilon_precision_HUMAN": 0.18852996826171875,
      "median_abs_epsilon_precision_YEAST": 0.22327804565429688,
      "mean_log2_empirical_ECOLI": -1.5806452143452672,
      "mean_log2_empirical_HUMAN": -0.022860435325350505,
      "mean_log2_empirical_YEAST": 0.8844940470252205,
      "mean_abs_epsilon_precision_global": 0.3071791100654779,
      "mean_abs_epsilon_precision_eq_species": 0.355058769541219,
      "mean_abs_epsilon_precision_ECOLI": 0.44213722609032474,
      "mean_abs_epsilon_precision_HUMAN": 0.2910246197975785,
      "mean_abs_epsilon_precision_YEAST": 0.33201446273575386,
      "CV_median": 0.14735186456830113,
      "CV_q75": 0.25283121680404863,
      "CV_q90": 0.3827229050771369,
      "CV_q95": 0.4807167617932908,
      "roc_auc": 0.9104913234767346,
      "roc_auc_directional": 0.9497179953642392,
      "nr_prec": 110743,
      "nr_prec_HUMAN": 81243,
      "nr_prec_YEAST": 24235,
      "nr_prec_ECOLI": 5265,
      "variance_epsilon_global": 0.23613088388905534
    },
    "3": {
      "median_abs_epsilon_global": 0.20948028564453125,
      "median_abs_epsilon_eq_species": 0.265074888865153,
      "median_abs_epsilon_ECOLI": 0.36443138122558594,
      "median_abs_epsilon_HUMAN": 0.19629383087158203,
      "median_abs_epsilon_YEAST": 0.23449945449829102,
      "mean_abs_epsilon_global": 0.33647376459102635,
      "mean_abs_epsilon_eq_species": 0.4134291995006077,
      "mean_abs_epsilon_ECOLI": 0.5583272193586911,
      "mean_abs_epsilon_HUMAN": 0.31209698193965607,
      "mean_abs_epsilon_YEAST": 0.36986339720347583,
      "median_log2_empirical_ECOLI": -1.6849422454833984,
      "median_log2_empirical_HUMAN": 0.008440971374511719,
      "median_log2_empirical_YEAST": 0.9269571304321289,
      "median_abs_epsilon_precision_global": 0.20916080474853516,
      "median_abs_epsilon_precision_eq_species": 0.24788284301757812,
      "median_abs_epsilon_precision_ECOLI": 0.31090545654296875,
      "median_abs_epsilon_precision_HUMAN": 0.19562339782714844,
      "median_abs_epsilon_precision_YEAST": 0.2371196746826172,
      "mean_log2_empirical_ECOLI": -1.5502503347893102,
      "mean_log2_empirical_HUMAN": -0.020919222396634903,
      "mean_log2_empirical_YEAST": 0.8712387470435788,
      "mean_abs_epsilon_precision_global": 0.3326976766441348,
      "mean_abs_epsilon_precision_eq_species": 0.38453367080663825,
      "mean_abs_epsilon_precision_ECOLI": 0.4733878928581092,
      "mean_abs_epsilon_precision_HUMAN": 0.3132585264112318,