{
  "old_new": "new",
  "id": "DIA-NN_20250718_143140",
  "software_name": "DIA-NN",
  "software_version": "2.2.0 Academia ",
  "search_engine": "DIA-NN",
  "search_engine_version": "2.2.0 Academia ",
  "ident_fdr_psm": "0.01",
  "ident_fdr_peptide": NaN,
  "ident_fdr_protein": NaN,
  "enable_match_between_runs": false,
  "precursor_mass_tolerance": "[-7.0 ppm, 7.0 ppm]",
  "fragment_mass_tolerance": "[-3.0 ppm, 3.0 ppm]",
  "enzyme": "Trypsin/P",
  "allowed_miscleavages": "1",
  "min_peptide_length": "6",
  "max_peptide_length": "30",
  "is_temporary": false,
  "intermediate_hash": "41113a0105ee0b8f7a52b5fb874b0710d4eabc40",
  "results": {
    "6": {
      "median_abs_epsilon": 0.1860637664794922,
      "mean_abs_epsilon": 0.2899973072021088,
      "variance_epsilon": 0.19669246816451674,
      "nr_prec": 75149,
      "CV_median": 0.13356890850108444,
      "CV_q75": 0.2388675748921259,
      "CV_q90": 0.37393469480239416,
      "CV_q95": 0.47215423370166065
    },
    "5": {
      "median_abs_epsilon": 0.2087860107421875,
      "mean_abs_epsilon": 0.32947341144977477,
      "variance_epsilon": 0.2583192443982234,
      "nr_prec": 92424,
      "CV_median": 0.1485109089158126,
      "CV_q75": 0.26838036785315217,
      "CV_q90": 0.42237573200140477,
      "CV_q95": 0.5362984036510194
    },
    "4": {
      "median_abs_epsilon": 0.22948837280273438,
      "mean_abs_epsilon": 0.37464940195216684,
      "variance_epsilon": 0.3603060886730358,
      "nr_prec": 105141,
      "CV_median": 0.1557557802332166,
      "CV_q75": 0.2837648463103447,
      "CV_q90": 0.4485420860825172,
      "CV_q95": 0.5731703539418401
    },
    "3": {
      "median_abs_epsilon": 0.24315643310546875,
      "mean_abs_epsilon": 0.40531271021771453,
      "variance_epsilon": 0.44420601954140476,
      "nr_prec": 115866,
      "CV_median": 0.1601508608258157,
      "CV_q75": 0.29298801838624644,
      "CV_q90": 0.4647294645644201,
      "CV_q95": 0.5945912819173029
    },
    "2": {
      "median_abs_epsilon": 0.24918556213378906,
      "mean_abs_epsilon": 0.4236260382929584,
      "variance_epsilon": 0.5145583600857154,
      "nr_prec": 123271,
      "CV_median": 0.16167090155493696,
      "CV_q75": 0.2966532411828004,
      "CV_q90": 0.47147726923979405,
      "CV_q95": 0.6053145649618098
    },
    "1": {
      "median_abs_epsilon": 0.24918556213378906,
      "mean_abs_epsilon": 0.4236260382929584,
      "variance_epsilon": 0.5145583600857155,
      "nr_prec": 127721,
      "CV_median": 0.16167090155493696,
      "CV_q75": 0.2966532411828004,
      "CV_q90": 0.47147726923979405,
      "CV_q95": 0.6053145649618098
    }
  },
  "median_abs_epsilon": 0.24315643310546875,
  "mean_abs_epsilon": 0.40531271021771453,
  "nr_prec": 115866,
  "comments": "",
  "proteobench_version": "0.8.29",
  "color": "#d42f2f",
  "hover_text": "ProteoBench ID: DIA-NN_20250718_143140<br>Software tool: DIA-NN <br>Comment (private submission): ...",
  "scatter_size": 20,
  "fixed_mods": "unimod4",
  "variable_mods": "UniMod:35/15.994915/M,UniMod:1/42.010565/*n",
  "max_mods": "1",
  "min_precursor_charge": "1",
  "max_precursor_charge": "5",
  "quantification_method": "QuantUMS high-precision",
  "protein_inference": "1",
  "abundance_normalization_ions": "NO",
  "submission_comments": "Scoring : peptidoforms\nProteotypicity : Protein names from Fasta\nLibrary Generation : Ids, RT & IM profiling\nSpeed and Ram usage : Optimal result\n\n\n ### Parameter changes detected:\n- **max_precursor_charge**: `None` \u2192 `5`\n- **abundance_normalization_ions**: `None` \u2192 `NO`\n- **ident_fdr_peptide**: `None` \u2192 `nan`\n- **min_precursor_charge**: `None` \u2192 `1`\n- **min_peptide_length**: `None` \u2192 `6`\n- **ident_fdr_protein**: `None` \u2192 `nan`\n- **max_peptide_length**: `None` \u2192 `30`\n\nDataset URL: https://proteobench.cubimed.rub.de/datasets/41113a0105ee0b8f7a52b5fb874b0710d4eabc40/"
}