{
  "old_new": "new",
  "id": "DIA-NN_20251027_121448",
  "software_name": "DIA-NN",
  "software_version": "2.2.0 Academia ",
  "search_engine": "DIA-NN",
  "search_engine_version": "2.2.0 Academia ",
  "ident_fdr_psm": "0.01",
  "ident_fdr_peptide": NaN,
  "ident_fdr_protein": NaN,
  "enable_match_between_runs": true,
  "precursor_mass_tolerance": "[-2.6 ppm, 2.6 ppm]",
  "fragment_mass_tolerance": "[-7 ppm, 7 ppm]",
  "enzyme": "K*,R*,!P*",
  "allowed_miscleavages": "1",
  "min_peptide_length": "6",
  "max_peptide_length": "30",
  "is_temporary": false,
  "intermediate_hash": "422d516f9df668728b17f1b50394681df98acc8c",
  "results": {
    "6": {
      "median_abs_epsilon": 0.1690835952758789,
      "mean_abs_epsilon": 0.24764921230754294,
      "variance_epsilon": 0.1374695240193068,
      "nr_prec": 89070,
      "CV_median": 0.13037189552480702,
      "CV_q75": 0.223834764955256,
      "CV_q90": 0.3405663877758618,
      "CV_q95": 0.42365666248545963
    },
    "5": {
      "median_abs_epsilon": 0.1867351531982422,
      "mean_abs_epsilon": 0.279629968346191,
      "variance_epsilon": 0.17867562326180456,
      "nr_prec": 106106,
      "CV_median": 0.14112002381705574,
      "CV_q75": 0.24593871691698643,
      "CV_q90": 0.37890698394339917,
      "CV_q95": 0.47547768984275823
    },
    "4": {
      "median_abs_epsilon": 0.20216083526611328,
      "mean_abs_epsilon": 0.3163166502051132,
      "variance_epsilon": 0.24489467411620602,
      "nr_prec": 118135,
      "CV_median": 0.1464486447591337,
      "CV_q75": 0.25717195800082315,
      "CV_q90": 0.3980747227124528,
      "CV_q95": 0.5037726077430528
    },
    "3": {
      "median_abs_epsilon": 0.21081829071044922,
      "mean_abs_epsilon": 0.33937840417632625,
      "variance_epsilon": 0.304367405785385,
      "nr_prec": 128119,
      "CV_median": 0.14945422617199822,
      "CV_q75": 0.2639273141503512,
      "CV_q90": 0.4100905574643299,
      "CV_q95": 0.5212964185672122
    },
    "2": {
      "median_abs_epsilon": 0.21471214294433594,
      "mean_abs_epsilon": 0.3522375450821215,
      "variance_epsilon": 0.34825330397323584,
      "nr_prec": 134492,
      "CV_median": 0.15050628300590518,
      "CV_q75": 0.26643868572524354,
      "CV_q90": 0.4152191876438317,
      "CV_q95": 0.5298960205832226
    },
    "1": {
      "median_abs_epsilon": 0.21471214294433594,
      "mean_abs_epsilon": 0.3522375450821215,
      "variance_epsilon": 0.348253303973236,
      "nr_prec": 138246,
      "CV_median": 0.15050628300590518,
      "CV_q75": 0.26643868572524354,
      "CV_q90": 0.4152191876438317,
      "CV_q95": 0.5298960205832226
    }
  },
  "median_abs_epsilon": 0.21081829071044922,
  "mean_abs_epsilon": 0.33937840417632625,
  "nr_prec": 128119,
  "comments": "",
  "proteobench_version": "0.10.3",
  "color": "#d42f2f",
  "hover_text": "ProteoBench ID: DIA-NN_20251027_121448<br>Software tool: DIA-NN <br>Comment (private submission): ...",
  "scatter_size": 20,
  "fixed_mods": "unimod4",
  "variable_mods": "UniMod:35/15.994915/M,UniMod:1/42.010565/*n",
  "max_mods": "1",
  "min_precursor_charge": "1",
  "max_precursor_charge": "5",
  "quantification_method": "QuantUMS high-precision",
  "protein_inference": "Genes",
  "abundance_normalization_ions": null,
  "submission_comments": "Resubmission of b83068514db5dcfe144cb5fc3384584b5fe10d66 after changing quant column from Precursor.Quantity -> Precursor.Normalised\n\n ### Parameter changes detected:\n- **ident_fdr_protein**: `None` \u2192 `nan`\n- **ident_fdr_peptide**: `None` \u2192 `nan`\n\nDataset URL: https://proteobench.cubimed.rub.de/datasets/422d516f9df668728b17f1b50394681df98acc8c/",
  "min_precursor_mz": "380",
  "max_precursor_mz": "980",
  "min_fragment_mz": "150",
  "max_fragment_mz": "2000",
  "predictors_library": "{'RT': 'DIANN', 'IM': 'DIANN', 'MS2_int': 'DIANN'}",
  "scan_window": "6"
}