{
  "old_new": "new",
  "id": "DIA-NN_20251027_121448",
  "software_name": "DIA-NN",
  "software_version": "2.2.0 Academia ",
  "search_engine": "DIA-NN",
  "search_engine_version": "2.2.0 Academia ",
  "ident_fdr_psm": 0.01,
  "ident_fdr_peptide": NaN,
  "ident_fdr_protein": NaN,
  "enable_match_between_runs": true,
  "precursor_mass_tolerance": "[-2.6 ppm, 2.6 ppm]",
  "fragment_mass_tolerance": "[-7 ppm, 7 ppm]",
  "enzyme": "K*,R*,!P*",
  "allowed_miscleavages": 1,
  "min_peptide_length": 6,
  "max_peptide_length": 30,
  "is_temporary": false,
  "intermediate_hash": "422d516f9df668728b17f1b50394681df98acc8c",
  "results": {
    "6": {
      "median_abs_epsilon_global": 0.16866207122802734,
      "median_abs_epsilon_eq_species": 0.18520037333170572,
      "median_abs_epsilon_ECOLI": 0.21713638305664062,
      "median_abs_epsilon_HUMAN": 0.16586875915527344,
      "median_abs_epsilon_YEAST": 0.17259597778320312,
      "mean_abs_epsilon_global": 0.24646750713962545,
      "mean_abs_epsilon_eq_species": 0.2662353411816098,
      "mean_abs_epsilon_ECOLI": 0.30623756901428284,
      "mean_abs_epsilon_HUMAN": 0.24295257508258766,
      "mean_abs_epsilon_YEAST": 0.24951587944795886,
      "median_log2_empirical_ECOLI": -1.8538665771484375,
      "median_log2_empirical_HUMAN": 0.021684646606445312,
      "median_log2_empirical_YEAST": 1.01124906539917,
      "median_abs_epsilon_precision_global": 0.1652536392211914,
      "median_abs_epsilon_precision_eq_species": 0.17363516489664713,
      "median_abs_epsilon_precision_ECOLI": 0.18650245666503906,
      "median_abs_epsilon_precision_HUMAN": 0.16281604766845703,
      "median_abs_epsilon_precision_YEAST": 0.1715869903564453,
      "mean_log2_empirical_ECOLI": -1.8144024691175742,
      "mean_log2_empirical_HUMAN": -0.013312178635843537,
      "mean_log2_empirical_YEAST": 0.9814281247748345,
      "mean_abs_epsilon_precision_global": 0.24670729417975945,
      "mean_abs_epsilon_precision_eq_species": 0.2573812479602039,
      "mean_abs_epsilon_precision_ECOLI": 0.27706795938869955,
      "mean_abs_epsilon_precision_HUMAN": 0.24426217324329777,
      "mean_abs_epsilon_precision_YEAST": 0.25081361124861434,
      "CV_median": 0.13105020389338531,
      "CV_q75": 0.22466272399893294,
      "CV_q90": 0.3414217780911104,
      "CV_q95": 0.4245986393787108,
      "roc_auc": 0.9587427942588309,
      "roc_auc_directional": 0.9814134086220749,
      "nr_prec": 88200,
      "nr_prec_HUMAN": 67661,
      "nr_prec_YEAST": 17450,
      "nr_prec_ECOLI": 3089,
      "variance_epsilon_global": 0.13562153309943506
    },
    "5": {
      "median_abs_epsilon_global": 0.18634986877441406,
      "median_abs_epsilon_eq_species": 0.21648120880126953,
      "median_abs_epsilon_ECOLI": 0.2707185745239258,
      "median_abs_epsilon_HUMAN": 0.1799774169921875,
      "median_abs_epsilon_YEAST": 0.1987476348876953,
      "mean_abs_epsilon_global": 0.2787528687599972,
      "mean_abs_epsilon_eq_species": 0.31703954260613193,
      "mean_abs_epsilon_ECOLI": 0.38974832247875724,
      "mean_abs_epsilon_HUMAN": 0.26899953037589147,
      "mean_abs_epsilon_YEAST": 0.29237077496374714,
      "median_log2_empirical_ECOLI": -1.7982044219970703,
      "median_log2_empirical_HUMAN": 0.021671295166015625,
      "median_log2_empirical_YEAST": 0.9919090270996094,
      "median_abs_epsilon_precision_global": 0.18371963500976562,
      "median_abs_epsilon_precision_eq_species": 0.20403782526652017,
      "median_abs_epsilon_precision_ECOLI": 0.23564624786376953,
      "median_abs_epsilon_precision_HUMAN": 0.1769866943359375,
      "median_abs_epsilon_precision_YEAST": 0.19948053359985352,
      "mean_log2_empirical_ECOLI": -1.7254343168173856,
      "mean_log2_empirical_HUMAN": -0.01294775104768083,
      "mean_log2_empirical_YEAST": 0.9473383809719244,
      "mean_abs_epsilon_precision_global": 0.2784731911241135,
      "mean_abs_epsilon_precision_eq_species": 0.30387102801924987,
      "mean_abs_epsilon_precision_ECOLI": 0.3462704273136466,
      "mean_abs_epsilon_precision_HUMAN": 0.27017516677721676,
      "mean_abs_epsilon_precision_YEAST": 0.2951674899668864,
      "CV_median": 0.14182505091605024,
      "CV_q75": 0.24674749284809988,
      "CV_q90": 0.37981081474479506,
      "CV_q95": 0.4764030331762089,
      "roc_auc": 0.9366771276266184,
      "roc_auc_directional": 0.9692028067362306,
      "nr_prec": 105171,
      "nr_prec_HUMAN": 78897,
      "nr_prec_YEAST": 22046,
      "nr_prec_ECOLI": 4228,
      "variance_epsilon_global": 0.17703172256586153
    },
    "4": {
      "median_abs_epsilon_global": 0.2018733024597168,
      "median_abs_epsilon_eq_species": 0.2493158976236979,
      "median_abs_epsilon_ECOLI": 0.3339061737060547,
      "median_abs_epsilon_HUMAN": 0.1908416748046875,
      "median_abs_epsilon_YEAST": 0.22319984436035156,
      "mean_abs_epsilon_global": 0.31567962388078535,
      "mean_abs_epsilon_eq_species": 0.38370514382347,
      "mean_abs_epsilon_ECOLI": 0.5160084739596794,
      "mean_abs_epsilon_HUMAN": 0.2957725512656854,
      "mean_abs_epsilon_YEAST": 0.3393344062450452,
      "median_log2_empirical_ECOLI": -1.7271003723144531,
      "median_log2_empirical_HUMAN": 0.0216064453125,
      "median_log2_empirical_YEAST": 0.9759807586669922,
      "median_abs_epsilon_precision_global": 0.20026540756225586,
      "median_abs_epsilon_precision_eq_species": 0.23833195368448892,
      "median_abs_epsilon_precision_ECOLI": 0.30228090286254883,
      "median_abs_epsilon_precision_HUMAN": 0.18843841552734375,
      "median_abs_epsilon_precision_YEAST": 0.22427654266357422,
      "mean_log2_empirical_ECOLI": -1.613177870118092,
      "mean_log2_empirical_HUMAN": -0.014045073175219188,
      "mean_log2_empirical_YEAST": 0.9208528609446057,
      "mean_abs_epsilon_precision_global": 0.31435404102163955,
      "mean_abs_epsilon_precision_eq_species": 0.3645304435922195,
      "mean_abs_epsilon_precision_ECOLI": 0.4540697579470136,
      "mean_abs_epsilon_precision_HUMAN": 0.297003324370775,
      "mean_abs_epsilon_precision_YEAST": 0.34251824845886986,
      "CV_median": 0.1471349962072175,
      "CV_q75": 0.25799780232533753,
      "CV_q90": 0.3988404514288417,
      "CV_q95": 0.5045780351518481,
      "roc_auc": 0.9131294963420702,
      "roc_auc_directional": 0.9494729819913055,
      "nr_prec": 117162,
      "nr_prec_HUMAN": 86057,
      "nr_prec_YEAST": 25573,
      "nr_prec_ECOLI": 5532,
      "variance_epsilon_global": 0.24351708601636965
    },
    "3": {
      "median_abs_epsilon_global": 0.21061134338378906,
      "median_abs_epsilon_eq_species": 0.2609875996907552,
      "median_abs_epsilon_ECOLI": 0.3498096466064453,
      "median_abs_epsilon_HUMAN": 0.19814205169677734,
      "median_abs_epsilon_YEAST": 0.23501110076904297,
      "mean_abs_epsilon_global": 0.3389308044950495,
      "mean_abs_epsilon_eq_species": 0.4109036908237855,
      "mean_abs_epsilon_ECOLI": 0.5459910864614028,
      "mean_abs_epsilon_HUMAN": 0.3162065317760421,
      "mean_abs_epsilon_YEAST": 0.3705134542339114,
      "median_log2_empirical_ECOLI": -1.7140798568725586,
      "median_log2_empirical_HUMAN": 0.02212238311767578,
      "median_log2_empirical_YEAST": 0.9682464599609375,
      "median_abs_epsilon_precision_global": 0.20882511138916016,
      "median_abs_epsilon_precision_eq_species": 0.2499364217122396,
      "median_abs_epsilon_precision_ECOLI": 0.3149080276489258,
      "median_abs_epsilon_precision_HUMAN": 0.19581890106201172,
      "median_abs_epsilon_precision_YEAST": 0.23908233642578125,
      "mean_log2_empirical_ECOLI": -1.5843584220168483,
      "mean_log2_empirical_HUMAN": -0.011156392855321546,
      "mean_log2_empirical_YEAST": 0.9068267944593293,
      "mean_abs_epsilon_precision_global": 0.337351643534639,
      "mean_abs_epsilon_precision_eq_species": 0.39097632270406085,
      "mean_abs_epsilon_precision_ECOLI": 0.48203196793594555,
      "mean_abs_epsilon_precision_HUMAN": 0.3171300983146315,