{
  "old_new": "new",
  "id": "DIA-NN_20251027_114132",
  "software_name": "DIA-NN",
  "software_version": "1.9.2",
  "search_engine": "DIA-NN",
  "search_engine_version": "1.9.2",
  "ident_fdr_psm": 0.01,
  "ident_fdr_peptide": NaN,
  "ident_fdr_protein": NaN,
  "enable_match_between_runs": true,
  "precursor_mass_tolerance": "[-2.42372 ppm, 2.42372 ppm]",
  "fragment_mass_tolerance": "[-8.32578 ppm, 8.32578 ppm]",
  "enzyme": "Trypsin/P",
  "allowed_miscleavages": 1,
  "min_peptide_length": 6,
  "max_peptide_length": 30,
  "is_temporary": false,
  "intermediate_hash": "45e8b30d58be8ed1dee7657547093c2dc4eadb4b",
  "results": {
    "6": {
      "median_abs_epsilon_global": 0.1732728725770194,
      "median_abs_epsilon_eq_species": 0.17859675715722675,
      "median_abs_epsilon_ECOLI": 0.18469857684852364,
      "median_abs_epsilon_HUMAN": 0.17059156084049487,
      "median_abs_epsilon_YEAST": 0.18050013378266172,
      "mean_abs_epsilon_global": 0.2671131721896825,
      "mean_abs_epsilon_eq_species": 0.27068668559790265,
      "mean_abs_epsilon_ECOLI": 0.271888710410986,
      "mean_abs_epsilon_HUMAN": 0.26476336091701536,
      "mean_abs_epsilon_YEAST": 0.2754079854657066,
      "median_log2_empirical_ECOLI": -1.9581032916527583,
      "median_log2_empirical_HUMAN": -0.08175798195709127,
      "median_log2_empirical_YEAST": 0.9119938430425947,
      "median_abs_epsilon_precision_global": 0.16330947447081812,
      "median_abs_epsilon_precision_eq_species": 0.1713729253974551,
      "median_abs_epsilon_precision_ECOLI": 0.18370882754970808,
      "median_abs_epsilon_precision_HUMAN": 0.1609134100551266,
      "median_abs_epsilon_precision_YEAST": 0.16949653858753067,
      "mean_log2_empirical_ECOLI": -1.9298538665429197,
      "mean_log2_empirical_HUMAN": -0.11152309527851648,
      "mean_log2_empirical_YEAST": 0.903073060562862,
      "mean_abs_epsilon_precision_global": 0.25622258650535557,
      "mean_abs_epsilon_precision_eq_species": 0.26246894216047495,
      "mean_abs_epsilon_precision_ECOLI": 0.2705958385728905,
      "mean_abs_epsilon_precision_HUMAN": 0.2538325622596306,
      "mean_abs_epsilon_precision_YEAST": 0.2629784256489038,
      "CV_median": 0.12564436338572735,
      "CV_q75": 0.2186394005919992,
      "CV_q90": 0.3370545994116838,
      "CV_q95": 0.4294990923333103,
      "roc_auc": 0.9413695326579978,
      "roc_auc_directional": 0.9800530710844153,
      "nr_prec": 78117,
      "nr_prec_HUMAN": 59972,
      "nr_prec_YEAST": 15421,
      "nr_prec_ECOLI": 2724,
      "variance_epsilon_global": 0.18120568967562745
    },
    "5": {
      "median_abs_epsilon_global": 0.19347586962411967,
      "median_abs_epsilon_eq_species": 0.21111544404125868,
      "median_abs_epsilon_ECOLI": 0.23315630418812017,
      "median_abs_epsilon_HUMAN": 0.18753331428099074,
      "median_abs_epsilon_YEAST": 0.2126567136546651,
      "mean_abs_epsilon_global": 0.3248353583131472,
      "mean_abs_epsilon_eq_species": 0.3430672359771272,
      "mean_abs_epsilon_ECOLI": 0.3620405730465889,
      "mean_abs_epsilon_HUMAN": 0.31530431206217113,
      "mean_abs_epsilon_YEAST": 0.35185682282262154,
      "median_log2_empirical_ECOLI": -1.9136511851360876,
      "median_log2_empirical_HUMAN": -0.0814630760025743,
      "median_log2_empirical_YEAST": 0.8981304153106748,
      "median_abs_epsilon_precision_global": 0.18427987200955087,
      "median_abs_epsilon_precision_eq_species": 0.202702342154114,
      "median_abs_epsilon_precision_ECOLI": 0.23078013438070144,
      "median_abs_epsilon_precision_HUMAN": 0.17809328016819492,
      "median_abs_epsilon_precision_YEAST": 0.19923361191344569,
      "mean_log2_empirical_ECOLI": -1.8614338818825962,
      "mean_log2_empirical_HUMAN": -0.11165376706935355,
      "mean_log2_empirical_YEAST": 0.887249878951266,
      "mean_abs_epsilon_precision_global": 0.3140754019973141,
      "mean_abs_epsilon_precision_eq_species": 0.33274781230965483,
      "mean_abs_epsilon_precision_ECOLI": 0.35572427662623923,
      "mean_abs_epsilon_precision_HUMAN": 0.30542255049304123,
      "mean_abs_epsilon_precision_YEAST": 0.3370966098096841,
      "CV_median": 0.13857729400921093,
      "CV_q75": 0.24690127181865548,
      "CV_q90": 0.3908019378552142,
      "CV_q95": 0.5222538895042164,
      "roc_auc": 0.9079584482389595,
      "roc_auc_directional": 0.9620641960933293,
      "nr_prec": 95129,
      "nr_prec_HUMAN": 71389,
      "nr_prec_YEAST": 19918,
      "nr_prec_ECOLI": 3822,
      "variance_epsilon_global": 0.30550575395479046
    },
    "4": {
      "median_abs_epsilon_global": 0.21385814751290155,
      "median_abs_epsilon_eq_species": 0.24762962127778643,
      "median_abs_epsilon_ECOLI": 0.2974003524409845,
      "median_abs_epsilon_HUMAN": 0.20146853186505176,
      "median_abs_epsilon_YEAST": 0.24401997952732302,
      "mean_abs_epsilon_global": 0.3920151696141305,
      "mean_abs_epsilon_eq_species": 0.44246419404939114,
      "mean_abs_epsilon_ECOLI": 0.5162592928179504,
      "mean_abs_epsilon_HUMAN": 0.3689498090692655,
      "mean_abs_epsilon_YEAST": 0.44218348026095755,
      "median_log2_empirical_ECOLI": -1.8568504851844203,
      "median_log2_empirical_HUMAN": -0.08243996742381299,
      "median_log2_empirical_YEAST": 0.8862531123590607,
      "median_abs_epsilon_precision_global": 0.20404534033468025,
      "median_abs_epsilon_precision_eq_species": 0.23921582563396035,
      "median_abs_epsilon_precision_ECOLI": 0.2951624827259529,
      "median_abs_epsilon_precision_HUMAN": 0.19248402131246323,
      "median_abs_epsilon_precision_YEAST": 0.23000097286346488,
      "mean_log2_empirical_ECOLI": -1.7730963181301151,
      "mean_log2_empirical_HUMAN": -0.11689324210890321,
      "mean_log2_empirical_YEAST": 0.8807741891814937,
      "mean_abs_epsilon_precision_global": 0.3810148574960282,
      "mean_abs_epsilon_precision_eq_species": 0.429134102118494,
      "mean_abs_epsilon_precision_ECOLI": 0.5019446681286249,
      "mean_abs_epsilon_precision_HUMAN": 0.3598251651465327,
      "mean_abs_epsilon_precision_YEAST": 0.4256324730803246,
      "CV_median": 0.1454636107067557,
      "CV_q75": 0.2622575969956233,
      "CV_q90": 0.42546576880037273,
      "CV_q95": 0.5946589273505428,
      "roc_auc": 0.8782139843386725,
      "roc_auc_directional": 0.9361742177400361,
      "nr_prec": 107411,
      "nr_prec_HUMAN": 78745,
      "nr_prec_YEAST": 23561,
      "nr_prec_ECOLI": 5105,
      "variance_epsilon_global": 0.5011376448765799
    },
    "3": {
      "median_abs_epsilon_global": 0.22514158182275956,
      "median_abs_epsilon_eq_species": 0.2603186956639186,
      "median_abs_epsilon_ECOLI": 0.30973062233466386,
      "median_abs_epsilon_HUMAN": 0.21141542041356587,
      "median_abs_epsilon_YEAST": 0.25981004424352605,
      "mean_abs_epsilon_global": 0.43917539124882904,
      "mean_abs_epsilon_eq_species": 0.4908638589931062,
      "mean_abs_epsilon_ECOLI": 0.5551257517303626,
      "mean_abs_epsilon_HUMAN": 0.41130655483383055,
      "mean_abs_epsilon_YEAST": 0.5061592704151255,
      "median_log2_empirical_ECOLI": -1.8508083814482834,
      "median_log2_empirical_HUMAN": -0.08220729929321635,
      "median_log2_empirical_YEAST": 0.8810305410071848,
      "median_abs_epsilon_precision_global": 0.2155660494800733,
      "median_abs_epsilon_precision_eq_species": 0.2530621756637732,
      "median_abs_epsilon_precision_ECOLI": 0.30873060397049734,
      "median_abs_epsilon_precision_HUMAN": 0.2020604796866614,
      "median_abs_epsilon_precision_YEAST": 0.24839544333416086,
      "mean_log2_empirical_ECOLI": -1.7668975541247094,
      "mean_log2_empirical_HUMAN": -0.11755916254532353,
      "mean_log2_empirical_YEAST": 0.8697475616858824,
      "mean_abs_epsilon_precision_global": 0.42825289609118994,
      "mean_abs_epsilon_precision_eq_species": 0.4768764209550594,
      "mean_abs_epsilon_precision_ECOLI": 0.5389961181064055,
      "mean_abs_epsilon_precision_HUMAN": 0.4026165475955292,