{
  "old_new": "new",
  "id": "DIA-NN_20251027_114132",
  "software_name": "DIA-NN",
  "software_version": "1.9.2",
  "search_engine": "DIA-NN",
  "search_engine_version": "1.9.2",
  "ident_fdr_psm": "0.01",
  "ident_fdr_peptide": NaN,
  "ident_fdr_protein": NaN,
  "enable_match_between_runs": true,
  "precursor_mass_tolerance": "[-2.42372 ppm, 2.42372 ppm]",
  "fragment_mass_tolerance": "[-8.32578 ppm, 8.32578 ppm]",
  "enzyme": "Trypsin/P",
  "allowed_miscleavages": "1",
  "min_peptide_length": "6",
  "max_peptide_length": "30",
  "is_temporary": false,
  "intermediate_hash": "45e8b30d58be8ed1dee7657547093c2dc4eadb4b",
  "results": {
    "6": {
      "median_abs_epsilon": 0.1735494685222907,
      "mean_abs_epsilon": 0.26816615630265256,
      "variance_epsilon": 0.182822744663356,
      "nr_prec": 78880,
      "CV_median": 0.12491099030636243,
      "CV_q75": 0.21784892355140148,
      "CV_q90": 0.33617208049671143,
      "CV_q95": 0.4285446302255953
    },
    "5": {
      "median_abs_epsilon": 0.19363565885687528,
      "mean_abs_epsilon": 0.3255831748776009,
      "variance_epsilon": 0.30680264138329155,
      "nr_prec": 95960,
      "CV_median": 0.1378560669079213,
      "CV_q75": 0.24609230603204174,
      "CV_q90": 0.39008233089494904,
      "CV_q95": 0.5210607751799469
    },
    "4": {
      "median_abs_epsilon": 0.21391073972802133,
      "mean_abs_epsilon": 0.39231234139828397,
      "variance_epsilon": 0.5011124268192283,
      "nr_prec": 108291,
      "CV_median": 0.14468471944913766,
      "CV_q75": 0.26137645418489663,
      "CV_q90": 0.42444549386915964,
      "CV_q95": 0.5931042376680704
    },
    "3": {
      "median_abs_epsilon": 0.22508450101616795,
      "mean_abs_epsilon": 0.4392575480037018,
      "variance_epsilon": 0.674399694295618,
      "nr_prec": 117889,
      "CV_median": 0.14852176568785536,
      "CV_q75": 0.2704424650045529,
      "CV_q90": 0.4470342266075217,
      "CV_q95": 0.648834729292719
    },
    "2": {
      "median_abs_epsilon": 0.22939411244672847,
      "mean_abs_epsilon": 0.46064832860482835,
      "variance_epsilon": 0.7688936830677666,
      "nr_prec": 123622,
      "CV_median": 0.14985615359971882,
      "CV_q75": 0.27399119026422214,
      "CV_q90": 0.4564353717398043,
      "CV_q95": 0.674836258456046
    },
    "1": {
      "median_abs_epsilon": 0.22939411244672847,
      "mean_abs_epsilon": 0.46064832860482835,
      "variance_epsilon": 0.7688936830677668,
      "nr_prec": 126769,
      "CV_median": 0.14985615359971882,
      "CV_q75": 0.27399119026422214,
      "CV_q90": 0.4564353717398043,
      "CV_q95": 0.674836258456046
    }
  },
  "median_abs_epsilon": 0.22508450101616795,
  "mean_abs_epsilon": 0.4392575480037018,
  "nr_prec": 117889,
  "comments": "",
  "proteobench_version": "0.10.3",
  "color": "#d42f2f",
  "hover_text": "ProteoBench ID: DIA-NN_20251027_114132<br>Software tool: DIA-NN <br>Comment (private submission): ...",
  "scatter_size": 20,
  "fixed_mods": "unimod4",
  "variable_mods": "UniMod:35/15.994915/M,UniMod:1/42.010565/*n",
  "max_mods": "1",
  "min_precursor_charge": "1",
  "max_precursor_charge": "4",
  "quantification_method": "QuantUMS high-precision",
  "protein_inference": "Genes",
  "abundance_normalization_ions": null,
  "submission_comments": "Resubmission of 2db7d789705e1472baec247bf97bd4900fdc2f52 after changing quant column from Precursor.Quantity -> Precursor.Normalised\n\n ### Parameter changes detected:\n- **ident_fdr_protein**: `None` \u2192 `nan`\n- **ident_fdr_peptide**: `None` \u2192 `nan`\n\nDataset URL: https://proteobench.cubimed.rub.de/datasets/45e8b30d58be8ed1dee7657547093c2dc4eadb4b/",
  "min_precursor_mz": "400",
  "max_precursor_mz": "1000",
  "min_fragment_mz": "50",
  "max_fragment_mz": "2000",
  "predictors_library": "{'RT': 'DIANN', 'IM': 'DIANN', 'MS2_int': 'DIANN'}",
  "scan_window": "6"
}