{
  "old_new": "new",
  "id": "DIA-NN_20251027_115800",
  "software_name": "DIA-NN",
  "software_version": "1.9.1",
  "search_engine": "DIA-NN",
  "search_engine_version": "1.9.1",
  "ident_fdr_psm": "0.01",
  "ident_fdr_peptide": NaN,
  "ident_fdr_protein": NaN,
  "enable_match_between_runs": true,
  "precursor_mass_tolerance": "[-2.35167 ppm, 2.35167 ppm]",
  "fragment_mass_tolerance": "[-9.60848 ppm, 9.60848 ppm]",
  "enzyme": "Trypsin/P",
  "allowed_miscleavages": "1",
  "min_peptide_length": "6",
  "max_peptide_length": "30",
  "is_temporary": false,
  "intermediate_hash": "466d95b6879f197aaeaaa14fbefcad06a110082d",
  "results": {
    "6": {
      "median_abs_epsilon": 0.15683689402046141,
      "mean_abs_epsilon": 0.232856918193487,
      "variance_epsilon": 0.12476247296617791,
      "nr_prec": 66311,
      "CV_median": 0.1184721718014318,
      "CV_q75": 0.1989682502286353,
      "CV_q90": 0.29971991415977983,
      "CV_q95": 0.37583269689160137
    },
    "5": {
      "median_abs_epsilon": 0.17501579890056718,
      "mean_abs_epsilon": 0.2760293366278129,
      "variance_epsilon": 0.20425190805687315,
      "nr_prec": 82032,
      "CV_median": 0.12872413325993126,
      "CV_q75": 0.22164798465033328,
      "CV_q90": 0.3416537809472923,
      "CV_q95": 0.4367525865491929
    },
    "4": {
      "median_abs_epsilon": 0.1949091778516836,
      "mean_abs_epsilon": 0.33787549388803934,
      "variance_epsilon": 0.3627217061098846,
      "nr_prec": 94976,
      "CV_median": 0.13526332916160033,
      "CV_q75": 0.23625127827570058,
      "CV_q90": 0.37260267051336743,
      "CV_q95": 0.4900080166035472
    },
    "3": {
      "median_abs_epsilon": 0.21088927477252284,
      "mean_abs_epsilon": 0.4009893865994628,
      "variance_epsilon": 0.5709249392150011,
      "nr_prec": 108474,
      "CV_median": 0.14005330704751526,
      "CV_q75": 0.24770270069219505,
      "CV_q90": 0.3991881213683738,
      "CV_q95": 0.5461151612619138
    },
    "2": {
      "median_abs_epsilon": 0.22345876517703545,
      "mean_abs_epsilon": 0.46287291738671493,
      "variance_epsilon": 0.832842499164086,
      "nr_prec": 122913,
      "CV_median": 0.1425807453832122,
      "CV_q75": 0.2547538976102026,
      "CV_q90": 0.41811743669411516,
      "CV_q95": 0.5933252766861064
    },
    "1": {
      "median_abs_epsilon": 0.22345876517703545,
      "mean_abs_epsilon": 0.4628729173867149,
      "variance_epsilon": 0.8328424991640857,
      "nr_prec": 176516,
      "CV_median": 0.1425807453832122,
      "CV_q75": 0.2547538976102026,
      "CV_q90": 0.41811743669411516,
      "CV_q95": 0.5933252766861064
    }
  },
  "median_abs_epsilon": 0.21088927477252284,
  "mean_abs_epsilon": 0.4009893865994628,
  "nr_prec": 108474,
  "comments": "",
  "proteobench_version": "0.10.3",
  "color": "#d42f2f",
  "hover_text": "ProteoBench ID: DIA-NN_20251027_115800<br>Software tool: DIA-NN <br>Comment (private submission): ...",
  "scatter_size": 20,
  "fixed_mods": "unimod4",
  "variable_mods": "UniMod:35/15.994915/M,UniMod:1/42.010565/*n",
  "max_mods": "1",
  "min_precursor_charge": "1",
  "max_precursor_charge": "4",
  "quantification_method": "QuantUMS high-precision",
  "protein_inference": "Genes",
  "abundance_normalization_ions": null,
  "submission_comments": "Resubmission of 892ad39ce5323fbc36879952e043c5ecced7e904 after changing quant column from Precursor.Quantity -> Precursor.Normalised\n\n ### Parameter changes detected:\n- **ident_fdr_protein**: `None` \u2192 `nan`\n- **ident_fdr_peptide**: `None` \u2192 `nan`\n\nDataset URL: https://proteobench.cubimed.rub.de/datasets/466d95b6879f197aaeaaa14fbefcad06a110082d/",
  "min_precursor_mz": "400",
  "max_precursor_mz": "1000",
  "min_fragment_mz": "50",
  "max_fragment_mz": "2000",
  "predictors_library": "{'RT': 'DIANN', 'IM': 'DIANN', 'MS2_int': 'DIANN'}",
  "scan_window": "5"
}