{
  "old_new": "new",
  "id": "DIA-NN_20251027_115800",
  "software_name": "DIA-NN",
  "software_version": "1.9.1",
  "search_engine": "DIA-NN",
  "search_engine_version": "1.9.1",
  "ident_fdr_psm": 0.01,
  "ident_fdr_peptide": NaN,
  "ident_fdr_protein": NaN,
  "enable_match_between_runs": true,
  "precursor_mass_tolerance": "[-2.35167 ppm, 2.35167 ppm]",
  "fragment_mass_tolerance": "[-9.60848 ppm, 9.60848 ppm]",
  "enzyme": "Trypsin/P",
  "allowed_miscleavages": 1,
  "min_peptide_length": 6,
  "max_peptide_length": 30,
  "is_temporary": false,
  "intermediate_hash": "466d95b6879f197aaeaaa14fbefcad06a110082d",
  "results": {
    "6": {
      "median_abs_epsilon_global": 0.15662473500317375,
      "median_abs_epsilon_eq_species": 0.16496624343735652,
      "median_abs_epsilon_ECOLI": 0.17898102533738935,
      "median_abs_epsilon_HUMAN": 0.15423635793093737,
      "median_abs_epsilon_YEAST": 0.16168134704374282,
      "mean_abs_epsilon_global": 0.2316216326544362,
      "mean_abs_epsilon_eq_species": 0.2417119646765389,
      "mean_abs_epsilon_ECOLI": 0.25794521019693106,
      "mean_abs_epsilon_HUMAN": 0.22874690320411056,
      "mean_abs_epsilon_YEAST": 0.23844378062857513,
      "median_log2_empirical_ECOLI": -1.8855923626145419,
      "median_log2_empirical_HUMAN": -0.04801095791208265,
      "median_log2_empirical_YEAST": 0.9195581610710377,
      "median_abs_epsilon_precision_global": 0.15407174391495815,
      "median_abs_epsilon_precision_eq_species": 0.1568831528601328,
      "median_abs_epsilon_precision_ECOLI": 0.16284578077010892,
      "median_abs_epsilon_precision_HUMAN": 0.15367214580602884,
      "median_abs_epsilon_precision_YEAST": 0.15413153200426066,
      "mean_log2_empirical_ECOLI": -1.8536235036023732,
      "mean_log2_empirical_HUMAN": -0.0796952683687382,
      "mean_log2_empirical_YEAST": 0.895504313665233,
      "mean_abs_epsilon_precision_global": 0.22682484918540513,
      "mean_abs_epsilon_precision_eq_species": 0.2302691345894485,
      "mean_abs_epsilon_precision_ECOLI": 0.23716621687505018,
      "mean_abs_epsilon_precision_HUMAN": 0.22621550047737027,
      "mean_abs_epsilon_precision_YEAST": 0.22742568641592506,
      "CV_median": 0.11914151734694121,
      "CV_q75": 0.19974751813983133,
      "CV_q90": 0.3004258440711808,
      "CV_q95": 0.37653622745503035,
      "roc_auc": 0.958000502764348,
      "roc_auc_directional": 0.9848917744195969,
      "nr_prec": 65638,
      "nr_prec_HUMAN": 50706,
      "nr_prec_YEAST": 12681,
      "nr_prec_ECOLI": 2251,
      "variance_epsilon_global": 0.12290322126477031
    },
    "5": {
      "median_abs_epsilon_global": 0.17475785612212746,
      "median_abs_epsilon_eq_species": 0.19208337543265466,
      "median_abs_epsilon_ECOLI": 0.2200909798932269,
      "median_abs_epsilon_HUMAN": 0.16959986386226156,
      "median_abs_epsilon_YEAST": 0.18655928254247556,
      "mean_abs_epsilon_global": 0.2749392041477475,
      "mean_abs_epsilon_eq_species": 0.30070956619844896,
      "mean_abs_epsilon_ECOLI": 0.3426252350489087,
      "mean_abs_epsilon_HUMAN": 0.2666039264424757,
      "mean_abs_epsilon_YEAST": 0.2928995371039626,
      "median_log2_empirical_ECOLI": -1.8460773184394803,
      "median_log2_empirical_HUMAN": -0.04630979873375196,
      "median_log2_empirical_YEAST": 0.9063936683990903,
      "median_abs_epsilon_precision_global": 0.1716039159314917,
      "median_abs_epsilon_precision_eq_species": 0.1820132134643823,
      "median_abs_epsilon_precision_ECOLI": 0.19825609045969017,
      "median_abs_epsilon_precision_HUMAN": 0.1685376409102055,
      "median_abs_epsilon_precision_YEAST": 0.17924590902325122,
      "mean_log2_empirical_ECOLI": -1.777656743394932,
      "mean_log2_empirical_HUMAN": -0.07729835509990532,
      "mean_log2_empirical_YEAST": 0.8771648497452912,
      "mean_abs_epsilon_precision_global": 0.2694675363554099,
      "mean_abs_epsilon_precision_eq_species": 0.28560229824177963,
      "mean_abs_epsilon_precision_ECOLI": 0.3125501176292978,
      "mean_abs_epsilon_precision_HUMAN": 0.26446252399296466,
      "mean_abs_epsilon_precision_YEAST": 0.27979425310307643,
      "CV_median": 0.12937020205149385,
      "CV_q75": 0.2223312473730263,
      "CV_q90": 0.3423458843469211,
      "CV_q95": 0.43743727326906956,
      "roc_auc": 0.9310825431039009,
      "roc_auc_directional": 0.9707906342934007,
      "nr_prec": 81277,
      "nr_prec_HUMAN": 61440,
      "nr_prec_YEAST": 16703,
      "nr_prec_ECOLI": 3134,
      "variance_epsilon_global": 0.20218628629207655
    },
    "4": {
      "median_abs_epsilon_global": 0.19475308418758175,
      "median_abs_epsilon_eq_species": 0.22684816170463287,
      "median_abs_epsilon_ECOLI": 0.2786838640902758,
      "median_abs_epsilon_HUMAN": 0.18507826217508772,
      "median_abs_epsilon_YEAST": 0.21678235884853514,
      "mean_abs_epsilon_global": 0.33727117507110715,
      "mean_abs_epsilon_eq_species": 0.3876887157768125,
      "mean_abs_epsilon_ECOLI": 0.47310366282449234,
      "mean_abs_epsilon_HUMAN": 0.3192600100832499,
      "mean_abs_epsilon_YEAST": 0.3707024744226954,
      "median_log2_empirical_ECOLI": -1.7856553089590186,
      "median_log2_empirical_HUMAN": -0.04590145525550149,
      "median_log2_empirical_YEAST": 0.8926457666117944,
      "median_abs_epsilon_precision_global": 0.19124344183268427,
      "median_abs_epsilon_precision_eq_species": 0.21746916922170278,
      "median_abs_epsilon_precision_ECOLI": 0.26253731624581356,
      "median_abs_epsilon_precision_HUMAN": 0.18377213789364966,
      "median_abs_epsilon_precision_YEAST": 0.20609805352564514,
      "mean_log2_empirical_ECOLI": -1.68242245539898,
      "mean_log2_empirical_HUMAN": -0.07890478635678402,
      "mean_log2_empirical_YEAST": 0.8655402131648582,
      "mean_abs_epsilon_precision_global": 0.3306725785719385,
      "mean_abs_epsilon_precision_eq_species": 0.3676656485579913,
      "mean_abs_epsilon_precision_ECOLI": 0.4306641852171196,
      "mean_abs_epsilon_precision_HUMAN": 0.3175616870297583,
      "mean_abs_epsilon_precision_YEAST": 0.3547710734270959,
      "CV_median": 0.1359390484206245,
      "CV_q75": 0.23697164289034678,
      "CV_q90": 0.37351183761573026,
      "CV_q95": 0.4909302918888505,
      "roc_auc": 0.8993054799265014,
      "roc_auc_directional": 0.9474750728293693,
      "nr_prec": 94169,
      "nr_prec_HUMAN": 69732,
      "nr_prec_YEAST": 20150,
      "nr_prec_ECOLI": 4287,
      "variance_epsilon_global": 0.36173881726556106
    },
    "3": {
      "median_abs_epsilon_global": 0.21075765523143097,
      "median_abs_epsilon_eq_species": 0.24782186422294514,
      "median_abs_epsilon_ECOLI": 0.3046450796990108,
      "median_abs_epsilon_HUMAN": 0.1990113934697746,
      "median_abs_epsilon_YEAST": 0.23980911950005002,
      "mean_abs_epsilon_global": 0.40081411241562254,
      "mean_abs_epsilon_eq_species": 0.4619022726081268,
      "mean_abs_epsilon_ECOLI": 0.5562468311937783,
      "mean_abs_epsilon_HUMAN": 0.3756945798366084,
      "mean_abs_epsilon_YEAST": 0.4537654067939935,
      "median_log2_empirical_ECOLI": -1.7670577690294422,
      "median_log2_empirical_HUMAN": -0.04450536627478385,
      "median_log2_empirical_YEAST": 0.885552726719224,
      "median_abs_epsilon_precision_global": 0.20714080934408763,
      "median_abs_epsilon_precision_eq_species": 0.23832102183901446,
      "median_abs_epsilon_precision_ECOLI": 0.2873756990442615,
      "median_abs_epsilon_precision_HUMAN": 0.19710637618563354,
      "median_abs_epsilon_precision_YEAST": 0.2304809902871483,
      "mean_log2_empirical_ECOLI": -1.63156986329252,
      "mean_log2_empirical_HUMAN": -0.07586442283726184,
      "mean_log2_empirical_YEAST": 0.866388732917649,
      "mean_abs_epsilon_precision_global": 0.3939818200965573,
      "mean_abs_epsilon_precision_eq_species": 0.4414281875041353,
      "mean_abs_epsilon_precision_ECOLI": 0.5136014291204618,
      "mean_abs_epsilon_precision_HUMAN": 0.3741032624912171,