{
  "old_new": "new",
  "id": "Spectronaut_20250707_115202",
  "software_name": "Spectronaut",
  "software_version": "20.0.250606.92449",
  "search_engine": "Spectronaut",
  "search_engine_version": "20.0.250606.92449",
  "ident_fdr_psm": "0.01",
  "ident_fdr_peptide": null,
  "ident_fdr_protein": "0.01",
  "enable_match_between_runs": false,
  "precursor_mass_tolerance": "Dynamic",
  "fragment_mass_tolerance": "Dynamic",
  "enzyme": "Trypsin",
  "allowed_miscleavages": "1",
  "min_peptide_length": "6",
  "max_peptide_length": "30",
  "is_temporary": false,
  "intermediate_hash": "486bf22bfa4db5554a3eab846674ba301c29c620",
  "results": {
    "6": {
      "median_abs_epsilon": 0.20321837375154406,
      "mean_abs_epsilon": 0.33509197101184823,
      "variance_epsilon": 0.262824215590584,
      "nr_prec": 94758,
      "CV_median": 0.15892925074434483,
      "CV_q75": 0.2972960588572383,
      "CV_q90": 0.4906961248405398,
      "CV_q95": 0.6356765638054664
    },
    "5": {
      "median_abs_epsilon": 0.21814081591753132,
      "mean_abs_epsilon": 0.36822010385484655,
      "variance_epsilon": 0.3243526354056963,
      "nr_prec": 103234,
      "CV_median": 0.16881161741405776,
      "CV_q75": 0.3195105609074279,
      "CV_q90": 0.531070622603131,
      "CV_q95": 0.685827396661586
    },
    "4": {
      "median_abs_epsilon": 0.22508347789982297,
      "mean_abs_epsilon": 0.3873005024410599,
      "variance_epsilon": 0.3678499772268587,
      "nr_prec": 106414,
      "CV_median": 0.1716056562400227,
      "CV_q75": 0.3256191065241647,
      "CV_q90": 0.5427659668274589,
      "CV_q95": 0.699424106399242
    },
    "3": {
      "median_abs_epsilon": 0.22666936777433655,
      "mean_abs_epsilon": 0.3924904770837472,
      "variance_epsilon": 0.38202880960824603,
      "nr_prec": 107662,
      "CV_median": 0.1724386351365115,
      "CV_q75": 0.3275484591443981,
      "CV_q90": 0.5467223622335724,
      "CV_q95": 0.7037349149018549
    },
    "2": {
      "median_abs_epsilon": 0.2270759577928354,
      "mean_abs_epsilon": 0.3944004552957701,
      "variance_epsilon": 0.38883937320945094,
      "nr_prec": 108030,
      "CV_median": 0.17254708928008997,
      "CV_q75": 0.32779926104544255,
      "CV_q90": 0.5473324646859974,
      "CV_q95": 0.7044318262284635
    },
    "1": {
      "median_abs_epsilon": 0.2270759577928354,
      "mean_abs_epsilon": 0.3944004552957701,
      "variance_epsilon": 0.38883937320945106,
      "nr_prec": 108167,
      "CV_median": 0.17254708928008997,
      "CV_q75": 0.32779926104544255,
      "CV_q90": 0.5473324646859974,
      "CV_q95": 0.7044318262284635
    }
  },
  "median_abs_epsilon": 0.2270759577928354,
  "mean_abs_epsilon": 0.3944004552957701,
  "nr_prec": 108167,
  "comments": "",
  "proteobench_version": "0.8.28",
  "color": "#007548",
  "hover_text": "ProteoBench ID: Spectronaut_20250707_115202<br>Software tool: Spectronaut <br>Comment (private submission): ...",
  "scatter_size": 20,
  "fixed_mods": "Carbamidomethyl (C)",
  "variable_mods": "Acetyl (Protein N-term), Oxidation (M)",
  "max_mods": "1",
  "min_precursor_charge": null,
  "max_precursor_charge": null,
  "quantification_method": "MS2",
  "protein_inference": "IDPicker",
  "abundance_normalization_ions": "True",
  "submission_comments": "\n\n ### Parameter changes detected:\n- **scan_window**: `Dynamic` \u2192 `[MISSING]`\n\nDataset URL: https://proteobench.cubimed.rub.de/datasets/486bf22bfa4db5554a3eab846674ba301c29c620/"
}