{
  "old_new": "new",
  "id": "Spectronaut_20250707_115202",
  "software_name": "Spectronaut",
  "software_version": "20.0.250606.92449",
  "search_engine": "Spectronaut",
  "search_engine_version": "20.0.250606.92449",
  "ident_fdr_psm": 0.01,
  "ident_fdr_peptide": null,
  "ident_fdr_protein": 0.01,
  "enable_match_between_runs": false,
  "precursor_mass_tolerance": "Dynamic",
  "fragment_mass_tolerance": "Dynamic",
  "enzyme": "Trypsin",
  "allowed_miscleavages": 1,
  "min_peptide_length": 6,
  "max_peptide_length": 30,
  "is_temporary": false,
  "intermediate_hash": "486bf22bfa4db5554a3eab846674ba301c29c620",
  "results": {
    "6": {
      "median_abs_epsilon_global": 0.20330640637149022,
      "median_abs_epsilon_eq_species": 0.21844159794458498,
      "median_abs_epsilon_ECOLI": 0.24391699406692968,
      "median_abs_epsilon_HUMAN": 0.1983565574999755,
      "median_abs_epsilon_YEAST": 0.2130512422668498,
      "mean_abs_epsilon_global": 0.3351525734595076,
      "mean_abs_epsilon_eq_species": 0.3627043733938004,
      "mean_abs_epsilon_ECOLI": 0.4174069134479058,
      "mean_abs_epsilon_HUMAN": 0.32844234905344977,
      "mean_abs_epsilon_YEAST": 0.3422638576800457,
      "median_log2_empirical_ECOLI": -1.9917813486379963,
      "median_log2_empirical_HUMAN": -0.06617671117531909,
      "median_log2_empirical_YEAST": 0.9462158024038576,
      "median_abs_epsilon_precision_global": 0.19781698177362728,
      "median_abs_epsilon_precision_eq_species": 0.2143716699852165,
      "median_abs_epsilon_precision_ECOLI": 0.2432783115455317,
      "median_abs_epsilon_precision_HUMAN": 0.1932498409972494,
      "median_abs_epsilon_precision_YEAST": 0.20658685741286842,
      "mean_log2_empirical_ECOLI": -1.9983590234339168,
      "mean_log2_empirical_HUMAN": -0.11273106171403015,
      "mean_log2_empirical_YEAST": 0.9524420236208573,
      "mean_abs_epsilon_precision_global": 0.33124995088843157,
      "mean_abs_epsilon_precision_eq_species": 0.35994223208992837,
      "mean_abs_epsilon_precision_ECOLI": 0.4173803193304863,
      "mean_abs_epsilon_precision_HUMAN": 0.3244032353558017,
      "mean_abs_epsilon_precision_YEAST": 0.3380431415834972,
      "CV_median": 0.15918543671743732,
      "CV_q75": 0.2975348343136068,
      "CV_q90": 0.4909500715254178,
      "CV_q95": 0.6360470378271896,
      "roc_auc": 0.9072210157770084,
      "roc_auc_directional": 0.9609422198615047,
      "nr_prec": 94492,
      "nr_prec_HUMAN": 70891,
      "nr_prec_YEAST": 19504,
      "nr_prec_ECOLI": 4097,
      "variance_epsilon_global": 0.26265627630022415
    },
    "5": {
      "median_abs_epsilon_global": 0.21836648378523726,
      "median_abs_epsilon_eq_species": 0.24590089214709673,
      "median_abs_epsilon_ECOLI": 0.2954447482945679,
      "median_abs_epsilon_HUMAN": 0.21057911380678718,
      "median_abs_epsilon_YEAST": 0.2316788143399351,
      "mean_abs_epsilon_global": 0.368169295766201,
      "mean_abs_epsilon_eq_species": 0.4103515442400926,
      "mean_abs_epsilon_ECOLI": 0.496821583084255,
      "mean_abs_epsilon_HUMAN": 0.3567015630030923,
      "mean_abs_epsilon_YEAST": 0.3775314866329305,
      "median_log2_empirical_ECOLI": -1.987659714116874,
      "median_log2_empirical_HUMAN": -0.06868236511764891,
      "median_log2_empirical_YEAST": 0.9461565643063388,
      "median_abs_epsilon_precision_global": 0.2134131119179843,
      "median_abs_epsilon_precision_eq_species": 0.24266779165325744,
      "median_abs_epsilon_precision_ECOLI": 0.2945945042583662,
      "median_abs_epsilon_precision_HUMAN": 0.20545885291169697,
      "median_abs_epsilon_precision_YEAST": 0.22795001778970914,
      "mean_log2_empirical_ECOLI": -1.9804279468200576,
      "mean_log2_empirical_HUMAN": -0.1221853192103999,
      "mean_log2_empirical_YEAST": 0.9551050117141251,
      "mean_abs_epsilon_precision_global": 0.36479599963090215,
      "mean_abs_epsilon_precision_eq_species": 0.4078696366793162,
      "mean_abs_epsilon_precision_ECOLI": 0.49672215091961897,
      "mean_abs_epsilon_precision_HUMAN": 0.35325803055885024,
      "mean_abs_epsilon_precision_YEAST": 0.3736287285594793,
      "CV_median": 0.1690805941677992,
      "CV_q75": 0.319735094923287,
      "CV_q90": 0.531346733976672,
      "CV_q95": 0.6859137495686694,
      "roc_auc": 0.8923251322942889,
      "roc_auc_directional": 0.9495902428197549,
      "nr_prec": 102953,
      "nr_prec_HUMAN": 75881,
      "nr_prec_YEAST": 21902,
      "nr_prec_ECOLI": 5170,
      "variance_epsilon_global": 0.3237519808578764
    },
    "4": {
      "median_abs_epsilon_global": 0.22519620960405273,
      "median_abs_epsilon_eq_species": 0.26024093078503663,
      "median_abs_epsilon_ECOLI": 0.32462016677722616,
      "median_abs_epsilon_HUMAN": 0.2150879488469961,
      "median_abs_epsilon_YEAST": 0.2410146767308876,
      "mean_abs_epsilon_global": 0.3872014462679727,
      "mean_abs_epsilon_eq_species": 0.44042345213700657,
      "mean_abs_epsilon_ECOLI": 0.5513794417178519,
      "mean_abs_epsilon_HUMAN": 0.37158400230756666,
      "mean_abs_epsilon_YEAST": 0.39830691238560106,
      "median_log2_empirical_ECOLI": -1.9734257265578279,
      "median_log2_empirical_HUMAN": -0.06955471814817393,
      "median_log2_empirical_YEAST": 0.9449539977444772,
      "median_abs_epsilon_precision_global": 0.22045497433454342,
      "median_abs_epsilon_precision_eq_species": 0.2579118330462003,
      "median_abs_epsilon_precision_ECOLI": 0.3267677275054339,
      "median_abs_epsilon_precision_HUMAN": 0.21027798579798862,
      "median_abs_epsilon_precision_YEAST": 0.2366897858351784,
      "mean_log2_empirical_ECOLI": -1.9502592660091842,
      "mean_log2_empirical_HUMAN": -0.12786621284284364,
      "mean_log2_empirical_YEAST": 0.9510204398287931,
      "mean_abs_epsilon_precision_global": 0.38422296186162763,
      "mean_abs_epsilon_precision_eq_species": 0.43804938095854656,
      "mean_abs_epsilon_precision_ECOLI": 0.5511754432555739,
      "mean_abs_epsilon_precision_HUMAN": 0.36871061730246274,
      "mean_abs_epsilon_precision_YEAST": 0.39426208231760296,
      "CV_median": 0.17183906593589704,
      "CV_q75": 0.3258774280183504,
      "CV_q90": 0.543157204328856,
      "CV_q95": 0.6994978616959404,
      "roc_auc": 0.8844354005120463,
      "roc_auc_directional": 0.9408944233754819,
      "nr_prec": 106126,
      "nr_prec_HUMAN": 77493,
      "nr_prec_YEAST": 22804,
      "nr_prec_ECOLI": 5829,
      "variance_epsilon_global": 0.3670731175025184
    },
    "3": {
      "median_abs_epsilon_global": 0.2268417335270314,
      "median_abs_epsilon_eq_species": 0.262201662141035,
      "median_abs_epsilon_ECOLI": 0.326994835426083,
      "median_abs_epsilon_HUMAN": 0.21654701708874757,
      "median_abs_epsilon_YEAST": 0.2430631339082745,
      "mean_abs_epsilon_global": 0.3924017195468276,
      "mean_abs_epsilon_eq_species": 0.445246297015444,
      "mean_abs_epsilon_ECOLI": 0.5547259858155577,
      "mean_abs_epsilon_HUMAN": 0.3766566721550001,
      "mean_abs_epsilon_YEAST": 0.4043562330757743,
      "median_log2_empirical_ECOLI": -1.971939952040894,
      "median_log2_empirical_HUMAN": -0.06982532379858775,
      "median_log2_empirical_YEAST": 0.9449539977444772,
      "median_abs_epsilon_precision_global": 0.22196774545498954,
      "median_abs_epsilon_precision_eq_species": 0.2596432542412903,
      "median_abs_epsilon_precision_ECOLI": 0.32866983168563646,
      "median_abs_epsilon_precision_HUMAN": 0.21154401884452856,
      "median_abs_epsilon_precision_YEAST": 0.23871591219370591,
      "mean_log2_empirical_ECOLI": -1.9465543819454907,
      "mean_log2_empirical_HUMAN": -0.12904802796854964,
      "mean_log2_empirical_YEAST": 0.9506346880826727,
      "mean_abs_epsilon_precision_global": 0.3895089068566947,
      "mean_abs_epsilon_precision_eq_species": 0.44291355706403684,
      "mean_abs_epsilon_precision_ECOLI": 0.5545129862162582,
      "mean_abs_epsilon_precision_HUMAN": 0.3738957968718788,