{
  "old_new": "new",
  "id": "DIA-NN_20250605_163329",
  "software_name": "DIA-NN",
  "software_version": "1.7.16",
  "search_engine": "DIA-NN",
  "search_engine_version": "1.7.16",
  "ident_fdr_psm": "0.01",
  "ident_fdr_peptide": NaN,
  "ident_fdr_protein": NaN,
  "enable_match_between_runs": true,
  "precursor_mass_tolerance": "[-2.78001 ppm, 2.78001 ppm]",
  "fragment_mass_tolerance": "[-5.62001 ppm, 5.62001 ppm]",
  "enzyme": "Trypsin/P",
  "allowed_miscleavages": "1",
  "min_peptide_length": "6",
  "max_peptide_length": "30",
  "is_temporary": false,
  "intermediate_hash": "4a222923adb138f5e8a650226d9eee9793234797",
  "results": {
    "6": {
      "median_abs_epsilon": 0.25456278024009826,
      "mean_abs_epsilon": 0.4061322493115885,
      "variance_epsilon": 0.35580340412506584,
      "nr_prec": 8620,
      "CV_median": 0.20528341626075824,
      "CV_q90": 0.6005521449834736,
      "CV_q75": 0.39323370545619546,
      "CV_q95": 0.7232940780534474
    },
    "5": {
      "median_abs_epsilon": 0.2893576487366465,
      "mean_abs_epsilon": 0.46291422960492257,
      "variance_epsilon": 0.45073688275417695,
      "nr_prec": 10356,
      "CV_median": 0.23036970427537246,
      "CV_q90": 0.6598666175566188,
      "CV_q75": 0.43317387885822484,
      "CV_q95": 0.7863763582701809
    },
    "4": {
      "median_abs_epsilon": 0.3179398385878187,
      "mean_abs_epsilon": 0.5066050961494051,
      "variance_epsilon": 0.5457018208171959,
      "nr_prec": 11441,
      "CV_median": 0.24194155249243188,
      "CV_q90": 0.6758932988298878,
      "CV_q75": 0.4491307709607286,
      "CV_q95": 0.8107660037590233
    },
    "3": {
      "median_abs_epsilon": 0.33180346473761446,
      "mean_abs_epsilon": 0.5294721549066258,
      "variance_epsilon": 0.5967160058135045,
      "nr_prec": 12217,
      "CV_median": 0.24666859145484218,
      "CV_q90": 0.6846792101220566,
      "CV_q75": 0.4584531625974928,
      "CV_q95": 0.8215646118068792
    },
    "2": {
      "median_abs_epsilon": 0.33531081710842514,
      "mean_abs_epsilon": 0.537411618738219,
      "variance_epsilon": 0.616753529013067,
      "nr_prec": 12598,
      "CV_median": 0.2478291926450113,
      "CV_q90": 0.6876172940500797,
      "CV_q75": 0.4600305464584392,
      "CV_q95": 0.8240107784372417
    },
    "1": {
      "median_abs_epsilon": 0.33531081710842514,
      "mean_abs_epsilon": 0.537411618738219,
      "variance_epsilon": 0.616753529013067,
      "nr_prec": 12820,
      "CV_median": 0.2478291926450113,
      "CV_q90": 0.6876172940500797,
      "CV_q75": 0.4600305464584392,
      "CV_q95": 0.8240107784372417
    }
  },
  "median_abs_epsilon": 0.33180346473761446,
  "mean_abs_epsilon": 0.5294721549066258,
  "nr_prec": 12217,
  "comments": "",
  "proteobench_version": "0.5.10.dev28+g149aad0.d20241219",
  "color": "#8c564b",
  "hover_text": "ProteoBench ID: DIA-NN_20250605_163329<br>Software tool: DIA-NN <br>Comment (private submission): ...",
  "scatter_size": 20,
  "fixed_mods": "Carbamidomethyl (C)",
  "variable_mods": "Oxidation (M)",
  "max_mods": "1",
  "min_precursor_charge": NaN,
  "max_precursor_charge": NaN,
  "quantification_method": "QuantUMS high-precision",
  "protein_inference": "Genes",
  "abundance_normalization_ions": null,
  "submission_comments": "TO BE REMOVED\n\n ### Parameter changes detected:\n- **max_precursor_charge**: `None` \u2192 `nan`\n- **ident_fdr_protein**: `None` \u2192 `nan`\n- **min_precursor_charge**: `None` \u2192 `nan`\n- **ident_fdr_peptide**: `None` \u2192 `nan`\n\nDataset URL: https://proteobench.cubimed.rub.de/datasets/4a222923adb138f5e8a650226d9eee9793234797/"
}