{
  "old_new": "new",
  "id": "DIA-NN_20251204_151333",
  "software_name": "DIA-NN",
  "software_version": "2.3.0 Academia ",
  "search_engine": "DIA-NN",
  "search_engine_version": "2.3.0 Academia ",
  "ident_fdr_psm": "0.1",
  "ident_fdr_peptide": NaN,
  "ident_fdr_protein": NaN,
  "enable_match_between_runs": false,
  "precursor_mass_tolerance": "[-40.0 ppm, 40.0 ppm]",
  "fragment_mass_tolerance": "[-40.0 ppm, 40.0 ppm]",
  "enzyme": "R*",
  "allowed_miscleavages": "5",
  "min_peptide_length": "7",
  "max_peptide_length": "30",
  "is_temporary": false,
  "intermediate_hash": "4cc229a793e08041348ccff49d7afaf0117a9da0",
  "results": {
    "6": {
      "median_abs_epsilon": 0.17512130737304688,
      "mean_abs_epsilon": 0.24746553209906424,
      "variance_epsilon": 0.14055934138095114,
      "nr_prec": 1563,
      "CV_median": 0.12437146882565754,
      "CV_q75": 0.19906831084341,
      "CV_q90": 0.301247166273549,
      "CV_q95": 0.37514049223440327
    },
    "5": {
      "median_abs_epsilon": 0.19159317016601562,
      "mean_abs_epsilon": 0.2747849271207037,
      "variance_epsilon": 0.16464229663022756,
      "nr_prec": 2004,
      "CV_median": 0.13423102163226855,
      "CV_q75": 0.22317538664337278,
      "CV_q90": 0.3357910453112505,
      "CV_q95": 0.41784532359228344
    },
    "4": {
      "median_abs_epsilon": 0.21772003173828125,
      "mean_abs_epsilon": 0.3268587380599357,
      "variance_epsilon": 0.25946460838396473,
      "nr_prec": 2468,
      "CV_median": 0.14005913028858336,
      "CV_q75": 0.23756959932772886,
      "CV_q90": 0.35772293340779127,
      "CV_q95": 0.4484130586781552
    },
    "3": {
      "median_abs_epsilon": 0.2362537384033203,
      "mean_abs_epsilon": 0.3813937526398674,
      "variance_epsilon": 0.39611756540095683,
      "nr_prec": 3022,
      "CV_median": 0.14548606666113356,
      "CV_q75": 0.24875315910500675,
      "CV_q90": 0.3804048351098836,
      "CV_q95": 0.4819451699179095
    },
    "2": {
      "median_abs_epsilon": 0.2566051483154297,
      "mean_abs_epsilon": 0.4394487050631556,
      "variance_epsilon": 0.627567798608396,
      "nr_prec": 3695,
      "CV_median": 0.14854839864452626,
      "CV_q75": 0.25737407865642353,
      "CV_q90": 0.39425244570968754,
      "CV_q95": 0.5142066906249312
    },
    "1": {
      "median_abs_epsilon": 0.2566051483154297,
      "mean_abs_epsilon": 0.4394487050631556,
      "variance_epsilon": 0.6275677986083961,
      "nr_prec": 5535,
      "CV_median": 0.14854839864452626,
      "CV_q75": 0.25737407865642353,
      "CV_q90": 0.39425244570968754,
      "CV_q95": 0.5142066906249312
    }
  },
  "median_abs_epsilon": 0.2362537384033203,
  "mean_abs_epsilon": 0.3813937526398674,
  "nr_prec": 3022,
  "comments": "",
  "proteobench_version": "0.10.4",
  "color": "#d42f2f",
  "hover_text": "ProteoBench ID: DIA-NN_20251204_151333<br>Software tool: DIA-NN <br>Comment (private submission): ...",
  "scatter_size": 20,
  "fixed_mods": "",
  "variable_mods": "",
  "max_mods": "1",
  "min_precursor_charge": "2",
  "max_precursor_charge": "3",
  "quantification_method": "QuantUMS high-precision",
  "protein_inference": "Genes",
  "abundance_normalization_ions": null,
  "submission_comments": "TEST DO NOT SUBMIT\n\n ### Parameter changes detected:\n- **ident_fdr_protein**: `None` \u2192 `nan`\n- **ident_fdr_peptide**: `None` \u2192 `nan`\n\nDataset URL: https://proteobench.cubimed.rub.de/datasets/4cc229a793e08041348ccff49d7afaf0117a9da0/",
  "min_precursor_mz": "700",
  "max_precursor_mz": "1000",
  "min_fragment_mz": "400",
  "max_fragment_mz": "1000",
  "predictors_library": "{'RT': 'DIANN', 'IM': 'DIANN', 'MS2_int': 'DIANN'}",
  "scan_window": "5"
}