{
  "id": "DIA-NN_20260128_103531",
  "software_name": "DIA-NN",
  "software_version": "2.3.0 Academia ",
  "search_engine": "DIA-NN",
  "search_engine_version": "2.3.0 Academia ",
  "ident_fdr_psm": 0.1,
  "ident_fdr_peptide": NaN,
  "ident_fdr_protein": NaN,
  "enable_match_between_runs": false,
  "precursor_mass_tolerance": "[-40.0 ppm, 40.0 ppm]",
  "fragment_mass_tolerance": "[-40.0 ppm, 40.0 ppm]",
  "enzyme": "R*",
  "allowed_miscleavages": 5,
  "min_peptide_length": 7,
  "max_peptide_length": 30,
  "is_temporary": false,
  "intermediate_hash": "4cc229a793e08041348ccff49d7afaf0117a9da0",
  "results": {
    "6": {
      "median_abs_epsilon_global": 0.17537879943847656,
      "median_abs_epsilon_eq_species": 0.2138036092122396,
      "median_abs_epsilon_ECOLI": 0.29091358184814453,
      "median_abs_epsilon_HUMAN": 0.1714792251586914,
      "median_abs_epsilon_YEAST": 0.1790180206298828,
      "mean_abs_epsilon_global": 0.24613051559735025,
      "mean_abs_epsilon_eq_species": 0.2865684556012574,
      "mean_abs_epsilon_ECOLI": 0.36162776213425857,
      "mean_abs_epsilon_HUMAN": 0.23914204410950093,
      "mean_abs_epsilon_YEAST": 0.2589355605600126,
      "median_log2_empirical_ECOLI": -1.734762191772461,
      "median_log2_empirical_HUMAN": 0.008532524108886719,
      "median_log2_empirical_YEAST": 0.9981307983398438,
      "median_abs_epsilon_precision_global": 0.17287349700927734,
      "median_abs_epsilon_precision_eq_species": 0.18022823333740234,
      "median_abs_epsilon_precision_ECOLI": 0.19099998474121094,
      "median_abs_epsilon_precision_HUMAN": 0.17105388641357422,
      "median_abs_epsilon_precision_YEAST": 0.17863082885742188,
      "mean_log2_empirical_ECOLI": -1.6925680087162898,
      "mean_log2_empirical_HUMAN": -0.01947487716795142,
      "mean_log2_empirical_YEAST": 0.954193559997285,
      "mean_abs_epsilon_precision_global": 0.24453496270280858,
      "mean_abs_epsilon_precision_eq_species": 0.2574334235794298,
      "mean_abs_epsilon_precision_ECOLI": 0.2698394490416939,
      "mean_abs_epsilon_precision_HUMAN": 0.24041821326499974,
      "mean_abs_epsilon_precision_YEAST": 0.26204260843159566,
      "CV_median": 0.12484878615272674,
      "CV_q75": 0.20022840712278053,
      "CV_q90": 0.3039312709147061,
      "CV_q95": 0.3759304869570283,
      "variance_epsilon_global": 0.13718263075103596,
      "nr_feature": 1543,
      "roc_auc": 0.9633696587324347
    },
    "5": {
      "median_abs_epsilon_global": 0.19189071655273438,
      "median_abs_epsilon_eq_species": 0.24085235595703125,
      "median_abs_epsilon_ECOLI": 0.3281278610229492,
      "median_abs_epsilon_HUMAN": 0.18549251556396484,
      "median_abs_epsilon_YEAST": 0.2089366912841797,
      "mean_abs_epsilon_global": 0.27385361893154186,
      "mean_abs_epsilon_eq_species": 0.3328071531298286,
      "mean_abs_epsilon_ECOLI": 0.4465506871541341,
      "mean_abs_epsilon_HUMAN": 0.2620870518212271,
      "mean_abs_epsilon_YEAST": 0.2897837204141246,
      "median_log2_empirical_ECOLI": -1.6951589584350586,
      "median_log2_empirical_HUMAN": 0.011350631713867188,
      "median_log2_empirical_YEAST": 0.9711513519287109,
      "median_abs_epsilon_precision_global": 0.1877899169921875,
      "median_abs_epsilon_precision_eq_species": 0.2070763905843099,
      "median_abs_epsilon_precision_ECOLI": 0.23148822784423828,
      "median_abs_epsilon_precision_HUMAN": 0.18445682525634766,
      "median_abs_epsilon_precision_YEAST": 0.20528411865234375,
      "mean_log2_empirical_ECOLI": -1.6354255222138905,
      "mean_log2_empirical_HUMAN": -0.017710724089405324,
      "mean_log2_empirical_YEAST": 0.9134459815682455,
      "mean_abs_epsilon_precision_global": 0.27081353947325754,
      "mean_abs_epsilon_precision_eq_species": 0.3000813628563712,
      "mean_abs_epsilon_precision_ECOLI": 0.344682112843001,
      "mean_abs_epsilon_precision_HUMAN": 0.26320023418317157,
      "mean_abs_epsilon_precision_YEAST": 0.29236174154294114,
      "CV_median": 0.13487166103861248,
      "CV_q75": 0.22400701887834162,
      "CV_q90": 0.3364285834998375,
      "CV_q95": 0.4185035512977012,
      "variance_epsilon_global": 0.16208840404919292,
      "nr_feature": 1983,
      "roc_auc": 0.9515446691126879
    },
    "4": {
      "median_abs_epsilon_global": 0.21811962127685547,
      "median_abs_epsilon_eq_species": 0.2813638051350911,
      "median_abs_epsilon_ECOLI": 0.4059886932373047,
      "median_abs_epsilon_HUMAN": 0.20517921447753906,
      "median_abs_epsilon_YEAST": 0.2329235076904297,
      "mean_abs_epsilon_global": 0.3269334686608847,
      "mean_abs_epsilon_eq_species": 0.4194529421227964,
      "mean_abs_epsilon_ECOLI": 0.6141724586486816,
      "mean_abs_epsilon_HUMAN": 0.3066890245757608,
      "mean_abs_epsilon_YEAST": 0.3374973431439467,
      "median_log2_empirical_ECOLI": -1.636606216430664,
      "median_log2_empirical_HUMAN": 0.012037277221679688,
      "median_log2_empirical_YEAST": 0.9369297027587891,
      "median_abs_epsilon_precision_global": 0.21258544921875,
      "median_abs_epsilon_precision_eq_species": 0.25426673889160156,
      "median_abs_epsilon_precision_ECOLI": 0.3286762237548828,
      "median_abs_epsilon_precision_HUMAN": 0.2057514190673828,
      "median_abs_epsilon_precision_YEAST": 0.22837257385253906,
      "mean_log2_empirical_ECOLI": -1.4806792925274561,
      "mean_log2_empirical_HUMAN": -0.01129206992379917,
      "mean_log2_empirical_YEAST": 0.8694534059981225,
      "mean_abs_epsilon_precision_global": 0.32167425283593337,
      "mean_abs_epsilon_precision_eq_species": 0.38113573228196024,
      "mean_abs_epsilon_precision_ECOLI": 0.49659555665369637,
      "mean_abs_epsilon_precision_HUMAN": 0.30729261066303426,
      "mean_abs_epsilon_precision_YEAST": 0.3395190295291501,
      "CV_median": 0.14090623854108825,
      "CV_q75": 0.2387534087508172,
      "CV_q90": 0.35863645631169916,
      "CV_q95": 0.45045961350326247,
      "variance_epsilon_global": 0.25839217715870966,
      "nr_feature": 2454,
      "roc_auc": 0.9174326379090698
    },
    "3": {
      "median_abs_epsilon_global": 0.2384185791015625,
      "median_abs_epsilon_eq_species": 0.3398895263671875,
      "median_abs_epsilon_ECOLI": 0.5325260162353516,
      "median_abs_epsilon_HUMAN": 0.2224578857421875,
      "median_abs_epsilon_YEAST": 0.26468467712402344,
      "mean_abs_epsilon_global": 0.38557430278106164,
      "mean_abs_epsilon_eq_species": 0.5141530914900908,
      "mean_abs_epsilon_ECOLI": 0.7621439463132388,
      "mean_abs_epsilon_HUMAN": 0.35177942813103585,
      "mean_abs_epsilon_YEAST": 0.4285359000259975,
      "median_log2_empirical_ECOLI": -1.5401878356933594,
      "median_log2_empirical_HUMAN": 0.013976097106933594,
      "median_log2_empirical_YEAST": 0.904144287109375,
      "median_abs_epsilon_precision_global": 0.23442745208740234,
      "median_abs_epsilon_precision_eq_species": 0.2904233932495117,
      "median_abs_epsilon_precision_ECOLI": 0.39437007904052734,
      "median_abs_epsilon_precision_HUMAN": 0.22125530242919922,
      "median_abs_epsilon_precision_YEAST": 0.2556447982788086,
      "mean_log2_empirical_ECOLI": -1.3386815368355094,
      "mean_log2_empirical_HUMAN": 0.005284333916302531,
      "mean_log2_empirical_YEAST": 0.7643090576495765,
      "mean_abs_epsilon_precision_global": 0.3784143355779284,
      "mean_abs_epsilon_precision_eq_species": 0.46786408373367916,
      "mean_abs_epsilon_precision_ECOLI": 0.6180219014914607,
      "mean_abs_epsilon_precision_HUMAN": 0.35160601397363506,
      "mean_abs_epsilon_precision_YEAST": 0.4339643357359416,
      "CV_median": 0.14656713035470736,
      "CV_q75": 0.25087807691421976,
      "CV_q90": 0.38257041826909816,
      "CV_q95": 0.48795570627526985,
      "variance_epsilon_global": 0.4074684194813993,
      "nr_feature": 3023,
      "roc_auc": 0.876190165644972
    },
    "2": {
      "median_abs_epsilon_global": 0.2628459930419922,