{
  "old_new": "new",
  "id": "Spectronaut_20260226_080505",
  "software_name": "Spectronaut",
  "software_version": "20.4.260109.92449",
  "search_engine": "Spectronaut",
  "search_engine_version": "20.4.260109.92449",
  "ident_fdr_psm": 0.01,
  "ident_fdr_peptide": null,
  "ident_fdr_protein": 0.01,
  "enable_match_between_runs": false,
  "precursor_mass_tolerance": "Dynamic",
  "fragment_mass_tolerance": "Dynamic",
  "enzyme": "Trypsin/P",
  "allowed_miscleavages": 2,
  "min_peptide_length": 7,
  "max_peptide_length": 52,
  "is_temporary": false,
  "intermediate_hash": "4d93f6f4811c1771a34c99d1c0162968802a3e5b",
  "results": {
    "6": {
      "median_abs_epsilon_global": 0.2096192000521393,
      "median_abs_epsilon_eq_species": 0.2256124306570196,
      "median_abs_epsilon_ECOLI": 0.2535932364123177,
      "median_abs_epsilon_HUMAN": 0.20450455251308686,
      "median_abs_epsilon_YEAST": 0.21873950304565426,
      "mean_abs_epsilon_global": 0.349847899660888,
      "mean_abs_epsilon_eq_species": 0.3756045764230878,
      "mean_abs_epsilon_ECOLI": 0.42796306950482327,
      "mean_abs_epsilon_HUMAN": 0.3439784495847348,
      "mean_abs_epsilon_YEAST": 0.35487221017970555,
      "median_log2_empirical_ECOLI": -1.987248034122219,
      "median_log2_empirical_HUMAN": -0.0644935865324765,
      "median_log2_empirical_YEAST": 0.9518138478217804,
      "median_abs_epsilon_precision_global": 0.2058983529730507,
      "median_abs_epsilon_precision_eq_species": 0.22359201741262424,
      "median_abs_epsilon_precision_ECOLI": 0.2539972198377951,
      "median_abs_epsilon_precision_HUMAN": 0.20087903411941976,
      "median_abs_epsilon_precision_YEAST": 0.21589979828065786,
      "mean_log2_empirical_ECOLI": -1.9829194834955186,
      "mean_log2_empirical_HUMAN": -0.10092374342399071,
      "mean_log2_empirical_YEAST": 0.9632591390407859,
      "mean_abs_epsilon_precision_global": 0.34570831854358103,
      "mean_abs_epsilon_precision_eq_species": 0.3729607247566172,
      "mean_abs_epsilon_precision_ECOLI": 0.42778020902713615,
      "mean_abs_epsilon_precision_HUMAN": 0.33931770149510976,
      "mean_abs_epsilon_precision_YEAST": 0.35178426374760574,
      "CV_median": 0.16676540159251174,
      "CV_q75": 0.31064747843010243,
      "CV_q90": 0.5075077071121004,
      "CV_q95": 0.6533006535759549,
      "roc_auc": 0.9008766751886977,
      "roc_auc_directional": 0.9573558671155213,
      "nr_prec": 100164,
      "nr_prec_HUMAN": 74866,
      "nr_prec_YEAST": 21025,
      "nr_prec_ECOLI": 4273,
      "variance_epsilon_global": 0.30022601815187494
    },
    "5": {
      "median_abs_epsilon_global": 0.22755054688313514,
      "median_abs_epsilon_eq_species": 0.2564326355369008,
      "median_abs_epsilon_ECOLI": 0.3062489252295766,
      "median_abs_epsilon_HUMAN": 0.21833118696436182,
      "median_abs_epsilon_YEAST": 0.244717794416764,
      "mean_abs_epsilon_global": 0.39090876808179176,
      "mean_abs_epsilon_eq_species": 0.43113218188034486,
      "mean_abs_epsilon_ECOLI": 0.5126184108218347,
      "mean_abs_epsilon_HUMAN": 0.37936572109606337,
      "mean_abs_epsilon_YEAST": 0.40141241372313663,
      "median_log2_empirical_ECOLI": -1.9774122423942568,
      "median_log2_empirical_HUMAN": -0.0647174963373578,
      "median_log2_empirical_YEAST": 0.9507014180357753,
      "median_abs_epsilon_precision_global": 0.22330655629662832,
      "median_abs_epsilon_precision_eq_species": 0.253851040603823,
      "median_abs_epsilon_precision_ECOLI": 0.30718498076175926,
      "median_abs_epsilon_precision_HUMAN": 0.2143401105446796,
      "median_abs_epsilon_precision_YEAST": 0.2400280305050302,
      "mean_log2_empirical_ECOLI": -1.9576222408541266,
      "mean_log2_empirical_HUMAN": -0.09898381731357027,
      "mean_log2_empirical_YEAST": 0.9668306592168591,
      "mean_abs_epsilon_precision_global": 0.3868744996363597,
      "mean_abs_epsilon_precision_eq_species": 0.4286267338154786,
      "mean_abs_epsilon_precision_ECOLI": 0.5125659741588001,
      "mean_abs_epsilon_precision_HUMAN": 0.37468279710154284,
      "mean_abs_epsilon_precision_YEAST": 0.398631430186093,
      "CV_median": 0.17820605458971386,
      "CV_q75": 0.3367362705236884,
      "CV_q90": 0.5555097855650627,
      "CV_q95": 0.7103771680009703,
      "roc_auc": 0.8821383647452484,
      "roc_auc_directional": 0.9431191984658366,
      "nr_prec": 110486,
      "nr_prec_HUMAN": 80820,
      "nr_prec_YEAST": 24079,
      "nr_prec_ECOLI": 5587,
      "variance_epsilon_global": 0.38428859067249643
    },
    "4": {
      "median_abs_epsilon_global": 0.23697943302299507,
      "median_abs_epsilon_eq_species": 0.27710316788280737,
      "median_abs_epsilon_ECOLI": 0.3495070171518786,
      "median_abs_epsilon_HUMAN": 0.2248576342622961,
      "median_abs_epsilon_YEAST": 0.25694485223424746,
      "mean_abs_epsilon_global": 0.41344775126167616,
      "mean_abs_epsilon_eq_species": 0.4675527584005681,
      "mean_abs_epsilon_ECOLI": 0.579613998033199,
      "mean_abs_epsilon_HUMAN": 0.39671715959413373,
      "mean_abs_epsilon_YEAST": 0.4263271175743715,
      "median_log2_empirical_ECOLI": -1.9623396439521419,
      "median_log2_empirical_HUMAN": -0.06642882253134275,
      "median_log2_empirical_YEAST": 0.9493867301579884,
      "median_abs_epsilon_precision_global": 0.23253052976670308,
      "median_abs_epsilon_precision_eq_species": 0.27419420101400477,
      "median_abs_epsilon_precision_ECOLI": 0.3500690342955668,
      "median_abs_epsilon_precision_HUMAN": 0.2203905484580666,
      "median_abs_epsilon_precision_YEAST": 0.25212302028838085,
      "mean_log2_empirical_ECOLI": -1.925089884972343,
      "mean_log2_empirical_HUMAN": -0.10376763713946174,
      "mean_log2_empirical_YEAST": 0.963054120057327,
      "mean_abs_epsilon_precision_global": 0.40951404301516753,
      "mean_abs_epsilon_precision_eq_species": 0.4650769108236727,
      "mean_abs_epsilon_precision_ECOLI": 0.5796585060306141,
      "mean_abs_epsilon_precision_HUMAN": 0.39216909756294843,
      "mean_abs_epsilon_precision_YEAST": 0.42340312887745557,
      "CV_median": 0.18149553922280354,
      "CV_q75": 0.34333085491142057,
      "CV_q90": 0.565971275765222,
      "CV_q95": 0.7220676871853795,
      "roc_auc": 0.8733488175310716,
      "roc_auc_directional": 0.9328793209371865,
      "nr_prec": 115525,
      "nr_prec_HUMAN": 83599,
      "nr_prec_YEAST": 25484,
      "nr_prec_ECOLI": 6442,
      "variance_epsilon_global": 0.43636701944890954
    },
    "3": {
      "median_abs_epsilon_global": 0.23885485544939655,
      "median_abs_epsilon_eq_species": 0.2803133181031585,
      "median_abs_epsilon_ECOLI": 0.354807182986165,
      "median_abs_epsilon_HUMAN": 0.22654429877580995,
      "median_abs_epsilon_YEAST": 0.2595884725475006,
      "mean_abs_epsilon_global": 0.41806549229964357,
      "mean_abs_epsilon_eq_species": 0.472910108324157,
      "mean_abs_epsilon_ECOLI": 0.5861368898143589,
      "mean_abs_epsilon_HUMAN": 0.40088679955662837,
      "mean_abs_epsilon_YEAST": 0.43170663560148376,
      "median_log2_empirical_ECOLI": -1.9594411745238656,
      "median_log2_empirical_HUMAN": -0.06667807195423237,
      "median_log2_empirical_YEAST": 0.9490045400523428,
      "median_abs_epsilon_precision_global": 0.23454087408425384,
      "median_abs_epsilon_precision_eq_species": 0.27671838284757594,
      "median_abs_epsilon_precision_ECOLI": 0.3539645034507135,
      "median_abs_epsilon_precision_HUMAN": 0.2218940910310927,
      "median_abs_epsilon_precision_YEAST": 0.25429655406092166,
      "mean_log2_empirical_ECOLI": -1.9172058589789926,
      "mean_log2_empirical_HUMAN": -0.10516334024247732,
      "mean_log2_empirical_YEAST": 0.9613786932995739,
      "mean_abs_epsilon_precision_global": 0.41419207477379477,
      "mean_abs_epsilon_precision_eq_species": 0.4704971214137447,
      "mean_abs_epsilon_precision_ECOLI": 0.586357038053294,
      "mean_abs_epsilon_precision_HUMAN": 0.39643041769246495,