{
  "old_new": "new",
  "id": "AlphaDIA_20250627_150126",
  "software_name": "AlphaDIA",
  "software_version": "1.10.4-dev0",
  "search_engine": "AlphaDIA",
  "search_engine_version": NaN,
  "ident_fdr_psm": "0.01",
  "ident_fdr_peptide": NaN,
  "ident_fdr_protein": "0.01",
  "enable_match_between_runs": true,
  "precursor_mass_tolerance": 0,
  "fragment_mass_tolerance": 0,
  "enzyme": "trypsin/p ",
  "allowed_miscleavages": "1",
  "min_peptide_length": 6,
  "max_peptide_length": 30,
  "is_temporary": false,
  "intermediate_hash": "532ea16545e8f9f2c00b3827e47da27043666ae3",
  "results": {
    "6": {
      "median_abs_epsilon_global": 0.2695992787674921,
      "median_abs_epsilon_eq_species": 0.30395423041481173,
      "median_abs_epsilon_ECOLI": 0.3754043579122186,
      "median_abs_epsilon_HUMAN": 0.26574516296411943,
      "median_abs_epsilon_YEAST": 0.27071317036809717,
      "mean_abs_epsilon_global": 0.3672600069786752,
      "mean_abs_epsilon_eq_species": 0.4152827410728382,
      "mean_abs_epsilon_ECOLI": 0.5160148416383077,
      "mean_abs_epsilon_HUMAN": 0.35936692752204896,
      "mean_abs_epsilon_YEAST": 0.37046645405815787,
      "median_log2_empirical_ECOLI": -1.7658672332766372,
      "median_log2_empirical_HUMAN": -0.028325398761690934,
      "median_log2_empirical_YEAST": 0.8799482981362896,
      "median_abs_epsilon_precision_global": 0.266274134316987,
      "median_abs_epsilon_precision_eq_species": 0.30092144012446437,
      "median_abs_epsilon_precision_ECOLI": 0.3774887720738622,
      "median_abs_epsilon_precision_HUMAN": 0.26409435272225323,
      "median_abs_epsilon_precision_YEAST": 0.2611811955772776,
      "mean_log2_empirical_ECOLI": -1.677055214081538,
      "mean_log2_empirical_HUMAN": -0.025378222412827348,
      "mean_log2_empirical_YEAST": 0.8565532138253662,
      "mean_abs_epsilon_precision_global": 0.36198009565579214,
      "mean_abs_epsilon_precision_eq_species": 0.39668962392035506,
      "mean_abs_epsilon_precision_ECOLI": 0.47731449083040123,
      "mean_abs_epsilon_precision_HUMAN": 0.3584739679679159,
      "mean_abs_epsilon_precision_YEAST": 0.35428041296274804,
      "CV_median": 0.21580182414906218,
      "CV_q75": 0.33841106535801424,
      "CV_q90": 0.47285581983695324,
      "CV_q95": 0.5804652300440383,
      "roc_auc": 0.8695117385604004,
      "roc_auc_directional": 0.9409429605248689,
      "nr_prec": 64150,
      "nr_prec_HUMAN": 49190,
      "nr_prec_YEAST": 12622,
      "nr_prec_ECOLI": 2338,
      "variance_epsilon_global": 0.2677623945726984
    },
    "5": {
      "median_abs_epsilon_global": 0.2945734659840973,
      "median_abs_epsilon_eq_species": 0.3490999539701279,
      "median_abs_epsilon_ECOLI": 0.4490836461385257,
      "median_abs_epsilon_HUMAN": 0.28446324666604994,
      "median_abs_epsilon_YEAST": 0.3137529691058081,
      "mean_abs_epsilon_global": 0.4032935609540526,
      "mean_abs_epsilon_eq_species": 0.474624607417293,
      "mean_abs_epsilon_ECOLI": 0.6128739550370829,
      "mean_abs_epsilon_HUMAN": 0.38611441958950055,
      "mean_abs_epsilon_YEAST": 0.4248854476252957,
      "median_log2_empirical_ECOLI": -1.665679295858764,
      "median_log2_empirical_HUMAN": -0.036729176839273237,
      "median_log2_empirical_YEAST": 0.8293749491375948,
      "median_abs_epsilon_precision_global": 0.2910289764409164,
      "median_abs_epsilon_precision_eq_species": 0.33673951361116244,
      "median_abs_epsilon_precision_ECOLI": 0.4312272071905783,
      "median_abs_epsilon_precision_HUMAN": 0.283771514890919,
      "median_abs_epsilon_precision_YEAST": 0.2952198187519901,
      "mean_log2_empirical_ECOLI": -1.5653208381698067,
      "mean_log2_empirical_HUMAN": -0.044203447614835294,
      "mean_log2_empirical_YEAST": 0.788621396044828,
      "mean_abs_epsilon_precision_global": 0.3939236945173228,
      "mean_abs_epsilon_precision_eq_species": 0.4421062576009464,
      "mean_abs_epsilon_precision_ECOLI": 0.543429459798393,
      "mean_abs_epsilon_precision_HUMAN": 0.3847871084129581,
      "mean_abs_epsilon_precision_YEAST": 0.39810220459148826,
      "CV_median": 0.22461429039074327,
      "CV_q75": 0.3530728452936629,
      "CV_q90": 0.50001980319867,
      "CV_q95": 0.6158779311556295,
      "roc_auc": 0.8277234652745182,
      "roc_auc_directional": 0.9158919999331285,
      "nr_prec": 84091,
      "nr_prec_HUMAN": 63171,
      "nr_prec_YEAST": 17550,
      "nr_prec_ECOLI": 3370,
      "variance_epsilon_global": 0.3186508952746185
    },
    "4": {
      "median_abs_epsilon_global": 0.3126851717641177,
      "median_abs_epsilon_eq_species": 0.39547864595866916,
      "median_abs_epsilon_ECOLI": 0.5477727254209412,
      "median_abs_epsilon_HUMAN": 0.29642232259146084,
      "median_abs_epsilon_YEAST": 0.34224088986360535,
      "mean_abs_epsilon_global": 0.43303850795843646,
      "mean_abs_epsilon_eq_species": 0.532774743530911,
      "mean_abs_epsilon_ECOLI": 0.727260658729358,
      "mean_abs_epsilon_HUMAN": 0.4048840061395155,
      "mean_abs_epsilon_YEAST": 0.4661795657238594,
      "median_log2_empirical_ECOLI": -1.5454966227236469,
      "median_log2_empirical_HUMAN": -0.038407802584725204,
      "median_log2_empirical_YEAST": 0.8029747009281394,
      "median_abs_epsilon_precision_global": 0.30739871660955664,
      "median_abs_epsilon_precision_eq_species": 0.36955812242084257,
      "median_abs_epsilon_precision_ECOLI": 0.49463717142940666,
      "median_abs_epsilon_precision_HUMAN": 0.29593006769542995,
      "median_abs_epsilon_precision_YEAST": 0.31810712813769104,
      "mean_log2_empirical_ECOLI": -1.429832877523279,
      "mean_log2_empirical_HUMAN": -0.04867882491637987,
      "mean_log2_empirical_YEAST": 0.7473563013802855,
      "mean_abs_epsilon_precision_global": 0.41970396005056115,
      "mean_abs_epsilon_precision_eq_species": 0.4836120021976101,
      "mean_abs_epsilon_precision_ECOLI": 0.6141207472160303,
      "mean_abs_epsilon_precision_HUMAN": 0.4035648498836207,
      "mean_abs_epsilon_precision_YEAST": 0.43315040949317923,
      "CV_median": 0.22821969073157633,
      "CV_q75": 0.35958066859896665,
      "CV_q90": 0.5113690062040076,
      "CV_q95": 0.6309915775629406,
      "roc_auc": 0.8040297817158717,
      "roc_auc_directional": 0.8886868294416117,
      "nr_prec": 94724,
      "nr_prec_HUMAN": 69935,
      "nr_prec_YEAST": 20394,
      "nr_prec_ECOLI": 4395,
      "variance_epsilon_global": 0.36991866050043015
    },
    "3": {
      "median_abs_epsilon_global": 0.32150586446253726,
      "median_abs_epsilon_eq_species": 0.41157801945938505,
      "median_abs_epsilon_ECOLI": 0.5767369270310212,
      "median_abs_epsilon_HUMAN": 0.3041083017976298,
      "median_abs_epsilon_YEAST": 0.3538888295495042,
      "mean_abs_epsilon_global": 0.44818088495109143,
      "mean_abs_epsilon_eq_species": 0.5562144263965717,
      "mean_abs_epsilon_ECOLI": 0.7653893101401948,
      "mean_abs_epsilon_HUMAN": 0.4162942431696412,
      "mean_abs_epsilon_YEAST": 0.4869597258798792,
      "median_log2_empirical_ECOLI": -1.504726409914893,
      "median_log2_empirical_HUMAN": -0.03773482640953141,
      "median_log2_empirical_YEAST": 0.7914746602369895,
      "median_abs_epsilon_precision_global": 0.31583881378147094,
      "median_abs_epsilon_precision_eq_species": 0.38167985279998423,
      "median_abs_epsilon_precision_ECOLI": 0.5129769643082138,
      "median_abs_epsilon_precision_HUMAN": 0.3029120763109532,
      "median_abs_epsilon_precision_YEAST": 0.32915051778078563,
      "mean_log2_empirical_ECOLI": -1.388548980230023,
      "mean_log2_empirical_HUMAN": -0.0471248484775805,
      "mean_log2_empirical_YEAST": 0.73010499521527,
      "mean_abs_epsilon_precision_global": 0.43356165906667865,
      "mean_abs_epsilon_precision_eq_species": 0.5021123655592854,
      "mean_abs_epsilon_precision_ECOLI": 0.639978936035175,
      "mean_abs_epsilon_precision_HUMAN": 0.4150103582495178,
      "mean_abs_epsilon_precision_YEAST": 0.45134780239316347,