{
  "old_new": "new",
  "id": "AlphaDIA_20250627_150126",
  "software_name": "AlphaDIA",
  "software_version": "1.10.4-dev0",
  "search_engine": "AlphaDIA",
  "search_engine_version": NaN,
  "ident_fdr_psm": "0.01",
  "ident_fdr_peptide": NaN,
  "ident_fdr_protein": "0.01",
  "enable_match_between_runs": true,
  "precursor_mass_tolerance": "0",
  "fragment_mass_tolerance": "0",
  "enzyme": "trypsin/p ",
  "allowed_miscleavages": "1",
  "min_peptide_length": "6",
  "max_peptide_length": "30",
  "is_temporary": false,
  "intermediate_hash": "532ea16545e8f9f2c00b3827e47da27043666ae3",
  "results": {
    "6": {
      "median_abs_epsilon": 0.26972993214945884,
      "mean_abs_epsilon": 0.3684228419754779,
      "variance_epsilon": 0.270973428804199,
      "nr_prec": 64504,
      "CV_median": 0.2159297093529493,
      "CV_q75": 0.3386596059410829,
      "CV_q90": 0.4736650753315077,
      "CV_q95": 0.582287160080204
    },
    "5": {
      "median_abs_epsilon": 0.2946681976331931,
      "mean_abs_epsilon": 0.404186306086789,
      "variance_epsilon": 0.3213099786129366,
      "nr_prec": 84484,
      "CV_median": 0.2246604557845555,
      "CV_q75": 0.3532468819347192,
      "CV_q90": 0.5005550681336947,
      "CV_q95": 0.617407086729886
    },
    "4": {
      "median_abs_epsilon": 0.3128093083700758,
      "mean_abs_epsilon": 0.43385381870294965,
      "variance_epsilon": 0.3725694662568509,
      "nr_prec": 95144,
      "CV_median": 0.22827937087968933,
      "CV_q75": 0.3597161772960963,
      "CV_q90": 0.5120143070375688,
      "CV_q95": 0.6323897500094446
    },
    "3": {
      "median_abs_epsilon": 0.3215780258209442,
      "mean_abs_epsilon": 0.4489342589030906,
      "variance_epsilon": 0.3994168448546009,
      "nr_prec": 102630,
      "CV_median": 0.2299589915873419,
      "CV_q75": 0.3630626393847886,
      "CV_q90": 0.5174018398485103,
      "CV_q95": 0.6394536951634389
    },
    "2": {
      "median_abs_epsilon": 0.3252506256113783,
      "mean_abs_epsilon": 0.4556750435476461,
      "variance_epsilon": 0.4130954050299122,
      "nr_prec": 106824,
      "CV_median": 0.23014056409362288,
      "CV_q75": 0.36384467384838615,
      "CV_q90": 0.5192169729012648,
      "CV_q95": 0.6415622918907005
    },
    "1": {
      "median_abs_epsilon": 0.3252506256113783,
      "mean_abs_epsilon": 0.4556750435476461,
      "variance_epsilon": 0.4130954050299122,
      "nr_prec": 106824,
      "CV_median": 0.23014056409362288,
      "CV_q75": 0.36384467384838615,
      "CV_q90": 0.5192169729012648,
      "CV_q95": 0.6415622918907005
    }
  },
  "median_abs_epsilon": 0.3252506256113783,
  "mean_abs_epsilon": 0.4556750435476461,
  "nr_prec": 106824,
  "comments": "",
  "proteobench_version": "0.8.26",
  "color": "#1D2732",
  "hover_text": "ProteoBench ID: AlphaDIA_20250627_150126<br>Software tool: AlphaDIA <br>Comment (private submission): ...",
  "scatter_size": 20,
  "fixed_mods": "Carbamidomethyl@C",
  "variable_mods": "Oxidation@M;Acetyl@Protein_N-term",
  "max_mods": "1 ",
  "min_precursor_charge": "1",
  "max_precursor_charge": "4",
  "quantification_method": "DirectLFQ",
  "protein_inference": "heuristic",
  "abundance_normalization_ions": NaN,
  "submission_comments": "No transfer learning step\nCalibration batch size: 200\n\n ### Parameter changes detected:\n- **precursor_mass_tolerance**: `[-0 ppm, 0 ppm]` \u2192 `0`\n- **search_engine_version**: `None` \u2192 `nan`\n- **fragment_mass_tolerance**: `[-0 ppm, 0 ppm]` \u2192 `0`\n- **abundance_normalization_ions**: `None` \u2192 `nan`\n- **ident_fdr_peptide**: `None` \u2192 `nan`\n\nDataset URL: https://proteobench.cubimed.rub.de/datasets/532ea16545e8f9f2c00b3827e47da27043666ae3/"
}