{
  "old_new": "new",
  "id": "DIA-NN_20260428_143406",
  "software_name": "DIA-NN",
  "software_version": "2.1.0 Academia ",
  "search_engine": "DIA-NN",
  "search_engine_version": "2.1.0 Academia ",
  "ident_fdr_psm": "0.01",
  "ident_fdr_peptide": NaN,
  "ident_fdr_protein": NaN,
  "enable_match_between_runs": false,
  "precursor_mass_tolerance": "[-20.0 ppm, 20.0 ppm]",
  "fragment_mass_tolerance": "[-20.0 ppm, 20.0 ppm]",
  "enzyme": "trypsin",
  "allowed_miscleavages": "2",
  "min_peptide_length": "7",
  "max_peptide_length": "30",
  "is_temporary": false,
  "intermediate_hash": "5459ff09cbfb2313310b0b577f677d70ed3a18ba",
  "results": {
    "6": {
      "median_abs_epsilon_global": 0.14658355712890625,
      "median_abs_epsilon_eq_species": 0.16839154561360678,
      "median_abs_epsilon_ECOLI": 0.21565914154052734,
      "median_abs_epsilon_HUMAN": 0.14438247680664062,
      "median_abs_epsilon_YEAST": 0.14513301849365234,
      "mean_abs_epsilon_global": 0.20762223287406584,
      "mean_abs_epsilon_eq_species": 0.2292371698644674,
      "mean_abs_epsilon_ECOLI": 0.2773891293600704,
      "mean_abs_epsilon_HUMAN": 0.20549028685309903,
      "mean_abs_epsilon_YEAST": 0.20483209338023278,
      "median_log2_empirical_ECOLI": -1.8349723815917969,
      "median_log2_empirical_HUMAN": 0.009830474853515625,
      "median_log2_empirical_YEAST": 0.9754676818847656,
      "median_abs_epsilon_precision_global": 0.14452552795410156,
      "median_abs_epsilon_precision_eq_species": 0.1525599161783854,
      "median_abs_epsilon_precision_ECOLI": 0.1690235137939453,
      "median_abs_epsilon_precision_HUMAN": 0.14345359802246094,
      "median_abs_epsilon_precision_YEAST": 0.14520263671875,
      "mean_log2_empirical_ECOLI": -1.8199539822139097,
      "mean_log2_empirical_HUMAN": -0.02247020522012967,
      "mean_log2_empirical_YEAST": 0.9510766641498459,
      "mean_abs_epsilon_precision_global": 0.20770628089987148,
      "mean_abs_epsilon_precision_eq_species": 0.21568428946848595,
      "mean_abs_epsilon_precision_ECOLI": 0.23497665058044964,
      "mean_abs_epsilon_precision_HUMAN": 0.20731295876126576,
      "mean_abs_epsilon_precision_YEAST": 0.20476325906374243,
      "CV_median": 0.10892316164624626,
      "CV_q75": 0.18304631472137223,
      "CV_q90": 0.2728519320161714,
      "CV_q95": 0.33726607874550746,
      "variance_epsilon_global": 0.09080359845062302,
      "nr_prec": 56771,
      "roc_auc": 0.9758197111768219
    },
    "5": {
      "median_abs_epsilon_global": 0.160888671875,
      "median_abs_epsilon_eq_species": 0.19052696228027344,
      "median_abs_epsilon_ECOLI": 0.24928569793701172,
      "median_abs_epsilon_HUMAN": 0.1566925048828125,
      "median_abs_epsilon_YEAST": 0.1656026840209961,
      "mean_abs_epsilon_global": 0.22894761977221637,
      "mean_abs_epsilon_eq_species": 0.26289162412363704,
      "mean_abs_epsilon_ECOLI": 0.3298450538371087,
      "mean_abs_epsilon_HUMAN": 0.2225149818613784,
      "mean_abs_epsilon_YEAST": 0.23631483667242406,
      "median_log2_empirical_ECOLI": -1.801163673400879,
      "median_log2_empirical_HUMAN": 0.009998321533203125,
      "median_log2_empirical_YEAST": 0.9592523574829102,
      "median_abs_epsilon_precision_global": 0.15894794464111328,
      "median_abs_epsilon_precision_eq_species": 0.17259820302327475,
      "median_abs_epsilon_precision_ECOLI": 0.19534587860107422,
      "median_abs_epsilon_precision_HUMAN": 0.1557178497314453,
      "median_abs_epsilon_precision_YEAST": 0.1667308807373047,
      "mean_log2_empirical_ECOLI": -1.7654709171285732,
      "mean_log2_empirical_HUMAN": -0.021491516039824687,
      "mean_log2_empirical_YEAST": 0.9240653267018443,
      "mean_abs_epsilon_precision_global": 0.22815557540969084,
      "mean_abs_epsilon_precision_eq_species": 0.24518773917488665,
      "mean_abs_epsilon_precision_ECOLI": 0.27591383350975635,
      "mean_abs_epsilon_precision_HUMAN": 0.2241227607731899,
      "mean_abs_epsilon_precision_YEAST": 0.23552662324171367,
      "CV_median": 0.11712685770914313,
      "CV_q75": 0.19909779691535354,
      "CV_q90": 0.3000137079700444,
      "CV_q95": 0.3720349379336939,
      "variance_epsilon_global": 0.10919317979892999,
      "nr_prec": 69783,
      "roc_auc": 0.9620674164417728
    },
    "4": {
      "median_abs_epsilon_global": 0.17638206481933594,
      "median_abs_epsilon_eq_species": 0.2191158930460612,
      "median_abs_epsilon_ECOLI": 0.3006458282470703,
      "median_abs_epsilon_HUMAN": 0.16889286041259766,
      "median_abs_epsilon_YEAST": 0.18780899047851562,
      "mean_abs_epsilon_global": 0.2580533975144564,
      "mean_abs_epsilon_eq_species": 0.31513201672254976,
      "mean_abs_epsilon_ECOLI": 0.425806320822687,
      "mean_abs_epsilon_HUMAN": 0.24453497402889057,
      "mean_abs_epsilon_YEAST": 0.2750547553160717,
      "median_log2_empirical_ECOLI": -1.7503671646118164,
      "median_log2_empirical_HUMAN": 0.011258125305175781,
      "median_log2_empirical_YEAST": 0.9403953552246094,
      "median_abs_epsilon_precision_global": 0.17471981048583984,
      "median_abs_epsilon_precision_eq_species": 0.20099989573160806,
      "median_abs_epsilon_precision_ECOLI": 0.24480152130126953,
      "median_abs_epsilon_precision_HUMAN": 0.16771888732910156,
      "median_abs_epsilon_precision_YEAST": 0.19047927856445312,
      "mean_log2_empirical_ECOLI": -1.6700437528735976,
      "mean_log2_empirical_HUMAN": -0.020886578458088615,
      "mean_log2_empirical_YEAST": 0.8943726528371775,
      "mean_abs_epsilon_precision_global": 0.2560273641960739,
      "mean_abs_epsilon_precision_eq_species": 0.29232922926505817,
      "mean_abs_epsilon_precision_ECOLI": 0.35812963249625784,
      "mean_abs_epsilon_precision_HUMAN": 0.24605980461151786,
      "mean_abs_epsilon_precision_YEAST": 0.2727982506873987,
      "CV_median": 0.12199329814165685,
      "CV_q75": 0.2088019813617738,
      "CV_q90": 0.31638904103876425,
      "CV_q95": 0.39323425513553373,
      "variance_epsilon_global": 0.14198615455309266,
      "nr_prec": 80879,
      "roc_auc": 0.9406442818383219
    },
    "3": {
      "median_abs_epsilon_global": 0.18836402893066406,
      "median_abs_epsilon_eq_species": 0.23056761423746744,
      "median_abs_epsilon_ECOLI": 0.3072700500488281,
      "median_abs_epsilon_HUMAN": 0.1804962158203125,
      "median_abs_epsilon_YEAST": 0.20393657684326172,
      "mean_abs_epsilon_global": 0.28096408557449937,
      "mean_abs_epsilon_eq_species": 0.33881031786949817,
      "mean_abs_epsilon_ECOLI": 0.4448440381570632,
      "mean_abs_epsilon_HUMAN": 0.2661807464051017,
      "mean_abs_epsilon_YEAST": 0.30540616904632956,
      "median_log2_empirical_ECOLI": -1.7426013946533203,
      "median_log2_empirical_HUMAN": 0.011763572692871094,
      "median_log2_empirical_YEAST": 0.9284458160400391,
      "median_abs_epsilon_precision_global": 0.18690967559814453,
      "median_abs_epsilon_precision_eq_species": 0.21288124720255533,
      "median_abs_epsilon_precision_ECOLI": 0.2526836395263672,
      "median_abs_epsilon_precision_HUMAN": 0.17952966690063477,
      "median_abs_epsilon_precision_YEAST": 0.20643043518066406,
      "mean_log2_empirical_ECOLI": -1.651203392015148,
      "mean_log2_empirical_HUMAN": -0.01700010356238544,
      "mean_log2_empirical_YEAST": 0.868856616022284,
      "mean_abs_epsilon_precision_global": 0.27861157482887505,
      "mean_abs_epsilon_precision_eq_species": 0.3152629553106039,
      "mean_abs_epsilon_precision_ECOLI": 0.376000121612932,
      "mean_abs_epsilon_precision_HUMAN": 0.2672795598615984,
      "mean_abs_epsilon_precision_YEAST": 0.3025091844572813,
      "CV_median": 0.12597909521003206,
      "CV_q75": 0.21720854368335357,
      "CV_q90": 0.3307378555355271,
      "CV_q95": 0.41173711109671773,
      "variance_epsilon_global": 0.17403154501004997,
      "nr_prec": 93964,
      "roc_auc": 0.9209421288193447
    },
    "2": {
      "median_abs_epsilon_global": 0.1985454559326172,