{
  "old_new": "new",
  "id": "DIA-NN_20250730_164943",
  "software_name": "DIA-NN",
  "software_version": "2.2.0 Academia ",
  "search_engine": "DIA-NN",
  "search_engine_version": "2.2.0 Academia ",
  "ident_fdr_psm": "0.01",
  "ident_fdr_peptide": NaN,
  "ident_fdr_protein": NaN,
  "enable_match_between_runs": false,
  "precursor_mass_tolerance": "[-7.0 ppm, 7.0 ppm]",
  "fragment_mass_tolerance": "[-3.0 ppm, 3.0 ppm]",
  "enzyme": "Trypsin/P",
  "allowed_miscleavages": "1",
  "min_peptide_length": "7",
  "max_peptide_length": "30",
  "is_temporary": false,
  "intermediate_hash": "559fc91195ae57f7a0b13fa8e52d037aca605efe",
  "results": {
    "6": {
      "median_abs_epsilon": 0.1691761016845703,
      "mean_abs_epsilon": 0.2593038692598178,
      "variance_epsilon": 0.1514132901517899,
      "nr_prec": 57461,
      "CV_median": 0.11641336381852285,
      "CV_q75": 0.2063775881598761,
      "CV_q90": 0.3206392664478931,
      "CV_q95": 0.40258514516809224
    },
    "5": {
      "median_abs_epsilon": 0.1878337860107422,
      "mean_abs_epsilon": 0.28705609666736653,
      "variance_epsilon": 0.18583169663191748,
      "nr_prec": 72325,
      "CV_median": 0.12789224922860437,
      "CV_q75": 0.23039194398298712,
      "CV_q90": 0.35973025339067466,
      "CV_q95": 0.4529190535283816
    },
    "4": {
      "median_abs_epsilon": 0.20686721801757812,
      "mean_abs_epsilon": 0.3212059529905385,
      "variance_epsilon": 0.23807271277711523,
      "nr_prec": 84924,
      "CV_median": 0.13472622725141375,
      "CV_q75": 0.24431872930122056,
      "CV_q90": 0.3816572936436139,
      "CV_q95": 0.48414699804838535
    },
    "3": {
      "median_abs_epsilon": 0.22261714935302734,
      "mean_abs_epsilon": 0.3497057675023951,
      "variance_epsilon": 0.28808727382518895,
      "nr_prec": 99806,
      "CV_median": 0.14037218276801244,
      "CV_q75": 0.25517953563493667,
      "CV_q90": 0.40087796256118513,
      "CV_q95": 0.5075954219701131
    },
    "2": {
      "median_abs_epsilon": 0.23625946044921875,
      "mean_abs_epsilon": 0.38348506276204997,
      "variance_epsilon": 0.3866835042400897,
      "nr_prec": 117253,
      "CV_median": 0.14359698610524682,
      "CV_q75": 0.26284883437413076,
      "CV_q90": 0.41559322996368864,
      "CV_q95": 0.529159109644364
    },
    "1": {
      "median_abs_epsilon": 0.23625946044921875,
      "mean_abs_epsilon": 0.38348506276204997,
      "variance_epsilon": 0.3866835042400896,
      "nr_prec": 148963,
      "CV_median": 0.14359698610524682,
      "CV_q75": 0.26284883437413076,
      "CV_q90": 0.41559322996368864,
      "CV_q95": 0.529159109644364
    }
  },
  "median_abs_epsilon": 0.22261714935302734,
  "mean_abs_epsilon": 0.3497057675023951,
  "nr_prec": 99806,
  "comments": "",
  "proteobench_version": "0.5.16.dev13+gf14d0f6.d20250121",
  "color": "#d42f2f",
  "hover_text": "ProteoBench ID: DIA-NN_20250730_164943<br>Software tool: DIA-NN <br>Comment (private submission): ...",
  "scatter_size": 20,
  "fixed_mods": "unimod4",
  "variable_mods": "UniMod:35/15.994915/M,UniMod:1/42.010565/*n",
  "max_mods": "1",
  "min_precursor_charge": "1",
  "max_precursor_charge": "4",
  "quantification_method": "QuantUMS high-precision",
  "protein_inference": "1",
  "abundance_normalization_ions": null,
  "submission_comments": "TEST DO NOT MERGE\n\n ### Parameter changes detected:\n- **ident_fdr_protein**: `None` \u2192 `nan`\n- **ident_fdr_peptide**: `None` \u2192 `nan`\n\nDataset URL: https://proteobench.cubimed.rub.de/datasets/559fc91195ae57f7a0b13fa8e52d037aca605efe/",
  "min_precursor_mz": "300",
  "max_precursor_mz": "1800",
  "min_fragment_mz": "200",
  "max_fragment_mz": "1800",
  "predictors_library": "{'RT': 'User defined speclib', 'IM': 'User defined speclib', 'MS2_int': 'User defined speclib'}",
  "scan_window": "6"
}