{
  "old_new": "new",
  "id": "DIA-NN_20260309_104601",
  "software_name": "DIA-NN",
  "software_version": "2.2.0 Academia ",
  "search_engine": "DIA-NN",
  "search_engine_version": "2.2.0 Academia ",
  "ident_fdr_psm": 0.01,
  "ident_fdr_peptide": NaN,
  "ident_fdr_protein": NaN,
  "enable_match_between_runs": true,
  "precursor_mass_tolerance": "[-2.8 ppm, 2.8 ppm]",
  "fragment_mass_tolerance": "[-6 ppm, 6 ppm]",
  "enzyme": "Trypsin/P",
  "allowed_miscleavages": 1,
  "min_peptide_length": 6,
  "max_peptide_length": 30,
  "is_temporary": false,
  "intermediate_hash": "5b035a632fa0a2821d71db6af622118fda1f280f",
  "results": {
    "6": {
      "median_abs_epsilon_global": 0.16964435577392578,
      "median_abs_epsilon_eq_species": 0.1830892562866211,
      "median_abs_epsilon_ECOLI": 0.20769119262695312,
      "median_abs_epsilon_HUMAN": 0.16678428649902344,
      "median_abs_epsilon_YEAST": 0.17479228973388672,
      "mean_abs_epsilon_global": 0.25048288842625077,
      "mean_abs_epsilon_eq_species": 0.2648840103609871,
      "mean_abs_epsilon_ECOLI": 0.29393589993986435,
      "mean_abs_epsilon_HUMAN": 0.2479138631760209,
      "mean_abs_epsilon_YEAST": 0.25280226796707594,
      "median_log2_empirical_ECOLI": -1.8812379837036133,
      "median_log2_empirical_HUMAN": 0.013232231140136719,
      "median_log2_empirical_YEAST": 1.0107307434082031,
      "median_abs_epsilon_precision_global": 0.1672830581665039,
      "median_abs_epsilon_precision_eq_species": 0.1751688321431478,
      "median_abs_epsilon_precision_ECOLI": 0.18779659271240234,
      "median_abs_epsilon_precision_HUMAN": 0.16479825973510742,
      "median_abs_epsilon_precision_YEAST": 0.1729116439819336,
      "mean_log2_empirical_ECOLI": -1.8413792930413062,
      "mean_log2_empirical_HUMAN": -0.0226393368836947,
      "mean_log2_empirical_YEAST": 0.982862438743012,
      "mean_abs_epsilon_precision_global": 0.25149949152792794,
      "mean_abs_epsilon_precision_eq_species": 0.25959750815742927,
      "mean_abs_epsilon_precision_ECOLI": 0.2750907798232157,
      "mean_abs_epsilon_precision_HUMAN": 0.2498117785762981,
      "mean_abs_epsilon_precision_YEAST": 0.25388996607277386,
      "CV_median": 0.13343459997918475,
      "CV_q75": 0.2294631032481913,
      "CV_q90": 0.348738325500625,
      "CV_q95": 0.4350327922364874,
      "roc_auc": 0.9568668337173883,
      "roc_auc_directional": 0.9811489289406204,
      "nr_prec": 85570,
      "nr_prec_HUMAN": 65608,
      "nr_prec_YEAST": 16990,
      "nr_prec_ECOLI": 2972,
      "variance_epsilon_global": 0.14360841126458046
    },
    "5": {
      "median_abs_epsilon_global": 0.18761825561523438,
      "median_abs_epsilon_eq_species": 0.2119282086690267,
      "median_abs_epsilon_ECOLI": 0.25401926040649414,
      "median_abs_epsilon_HUMAN": 0.1812000274658203,
      "median_abs_epsilon_YEAST": 0.20056533813476562,
      "mean_abs_epsilon_global": 0.2863119387170149,
      "mean_abs_epsilon_eq_species": 0.32070845425185535,
      "mean_abs_epsilon_ECOLI": 0.3863248156805108,
      "mean_abs_epsilon_HUMAN": 0.2776151178168047,
      "mean_abs_epsilon_YEAST": 0.29818542925825053,
      "median_log2_empirical_ECOLI": -1.8206787109375,
      "median_log2_empirical_HUMAN": 0.01192474365234375,
      "median_log2_empirical_YEAST": 0.9909276962280273,
      "median_abs_epsilon_precision_global": 0.18635940551757812,
      "median_abs_epsilon_precision_eq_species": 0.20487848917643228,
      "median_abs_epsilon_precision_ECOLI": 0.233154296875,
      "median_abs_epsilon_precision_HUMAN": 0.18008804321289062,
      "median_abs_epsilon_precision_YEAST": 0.20139312744140625,
      "mean_log2_empirical_ECOLI": -1.7411672828841382,
      "mean_log2_empirical_HUMAN": -0.025011738256101413,
      "mean_log2_empirical_YEAST": 0.9488532769951257,
      "mean_abs_epsilon_precision_global": 0.28709144382586815,
      "mean_abs_epsilon_precision_eq_species": 0.31226648258000705,
      "mean_abs_epsilon_precision_ECOLI": 0.3565924872656277,
      "mean_abs_epsilon_precision_HUMAN": 0.2795622036865233,
      "mean_abs_epsilon_precision_YEAST": 0.30064475678787034,
      "CV_median": 0.1448685582582292,
      "CV_q75": 0.2531105798695253,
      "CV_q90": 0.3881757936354162,
      "CV_q95": 0.4902211664431939,
      "roc_auc": 0.9325553275947797,
      "roc_auc_directional": 0.9666589461133318,
      "nr_prec": 102105,
      "nr_prec_HUMAN": 76547,
      "nr_prec_YEAST": 21448,
      "nr_prec_ECOLI": 4110,
      "variance_epsilon_global": 0.19503463660812895
    },
    "4": {
      "median_abs_epsilon_global": 0.2039642333984375,
      "median_abs_epsilon_eq_species": 0.2480306625366211,
      "median_abs_epsilon_ECOLI": 0.3261709213256836,
      "median_abs_epsilon_HUMAN": 0.1930561065673828,
      "median_abs_epsilon_YEAST": 0.22486495971679688,
      "mean_abs_epsilon_global": 0.3249138571604295,
      "mean_abs_epsilon_eq_species": 0.3872423035458825,
      "mean_abs_epsilon_ECOLI": 0.5084469143399736,
      "mean_abs_epsilon_HUMAN": 0.30653016968126146,
      "mean_abs_epsilon_YEAST": 0.34674982661641246,
      "median_log2_empirical_ECOLI": -1.7570953369140625,
      "median_log2_empirical_HUMAN": 0.011788368225097656,
      "median_log2_empirical_YEAST": 0.9747371673583984,
      "median_abs_epsilon_precision_global": 0.20387554168701172,
      "median_abs_epsilon_precision_eq_species": 0.24130694071451822,
      "median_abs_epsilon_precision_ECOLI": 0.30441856384277344,
      "median_abs_epsilon_precision_HUMAN": 0.19176292419433594,
      "median_abs_epsilon_precision_YEAST": 0.2277393341064453,
      "mean_log2_empirical_ECOLI": -1.631867700197005,
      "mean_log2_empirical_HUMAN": -0.02626137808534895,
      "mean_log2_empirical_YEAST": 0.9194573552581612,
      "mean_abs_epsilon_precision_global": 0.3249069901939431,
      "mean_abs_epsilon_precision_eq_species": 0.37387796537503304,
      "mean_abs_epsilon_precision_ECOLI": 0.4632332828754567,
      "mean_abs_epsilon_precision_HUMAN": 0.30850109984813434,
      "mean_abs_epsilon_precision_YEAST": 0.3498995134015081,
      "CV_median": 0.15066572694404423,
      "CV_q75": 0.26499400506498266,
      "CV_q90": 0.4090462589300264,
      "CV_q95": 0.5194556357902897,
      "roc_auc": 0.9081463821492466,
      "roc_auc_directional": 0.9460464238304552,
      "nr_prec": 114135,
      "nr_prec_HUMAN": 83712,
      "nr_prec_YEAST": 25014,
      "nr_prec_ECOLI": 5409,
      "variance_epsilon_global": 0.2660929350079657
    },
    "3": {
      "median_abs_epsilon_global": 0.21316289901733398,
      "median_abs_epsilon_eq_species": 0.2604745229085286,
      "median_abs_epsilon_ECOLI": 0.34221935272216797,
      "median_abs_epsilon_HUMAN": 0.20035362243652344,
      "median_abs_epsilon_YEAST": 0.23885059356689453,
      "mean_abs_epsilon_global": 0.35023194371147826,
      "mean_abs_epsilon_eq_species": 0.41698770291788634,
      "mean_abs_epsilon_ECOLI": 0.5420417458660799,
      "mean_abs_epsilon_HUMAN": 0.32889630174084605,
      "mean_abs_epsilon_YEAST": 0.38002506114673296,
      "median_log2_empirical_ECOLI": -1.7446041107177734,
      "median_log2_empirical_HUMAN": 0.012586593627929688,
      "median_log2_empirical_YEAST": 0.9658727645874023,
      "median_abs_epsilon_precision_global": 0.21328258514404297,
      "median_abs_epsilon_precision_eq_species": 0.25334755579630536,
      "median_abs_epsilon_precision_ECOLI": 0.3190422058105469,
      "median_abs_epsilon_precision_HUMAN": 0.19968795776367188,
      "median_abs_epsilon_precision_YEAST": 0.24131250381469727,
      "mean_log2_empirical_ECOLI": -1.6048387284176369,
      "mean_log2_empirical_HUMAN": -0.02212868425405963,
      "mean_log2_empirical_YEAST": 0.9049277654191118,
      "mean_abs_epsilon_precision_global": 0.3498340838312888,
      "mean_abs_epsilon_precision_eq_species": 0.4027102003746313,
      "mean_abs_epsilon_precision_ECOLI": 0.4945185686344721,
      "mean_abs_epsilon_precision_HUMAN": 0.3304325086745227,