{
  "id": "AlphaDIA_20260709_104912",
  "software_name": "AlphaDIA",
  "software_version": "2.1.1",
  "search_engine": "AlphaDIA",
  "search_engine_version": NaN,
  "ident_fdr_psm": 0.01,
  "ident_fdr_peptide": NaN,
  "ident_fdr_protein": 0.01,
  "enable_match_between_runs": true,
  "precursor_mass_tolerance": "[-3 ppm, 3 ppm]",
  "fragment_mass_tolerance": "[-10 ppm, 10 ppm]",
  "enzyme": "Trypsin/P",
  "allowed_miscleavages": 1,
  "min_peptide_length": 6,
  "max_peptide_length": 30,
  "is_temporary": false,
  "intermediate_hash": "6492b34dd42b628d7c08d2375afe5eb85fefc6c7",
  "results": {
    "6": {
      "median_abs_epsilon_global": 0.19660631815592566,
      "median_abs_epsilon_eq_species": 0.27466922336154437,
      "median_abs_epsilon_ECOLI": 0.39195632934570135,
      "median_abs_epsilon_HUMAN": 0.18001683553059777,
      "median_abs_epsilon_YEAST": 0.2520345052083339,
      "mean_abs_epsilon_global": 0.2918187975786091,
      "mean_abs_epsilon_eq_species": 0.3891011968928384,
      "mean_abs_epsilon_ECOLI": 0.5500612966112631,
      "mean_abs_epsilon_HUMAN": 0.26337831295495573,
      "mean_abs_epsilon_YEAST": 0.3538639811122964,
      "median_log2_empirical_ECOLI": -1.6342264811197893,
      "median_log2_empirical_HUMAN": -0.018301645914711173,
      "median_log2_empirical_YEAST": 0.781983057657877,
      "median_abs_epsilon_precision_global": 0.1919657389322964,
      "median_abs_epsilon_precision_eq_species": 0.23298952314588797,
      "median_abs_epsilon_precision_ECOLI": 0.3021316528320348,
      "median_abs_epsilon_precision_HUMAN": 0.1813459396362287,
      "median_abs_epsilon_precision_YEAST": 0.21549097696940045,
      "mean_log2_empirical_ECOLI": -1.5128943824750607,
      "mean_log2_empirical_HUMAN": -0.06772611728343506,
      "mean_log2_empirical_YEAST": 0.7096827707238049,
      "mean_abs_epsilon_precision_global": 0.27905441316140495,
      "mean_abs_epsilon_precision_eq_species": 0.3324602931298483,
      "mean_abs_epsilon_precision_ECOLI": 0.43165429011867196,
      "mean_abs_epsilon_precision_HUMAN": 0.26655167007165453,
      "mean_abs_epsilon_precision_YEAST": 0.2991749191992183,
      "CV_median": 0.13549864825615815,
      "CV_q75": 0.23073690113628859,
      "CV_q90": 0.3438040239307626,
      "CV_q95": 0.42647746790360797,
      "variance_epsilon_global": 0.17880995215335377,
      "nr_feature": 99961,
      "roc_auc": 0.8902589275609792
    },
    "5": {
      "median_abs_epsilon_global": 0.2138843536376953,
      "median_abs_epsilon_eq_species": 0.3376193576388887,
      "median_abs_epsilon_ECOLI": 0.5320758819580078,
      "median_abs_epsilon_HUMAN": 0.19026343027750592,
      "median_abs_epsilon_YEAST": 0.29051876068115234,
      "mean_abs_epsilon_global": 0.3220931788208235,
      "mean_abs_epsilon_eq_species": 0.4575186922012187,
      "mean_abs_epsilon_ECOLI": 0.693746496113922,
      "mean_abs_epsilon_HUMAN": 0.2786155465747778,
      "mean_abs_epsilon_YEAST": 0.4001940339149562,
      "median_log2_empirical_ECOLI": -1.4830737511316938,
      "median_log2_empirical_HUMAN": -0.01959578196207623,
      "median_log2_empirical_YEAST": 0.7390257517496757,
      "median_abs_epsilon_precision_global": 0.2089996337890625,
      "median_abs_epsilon_precision_eq_species": 0.27445040808783566,
      "median_abs_epsilon_precision_ECOLI": 0.3885181744893389,
      "median_abs_epsilon_precision_HUMAN": 0.1914375623067226,
      "median_abs_epsilon_precision_YEAST": 0.24339548746744555,
      "mean_log2_empirical_ECOLI": -1.3581701014960765,
      "mean_log2_empirical_HUMAN": -0.06812926174403622,
      "mean_log2_empirical_YEAST": 0.6623462898146424,
      "mean_abs_epsilon_precision_global": 0.30143799614136924,
      "mean_abs_epsilon_precision_eq_species": 0.3734703713087722,
      "mean_abs_epsilon_precision_ECOLI": 0.5093840210697872,
      "mean_abs_epsilon_precision_HUMAN": 0.28147470220543686,
      "mean_abs_epsilon_precision_YEAST": 0.3295523906510926,
      "CV_median": 0.1431352095098712,
      "CV_q75": 0.24543640612573525,
      "CV_q90": 0.3682895432016677,
      "CV_q95": 0.45889061405670006,
      "variance_epsilon_global": 0.21896568818099385,
      "nr_feature": 114321,
      "roc_auc": 0.8630595935173672
    },
    "4": {
      "median_abs_epsilon_global": 0.22614161173502723,
      "median_abs_epsilon_eq_species": 0.38356553183661585,
      "median_abs_epsilon_ECOLI": 0.6403363545735683,
      "median_abs_epsilon_HUMAN": 0.19650967915852924,
      "median_abs_epsilon_YEAST": 0.31385056177775006,
      "mean_abs_epsilon_global": 0.346698950303647,
      "mean_abs_epsilon_eq_species": 0.5070387566421558,
      "mean_abs_epsilon_ECOLI": 0.7961999318357625,
      "mean_abs_epsilon_HUMAN": 0.2900081081466922,
      "mean_abs_epsilon_YEAST": 0.4349082299440125,
      "median_log2_empirical_ECOLI": -1.3704261779785156,
      "median_log2_empirical_HUMAN": -0.020552317301429923,
      "median_log2_empirical_YEAST": 0.7123699982961025,
      "median_abs_epsilon_precision_global": 0.2203795115152971,
      "median_abs_epsilon_precision_eq_species": 0.3020436763763428,
      "median_abs_epsilon_precision_ECOLI": 0.4461078643798846,
      "median_abs_epsilon_precision_HUMAN": 0.1976579030354806,
      "median_abs_epsilon_precision_YEAST": 0.26236526171366314,
      "mean_log2_empirical_ECOLI": -1.2514151375797917,
      "mean_log2_empirical_HUMAN": -0.07042409749302934,
      "mean_log2_empirical_YEAST": 0.6296098607170145,
      "mean_abs_epsilon_precision_global": 0.319621524984189,
      "mean_abs_epsilon_precision_eq_species": 0.40180457774121575,
      "mean_abs_epsilon_precision_ECOLI": 0.5572662604928372,
      "mean_abs_epsilon_precision_HUMAN": 0.2928866641219274,
      "mean_abs_epsilon_precision_YEAST": 0.35526080860888276,
      "CV_median": 0.14598546902205448,
      "CV_q75": 0.2505775880093495,
      "CV_q90": 0.3763047838322282,
      "CV_q95": 0.4698723296254449,
      "variance_epsilon_global": 0.25817900817973644,
      "nr_feature": 122589,
      "roc_auc": 0.8448269715556088
    },
    "3": {
      "median_abs_epsilon_global": 0.23067069053649814,
      "median_abs_epsilon_eq_species": 0.3948888381322222,
      "median_abs_epsilon_ECOLI": 0.6612827380498247,
      "median_abs_epsilon_HUMAN": 0.2000141143798828,
      "median_abs_epsilon_YEAST": 0.32336966196695904,
      "mean_abs_epsilon_global": 0.3552020413939777,
      "mean_abs_epsilon_eq_species": 0.5207062116721953,
      "mean_abs_epsilon_ECOLI": 0.8176190516228556,
      "mean_abs_epsilon_HUMAN": 0.29570403037028836,
      "mean_abs_epsilon_YEAST": 0.44879555302344204,
      "median_log2_empirical_ECOLI": -1.3504784901936846,
      "median_log2_empirical_HUMAN": -0.020887533823648496,
      "median_log2_empirical_YEAST": 0.7046583493550633,
      "median_abs_epsilon_precision_global": 0.22474765777587935,
      "median_abs_epsilon_precision_eq_species": 0.30904303656683957,
      "median_abs_epsilon_precision_ECOLI": 0.45706462860107333,
      "median_abs_epsilon_precision_HUMAN": 0.2010490099589033,
      "median_abs_epsilon_precision_YEAST": 0.26901547114054214,
      "mean_log2_empirical_ECOLI": -1.229085151324235,
      "mean_log2_empirical_HUMAN": -0.07027510951544624,
      "mean_log2_empirical_YEAST": 0.6168780677823187,
      "mean_abs_epsilon_precision_global": 0.3269160334029468,
      "mean_abs_epsilon_precision_eq_species": 0.4117586804065782,
      "mean_abs_epsilon_precision_ECOLI": 0.5702260450979334,
      "mean_abs_epsilon_precision_HUMAN": 0.298449856392201,
      "mean_abs_epsilon_precision_YEAST": 0.36660013972960015,
      "CV_median": 0.14729249030701103,
      "CV_q75": 0.25292908256424973,
      "CV_q90": 0.380195258238735,
      "CV_q95": 0.47501584211983905,
      "variance_epsilon_global": 0.2716185554952835,
      "nr_feature": 127762,
      "roc_auc": 0.83807910591289
    },
    "2": {
      "median_abs_epsilon_global": 0.23218456904093454,
      "median_abs_epsilon_eq_species": 0.3972929318745925,