{
  "old_new": "new",
  "id": "PEAKS_20250708_083031",
  "software_name": "PEAKS",
  "software_version": "13 20250520",
  "search_engine": "PEAKS",
  "search_engine_version": "13 20250520",
  "ident_fdr_psm": "1.0%",
  "ident_fdr_peptide": "1.0%",
  "ident_fdr_protein": null,
  "enable_match_between_runs": true,
  "precursor_mass_tolerance": "Auto Detected",
  "fragment_mass_tolerance": "Auto Detected",
  "enzyme": "Trypsin/P",
  "allowed_miscleavages": 1,
  "min_peptide_length": 6,
  "max_peptide_length": 30,
  "is_temporary": false,
  "intermediate_hash": "649792bdaf1bb9e371d5c261dc7bfd7d42a84df6",
  "results": {
    "6": {
      "median_abs_epsilon_global": 0.19064436680111463,
      "median_abs_epsilon_eq_species": 0.19748149298274656,
      "median_abs_epsilon_ECOLI": 0.21114782696878365,
      "median_abs_epsilon_HUMAN": 0.1889528133490117,
      "median_abs_epsilon_YEAST": 0.19234383863044435,
      "mean_abs_epsilon_global": 0.2862793299031068,
      "mean_abs_epsilon_eq_species": 0.28902336860099437,
      "mean_abs_epsilon_ECOLI": 0.2973505693592803,
      "mean_abs_epsilon_HUMAN": 0.2865788946352632,
      "mean_abs_epsilon_YEAST": 0.28314064180843956,
      "median_log2_empirical_ECOLI": -1.919686839289028,
      "median_log2_empirical_HUMAN": -0.029927408560753932,
      "median_log2_empirical_YEAST": 0.9447289805762438,
      "median_abs_epsilon_precision_global": 0.19064929151975996,
      "median_abs_epsilon_precision_eq_species": 0.19278401646749485,
      "median_abs_epsilon_precision_ECOLI": 0.19668938817555315,
      "median_abs_epsilon_precision_HUMAN": 0.1900918861009533,
      "median_abs_epsilon_precision_YEAST": 0.1915707751259781,
      "mean_log2_empirical_ECOLI": -1.9102282209253352,
      "mean_log2_empirical_HUMAN": -0.09042172914507332,
      "mean_log2_empirical_YEAST": 0.8992137305078394,
      "mean_abs_epsilon_precision_global": 0.28852598241615246,
      "mean_abs_epsilon_precision_eq_species": 0.2866318161990208,
      "mean_abs_epsilon_precision_ECOLI": 0.2881048541253742,
      "mean_abs_epsilon_precision_HUMAN": 0.290237719246517,
      "mean_abs_epsilon_precision_YEAST": 0.28155287522517114,
      "CV_median": 0.14611879696486008,
      "CV_q75": 0.2566414600167022,
      "CV_q90": 0.3911570993158242,
      "CV_q95": 0.486490591681476,
      "roc_auc": 0.9252138066677972,
      "roc_auc_directional": 0.9738914483421122,
      "nr_prec": 82797,
      "nr_prec_HUMAN": 64445,
      "nr_prec_YEAST": 15657,
      "nr_prec_ECOLI": 2695,
      "variance_epsilon_global": 0.17727937102767155
    },
    "5": {
      "median_abs_epsilon_global": 0.20492249733177736,
      "median_abs_epsilon_eq_species": 0.2160832943413157,
      "median_abs_epsilon_ECOLI": 0.23370203571983694,
      "median_abs_epsilon_HUMAN": 0.20205207473186526,
      "median_abs_epsilon_YEAST": 0.21249577257224495,
      "mean_abs_epsilon_global": 0.3094639867220068,
      "mean_abs_epsilon_eq_species": 0.31996307133729035,
      "mean_abs_epsilon_ECOLI": 0.3392610916152566,
      "mean_abs_epsilon_HUMAN": 0.30709631851065755,
      "mean_abs_epsilon_YEAST": 0.313531803885957,
      "median_log2_empirical_ECOLI": -1.9056227536284958,
      "median_log2_empirical_HUMAN": -0.030653548537939557,
      "median_log2_empirical_YEAST": 0.9357307077193795,
      "median_abs_epsilon_precision_global": 0.20521912762148187,
      "median_abs_epsilon_precision_eq_species": 0.2098816689665227,
      "median_abs_epsilon_precision_ECOLI": 0.21535979018624296,
      "median_abs_epsilon_precision_HUMAN": 0.20324224653309297,
      "median_abs_epsilon_precision_YEAST": 0.2110429701802321,
      "mean_log2_empirical_ECOLI": -1.878857742551583,
      "mean_log2_empirical_HUMAN": -0.09106540972603423,
      "mean_log2_empirical_YEAST": 0.8826845892151263,
      "mean_abs_epsilon_precision_global": 0.31120078024927295,
      "mean_abs_epsilon_precision_eq_species": 0.31653317638506134,
      "mean_abs_epsilon_precision_ECOLI": 0.32811903456440633,
      "mean_abs_epsilon_precision_HUMAN": 0.31049788447481447,
      "mean_abs_epsilon_precision_YEAST": 0.3109826101159633,
      "CV_median": 0.15538358713644382,
      "CV_q75": 0.27492075722323084,
      "CV_q90": 0.41998773468936856,
      "CV_q95": 0.522012910405089,
      "roc_auc": 0.9083316619559066,
      "roc_auc_directional": 0.9653187927941855,
      "nr_prec": 95816,
      "nr_prec_HUMAN": 73786,
      "nr_prec_YEAST": 18723,
      "nr_prec_ECOLI": 3307,
      "variance_epsilon_global": 0.2054834655957671
    },
    "4": {
      "median_abs_epsilon_global": 0.21291627776009037,
      "median_abs_epsilon_eq_species": 0.22655026567887906,
      "median_abs_epsilon_ECOLI": 0.24822687500876572,
      "median_abs_epsilon_HUMAN": 0.2086184843175598,
      "median_abs_epsilon_YEAST": 0.2228054377103117,
      "mean_abs_epsilon_global": 0.3232095741189213,
      "mean_abs_epsilon_eq_species": 0.3423985618265231,
      "mean_abs_epsilon_ECOLI": 0.37589698116992515,
      "mean_abs_epsilon_HUMAN": 0.3182670867409499,
      "mean_abs_epsilon_YEAST": 0.3330316175686944,
      "median_log2_empirical_ECOLI": -1.8931945399456893,
      "median_log2_empirical_HUMAN": -0.030332719855498347,
      "median_log2_empirical_YEAST": 0.9298735629901387,
      "median_abs_epsilon_precision_global": 0.2125060110680721,
      "median_abs_epsilon_precision_eq_species": 0.2196439392406644,
      "median_abs_epsilon_precision_ECOLI": 0.22848715901091143,
      "median_abs_epsilon_precision_HUMAN": 0.20957975881036894,
      "median_abs_epsilon_precision_YEAST": 0.22086489990071279,
      "mean_log2_empirical_ECOLI": -1.8449335596130643,
      "mean_log2_empirical_HUMAN": -0.08868166119975043,
      "mean_log2_empirical_YEAST": 0.8711402187063044,
      "mean_abs_epsilon_precision_global": 0.3245620719172634,
      "mean_abs_epsilon_precision_eq_species": 0.33842771692892404,
      "mean_abs_epsilon_precision_ECOLI": 0.3637608413287961,
      "mean_abs_epsilon_precision_HUMAN": 0.3213112776481709,
      "mean_abs_epsilon_precision_YEAST": 0.33021103180980516,
      "CV_median": 0.15795240273943173,
      "CV_q75": 0.2797343112115478,
      "CV_q90": 0.4278874609600098,
      "CV_q95": 0.5323195825944163,
      "roc_auc": 0.8977854170351909,
      "roc_auc_directional": 0.9576462115299833,
      "nr_prec": 101091,
      "nr_prec_HUMAN": 77586,
      "nr_prec_YEAST": 19945,
      "nr_prec_ECOLI": 3560,
      "variance_epsilon_global": 0.22560970973860334
    },
    "3": {
      "median_abs_epsilon_global": 0.21560285652394207,
      "median_abs_epsilon_eq_species": 0.22947477561712848,
      "median_abs_epsilon_ECOLI": 0.2503350752743536,
      "median_abs_epsilon_HUMAN": 0.2117052932106267,
      "median_abs_epsilon_YEAST": 0.22638395836640512,
      "mean_abs_epsilon_global": 0.3284780338859483,
      "mean_abs_epsilon_eq_species": 0.34736240159861187,
      "mean_abs_epsilon_ECOLI": 0.37881498018594556,
      "mean_abs_epsilon_HUMAN": 0.3232041036633766,
      "mean_abs_epsilon_YEAST": 0.34006812094651345,
      "median_log2_empirical_ECOLI": -1.8915454938048857,
      "median_log2_empirical_HUMAN": -0.029986671745996674,
      "median_log2_empirical_YEAST": 0.926151854985279,
      "median_abs_epsilon_precision_global": 0.2153514790089215,
      "median_abs_epsilon_precision_eq_species": 0.22260976731039447,
      "median_abs_epsilon_precision_ECOLI": 0.23083518171676154,
      "median_abs_epsilon_precision_HUMAN": 0.21236019201653722,
      "median_abs_epsilon_precision_YEAST": 0.22463392819788464,
      "mean_log2_empirical_ECOLI": -1.8410538720030487,
      "mean_log2_empirical_HUMAN": -0.0876086499131026,
      "mean_log2_empirical_YEAST": 0.8644193450529066,
      "mean_abs_epsilon_precision_global": 0.3297209798461089,
      "mean_abs_epsilon_precision_eq_species": 0.3432967123196304,
      "mean_abs_epsilon_precision_ECOLI": 0.36663927284906234,
      "mean_abs_epsilon_precision_HUMAN": 0.32613891638067954,