{
  "old_new": "new",
  "id": "PEAKS_20250708_083031",
  "software_name": "PEAKS",
  "software_version": "13 20250520",
  "search_engine": "PEAKS",
  "search_engine_version": "13 20250520",
  "ident_fdr_psm": "1.0%",
  "ident_fdr_peptide": "1.0%",
  "ident_fdr_protein": null,
  "enable_match_between_runs": true,
  "precursor_mass_tolerance": "Auto Detected",
  "fragment_mass_tolerance": "Auto Detected",
  "enzyme": "Trypsin/P",
  "allowed_miscleavages": "1",
  "min_peptide_length": "6",
  "max_peptide_length": "30",
  "is_temporary": false,
  "intermediate_hash": "649792bdaf1bb9e371d5c261dc7bfd7d42a84df6",
  "results": {
    "6": {
      "median_abs_epsilon": 0.1905852851501253,
      "mean_abs_epsilon": 0.2865802939383856,
      "variance_epsilon": 0.17825907278908976,
      "nr_prec": 83578,
      "CV_median": 0.1457355923629438,
      "CV_q75": 0.25617127347489055,
      "CV_q90": 0.39075252433192414,
      "CV_q95": 0.4863887568323254
    },
    "5": {
      "median_abs_epsilon": 0.20482075666854094,
      "mean_abs_epsilon": 0.30972977067133045,
      "variance_epsilon": 0.2064791418613691,
      "nr_prec": 96675,
      "CV_median": 0.15500464495468003,
      "CV_q75": 0.2744726316564437,
      "CV_q90": 0.4197209225864342,
      "CV_q95": 0.5218518144022826
    },
    "4": {
      "median_abs_epsilon": 0.21276544784260487,
      "mean_abs_epsilon": 0.3234852717325765,
      "variance_epsilon": 0.22694253517493193,
      "nr_prec": 101981,
      "CV_median": 0.15756195089913477,
      "CV_q75": 0.2793377031346891,
      "CV_q90": 0.42758991196580787,
      "CV_q95": 0.5322412122087561
    },
    "3": {
      "median_abs_epsilon": 0.21545915262138315,
      "mean_abs_epsilon": 0.32872124486143217,
      "variance_epsilon": 0.23433652141906947,
      "nr_prec": 125026,
      "CV_median": 0.16819756502533845,
      "CV_q75": 0.2974064217953374,
      "CV_q90": 0.45104504689539426,
      "CV_q95": 0.5549246635862113
    },
    "2": {
      "median_abs_epsilon": 0.21627582833777836,
      "mean_abs_epsilon": 0.3304952036668747,
      "variance_epsilon": 0.23732682785874074,
      "nr_prec": 138764,
      "CV_median": 0.17140866542252525,
      "CV_q75": 0.3046997137323667,
      "CV_q90": 0.4630863226184298,
      "CV_q95": 0.5712087026025262
    },
    "1": {
      "median_abs_epsilon": 0.21627582833777836,
      "mean_abs_epsilon": 0.3304952036668747,
      "variance_epsilon": 0.2373268278587408,
      "nr_prec": 141233,
      "CV_median": 0.17140866542252525,
      "CV_q75": 0.3046997137323667,
      "CV_q90": 0.4630863226184298,
      "CV_q95": 0.5712087026025262
    }
  },
  "median_abs_epsilon": 0.21545915262138315,
  "mean_abs_epsilon": 0.32872124486143217,
  "nr_prec": 125026,
  "comments": "",
  "proteobench_version": "0.8.28",
  "color": "#f032e6",
  "hover_text": "ProteoBench ID: PEAKS_20250708_083031<br>Software tool: PEAKS <br>Comment (private submission): ...",
  "scatter_size": 20,
  "fixed_mods": "Carbamidomethylation (+57.02)",
  "variable_mods": "Oxidation (M) (+15.99) ,Acetylation (Protein N-term) (+42.01)",
  "max_mods": "1",
  "min_precursor_charge": "1",
  "max_precursor_charge": "5",
  "quantification_method": "Identification Directed Quantification",
  "protein_inference": null,
  "abundance_normalization_ions": "No Normalization",
  "submission_comments": "\n\n ### No parameter changes detected. \n\n\nDataset URL: https://proteobench.cubimed.rub.de/datasets/649792bdaf1bb9e371d5c261dc7bfd7d42a84df6/"
}