{
  "old_new": "new",
  "id": "DIA-NN_20250718_075107",
  "software_name": "DIA-NN",
  "software_version": "2.2.0 Academia ",
  "search_engine": "DIA-NN",
  "search_engine_version": "2.2.0 Academia ",
  "ident_fdr_psm": "0.01",
  "ident_fdr_peptide": NaN,
  "ident_fdr_protein": NaN,
  "enable_match_between_runs": false,
  "precursor_mass_tolerance": "[-2.8 ppm, 2.8 ppm]",
  "fragment_mass_tolerance": "[-6 ppm, 6 ppm]",
  "enzyme": "Trypsin/P",
  "allowed_miscleavages": "1",
  "min_peptide_length": "6",
  "max_peptide_length": "30",
  "is_temporary": false,
  "intermediate_hash": "666c52f96ac72b3090256ab7e7ed34c9862f7f30",
  "results": {
    "6": {
      "median_abs_epsilon": 0.16328811645507812,
      "mean_abs_epsilon": 0.2472588073514561,
      "variance_epsilon": 0.13476180325143777,
      "nr_prec": 65443,
      "CV_median": 0.11313561856059579,
      "CV_q75": 0.19517706551057196,
      "CV_q90": 0.29545817477902725,
      "CV_q95": 0.36806322641480615
    },
    "5": {
      "median_abs_epsilon": 0.1784839630126953,
      "mean_abs_epsilon": 0.270509824181807,
      "variance_epsilon": 0.16127109859427763,
      "nr_prec": 80319,
      "CV_median": 0.12249930039039354,
      "CV_q75": 0.21434397381625242,
      "CV_q90": 0.32752293123271325,
      "CV_q95": 0.40788740119985145
    },
    "4": {
      "median_abs_epsilon": 0.19463634490966797,
      "mean_abs_epsilon": 0.300505793547912,
      "variance_epsilon": 0.20261856194860056,
      "nr_prec": 93100,
      "CV_median": 0.12831114552081152,
      "CV_q75": 0.2262088001798895,
      "CV_q90": 0.34685827110258327,
      "CV_q95": 0.43414771069588415
    },
    "3": {
      "median_abs_epsilon": 0.20801162719726562,
      "mean_abs_epsilon": 0.32481696726167564,
      "variance_epsilon": 0.23991364671920426,
      "nr_prec": 108061,
      "CV_median": 0.13310211521424103,
      "CV_q75": 0.23598582674935403,
      "CV_q90": 0.36281376692782397,
      "CV_q95": 0.4570326600175294
    },
    "2": {
      "median_abs_epsilon": 0.22037696838378906,
      "mean_abs_epsilon": 0.35419637620513506,
      "variance_epsilon": 0.320601135490481,
      "nr_prec": 125385,
      "CV_median": 0.13574538864993954,
      "CV_q75": 0.24238777955878194,
      "CV_q90": 0.37527708401991994,
      "CV_q95": 0.4756701507846528
    },
    "1": {
      "median_abs_epsilon": 0.22037696838378906,
      "mean_abs_epsilon": 0.35419637620513506,
      "variance_epsilon": 0.3206011354904811,
      "nr_prec": 156591,
      "CV_median": 0.13574538864993954,
      "CV_q75": 0.24238777955878194,
      "CV_q90": 0.37527708401991994,
      "CV_q95": 0.4756701507846528
    }
  },
  "median_abs_epsilon": 0.20801162719726562,
  "mean_abs_epsilon": 0.32481696726167564,
  "nr_prec": 108061,
  "comments": "",
  "proteobench_version": "0.8.29",
  "color": "#d42f2f",
  "hover_text": "ProteoBench ID: DIA-NN_20250718_075107<br>Software tool: DIA-NN <br>Comment (private submission): ...",
  "scatter_size": 20,
  "fixed_mods": "unimod4",
  "variable_mods": "UniMod:35/15.994915/M,UniMod:1/42.010565/*n",
  "max_mods": "1",
  "min_precursor_charge": "1",
  "max_precursor_charge": "5",
  "quantification_method": "QuantUMS high-precision",
  "protein_inference": "Genes",
  "abundance_normalization_ions": null,
  "submission_comments": "\n\n ### Parameter changes detected:\n- **ident_fdr_peptide**: `None` \u2192 `nan`\n- **ident_fdr_protein**: `None` \u2192 `nan`\n\nDataset URL: https://proteobench.cubimed.rub.de/datasets/666c52f96ac72b3090256ab7e7ed34c9862f7f30/"
}