{
  "old_new": "new",
  "id": "DIA-NN_20251027_115235",
  "software_name": "DIA-NN",
  "software_version": "1.9.2",
  "search_engine": "DIA-NN",
  "search_engine_version": "1.9.2",
  "ident_fdr_psm": 0.01,
  "ident_fdr_peptide": NaN,
  "ident_fdr_protein": NaN,
  "enable_match_between_runs": true,
  "precursor_mass_tolerance": "[-2.42372 ppm, 2.42372 ppm]",
  "fragment_mass_tolerance": "[-8.32578 ppm, 8.32578 ppm]",
  "enzyme": "Trypsin/P",
  "allowed_miscleavages": 1,
  "min_peptide_length": 6,
  "max_peptide_length": 30,
  "is_temporary": false,
  "intermediate_hash": "69a795ef0a26cfec254cf1acc07511d8cfb5d9f3",
  "results": {
    "6": {
      "median_abs_epsilon_global": 0.17427376716481646,
      "median_abs_epsilon_eq_species": 0.17959049021536563,
      "median_abs_epsilon_ECOLI": 0.18559993713732403,
      "median_abs_epsilon_HUMAN": 0.17243449830665192,
      "median_abs_epsilon_YEAST": 0.18073703520212092,
      "mean_abs_epsilon_global": 0.2691958537640152,
      "mean_abs_epsilon_eq_species": 0.2723302549002459,
      "mean_abs_epsilon_ECOLI": 0.2739788891031302,
      "mean_abs_epsilon_HUMAN": 0.2673041655849688,
      "mean_abs_epsilon_YEAST": 0.2757077100126388,
      "median_log2_empirical_ECOLI": -1.9772545548178915,
      "median_log2_empirical_HUMAN": -0.08249788192907381,
      "median_log2_empirical_YEAST": 0.9213832972426204,
      "median_abs_epsilon_precision_global": 0.1652936122213564,
      "median_abs_epsilon_precision_eq_species": 0.17324959932088882,
      "median_abs_epsilon_precision_ECOLI": 0.18545394261381887,
      "median_abs_epsilon_precision_HUMAN": 0.1626824686976427,
      "median_abs_epsilon_precision_YEAST": 0.17161238665120493,
      "mean_log2_empirical_ECOLI": -1.950142681472821,
      "mean_log2_empirical_HUMAN": -0.1124238032627089,
      "mean_log2_empirical_YEAST": 0.9127155684663661,
      "mean_abs_epsilon_precision_global": 0.2588847835479618,
      "mean_abs_epsilon_precision_eq_species": 0.26554235013432553,
      "mean_abs_epsilon_precision_ECOLI": 0.27438667736570854,
      "mean_abs_epsilon_precision_HUMAN": 0.2563894084232503,
      "mean_abs_epsilon_precision_YEAST": 0.26585096461401786,
      "CV_median": 0.12655769948969897,
      "CV_q75": 0.22114132098564027,
      "CV_q90": 0.3405543463617282,
      "CV_q95": 0.4327781918942434,
      "roc_auc": 0.9413755398702917,
      "roc_auc_directional": 0.9800439941833792,
      "nr_prec": 78117,
      "nr_prec_HUMAN": 59972,
      "nr_prec_YEAST": 15421,
      "nr_prec_ECOLI": 2724,
      "variance_epsilon_global": 0.18362016791854682
    },
    "5": {
      "median_abs_epsilon_global": 0.19502839163445884,
      "median_abs_epsilon_eq_species": 0.21133978605284862,
      "median_abs_epsilon_ECOLI": 0.2340401905756453,
      "median_abs_epsilon_HUMAN": 0.18936362926218386,
      "median_abs_epsilon_YEAST": 0.21061553832071667,
      "mean_abs_epsilon_global": 0.3268868548021607,
      "mean_abs_epsilon_eq_species": 0.3440778423591438,
      "mean_abs_epsilon_ECOLI": 0.36196189801322476,
      "mean_abs_epsilon_HUMAN": 0.3178980577134178,
      "mean_abs_epsilon_YEAST": 0.35237357135078895,
      "median_log2_empirical_ECOLI": -1.9311616856824223,
      "median_log2_empirical_HUMAN": -0.08214637781318146,
      "median_log2_empirical_YEAST": 0.9062549016215407,
      "median_abs_epsilon_precision_global": 0.18637550597312824,
      "median_abs_epsilon_precision_eq_species": 0.20459862224955513,
      "median_abs_epsilon_precision_ECOLI": 0.23166137272039222,
      "median_abs_epsilon_precision_HUMAN": 0.18006438976372863,
      "median_abs_epsilon_precision_YEAST": 0.20207010426454453,
      "mean_log2_empirical_ECOLI": -1.8801701339039267,
      "mean_log2_empirical_HUMAN": -0.11247724781835412,
      "mean_log2_empirical_YEAST": 0.8956617165977973,
      "mean_abs_epsilon_precision_global": 0.31680087363940845,
      "mean_abs_epsilon_precision_eq_species": 0.33577547755975123,
      "mean_abs_epsilon_precision_ECOLI": 0.35917377044127907,
      "mean_abs_epsilon_precision_HUMAN": 0.30802361390609745,
      "mean_abs_epsilon_precision_YEAST": 0.34012904833187707,
      "CV_median": 0.13957528776073308,
      "CV_q75": 0.24933550933791132,
      "CV_q90": 0.39422484573938654,
      "CV_q95": 0.5249386940129934,
      "roc_auc": 0.9078247301827453,
      "roc_auc_directional": 0.9620529776493817,
      "nr_prec": 95129,
      "nr_prec_HUMAN": 71389,
      "nr_prec_YEAST": 19918,
      "nr_prec_ECOLI": 3822,
      "variance_epsilon_global": 0.3079464960931485
    },
    "4": {
      "median_abs_epsilon_global": 0.21474562492639748,
      "median_abs_epsilon_eq_species": 0.2477248005942574,
      "median_abs_epsilon_ECOLI": 0.29668108802346893,
      "median_abs_epsilon_HUMAN": 0.20332489407567778,
      "median_abs_epsilon_YEAST": 0.24316841968362546,
      "mean_abs_epsilon_global": 0.39403770314534337,
      "mean_abs_epsilon_eq_species": 0.4432710551495456,
      "mean_abs_epsilon_ECOLI": 0.5154024972567829,
      "mean_abs_epsilon_HUMAN": 0.3715664727236215,
      "mean_abs_epsilon_YEAST": 0.44284419546823245,
      "median_log2_empirical_ECOLI": -1.87533831363546,
      "median_log2_empirical_HUMAN": -0.0832582081240858,
      "median_log2_empirical_YEAST": 0.8946788242524413,
      "median_abs_epsilon_precision_global": 0.2067581762955406,
      "median_abs_epsilon_precision_eq_species": 0.24210147358414838,
      "median_abs_epsilon_precision_ECOLI": 0.29823033063968296,
      "median_abs_epsilon_precision_HUMAN": 0.1947746638998673,
      "median_abs_epsilon_precision_YEAST": 0.2332994262128949,
      "mean_log2_empirical_ECOLI": -1.788866875155621,
      "mean_log2_empirical_HUMAN": -0.11764867737196878,
      "mean_log2_empirical_YEAST": 0.8882994977432561,
      "mean_abs_epsilon_precision_global": 0.3838097157577241,
      "mean_abs_epsilon_precision_eq_species": 0.432530166102639,
      "mean_abs_epsilon_precision_ECOLI": 0.5064626503141096,
      "mean_abs_epsilon_precision_HUMAN": 0.3624262525880198,
      "mean_abs_epsilon_precision_YEAST": 0.42870159540578756,
      "CV_median": 0.1463484109040985,
      "CV_q75": 0.264990665824433,
      "CV_q90": 0.42892139407092994,
      "CV_q95": 0.5985518873666624,
      "roc_auc": 0.8781574390127496,
      "roc_auc_directional": 0.9361554925114477,
      "nr_prec": 107411,
      "nr_prec_HUMAN": 78745,
      "nr_prec_YEAST": 23561,
      "nr_prec_ECOLI": 5105,
      "variance_epsilon_global": 0.5036701350129538
    },
    "3": {
      "median_abs_epsilon_global": 0.22637346221250887,
      "median_abs_epsilon_eq_species": 0.2612219249795344,
      "median_abs_epsilon_ECOLI": 0.30957584052039344,
      "median_abs_epsilon_HUMAN": 0.2131783934418756,
      "median_abs_epsilon_YEAST": 0.26091154097633407,
      "mean_abs_epsilon_global": 0.44117846834560615,
      "mean_abs_epsilon_eq_species": 0.491658155912698,
      "mean_abs_epsilon_ECOLI": 0.5542144518535906,
      "mean_abs_epsilon_HUMAN": 0.41389087672627745,
      "mean_abs_epsilon_YEAST": 0.506869139158226,
      "median_log2_empirical_ECOLI": -1.8679395015252247,
      "median_log2_empirical_HUMAN": -0.08308009457070753,
      "median_log2_empirical_YEAST": 0.8894283275976775,
      "median_abs_epsilon_precision_global": 0.2180567638801012,
      "median_abs_epsilon_precision_eq_species": 0.2558454633212908,
      "median_abs_epsilon_precision_ECOLI": 0.3127616207057997,
      "median_abs_epsilon_precision_HUMAN": 0.2042322029928343,
      "median_abs_epsilon_precision_YEAST": 0.2505425662652385,
      "mean_log2_empirical_ECOLI": -1.782294166049774,
      "mean_log2_empirical_HUMAN": -0.1182482587101563,
      "mean_log2_empirical_YEAST": 0.8768632619690907,
      "mean_abs_epsilon_precision_global": 0.43104452529436965,
      "mean_abs_epsilon_precision_eq_species": 0.4803122457850739,
      "mean_abs_epsilon_precision_ECOLI": 0.5436085661556747,
      "mean_abs_epsilon_precision_HUMAN": 0.4051914618940776,