{
  "old_new": "new",
  "id": "DIA-NN_20251027_115235",
  "software_name": "DIA-NN",
  "software_version": "1.9.2",
  "search_engine": "DIA-NN",
  "search_engine_version": "1.9.2",
  "ident_fdr_psm": "0.01",
  "ident_fdr_peptide": NaN,
  "ident_fdr_protein": NaN,
  "enable_match_between_runs": true,
  "precursor_mass_tolerance": "[-2.42372 ppm, 2.42372 ppm]",
  "fragment_mass_tolerance": "[-8.32578 ppm, 8.32578 ppm]",
  "enzyme": "Trypsin/P",
  "allowed_miscleavages": "1",
  "min_peptide_length": "6",
  "max_peptide_length": "30",
  "is_temporary": false,
  "intermediate_hash": "69a795ef0a26cfec254cf1acc07511d8cfb5d9f3",
  "results": {
    "6": {
      "median_abs_epsilon": 0.17455235710118977,
      "mean_abs_epsilon": 0.2702378107301884,
      "variance_epsilon": 0.18524634087542569,
      "nr_prec": 78880,
      "CV_median": 0.12583337695654434,
      "CV_q75": 0.22031261718037004,
      "CV_q90": 0.3396195305891362,
      "CV_q95": 0.4318854463288878
    },
    "5": {
      "median_abs_epsilon": 0.19516462748299368,
      "mean_abs_epsilon": 0.32763005850347354,
      "variance_epsilon": 0.30926577434679586,
      "nr_prec": 95960,
      "CV_median": 0.138777240666899,
      "CV_q75": 0.2485182594859061,
      "CV_q90": 0.3932617156919793,
      "CV_q95": 0.523783646285894
    },
    "4": {
      "median_abs_epsilon": 0.2147785642097766,
      "mean_abs_epsilon": 0.39433055915702603,
      "variance_epsilon": 0.5036627477047548,
      "nr_prec": 108291,
      "CV_median": 0.14561102189259345,
      "CV_q75": 0.2641258916100834,
      "CV_q90": 0.42766760945694177,
      "CV_q95": 0.5969048909928667
    },
    "3": {
      "median_abs_epsilon": 0.22635057082145238,
      "mean_abs_epsilon": 0.4412556008515565,
      "variance_epsilon": 0.6769681163150364,
      "nr_prec": 117889,
      "CV_median": 0.14959412775295966,
      "CV_q75": 0.2731720461963452,
      "CV_q90": 0.45075633583423225,
      "CV_q95": 0.6507563376704095
    },
    "2": {
      "median_abs_epsilon": 0.23083997165306336,
      "mean_abs_epsilon": 0.4626281976284935,
      "variance_epsilon": 0.7714468607375319,
      "nr_prec": 123622,
      "CV_median": 0.15082280984069538,
      "CV_q75": 0.27668159900486466,
      "CV_q90": 0.45991212651952146,
      "CV_q95": 0.6774527926346833
    },
    "1": {
      "median_abs_epsilon": 0.23083997165306336,
      "mean_abs_epsilon": 0.4626281976284936,
      "variance_epsilon": 0.7714468607375319,
      "nr_prec": 126769,
      "CV_median": 0.15082280984069538,
      "CV_q75": 0.27668159900486466,
      "CV_q90": 0.45991212651952146,
      "CV_q95": 0.6774527926346833
    }
  },
  "median_abs_epsilon": 0.22635057082145238,
  "mean_abs_epsilon": 0.4412556008515565,
  "nr_prec": 117889,
  "comments": "",
  "proteobench_version": "0.10.3",
  "color": "#d42f2f",
  "hover_text": "ProteoBench ID: DIA-NN_20251027_115235<br>Software tool: DIA-NN <br>Comment (private submission): ...",
  "scatter_size": 20,
  "fixed_mods": "unimod4",
  "variable_mods": "UniMod:35/15.994915/M,UniMod:1/42.010565/*n",
  "max_mods": "1",
  "min_precursor_charge": "1",
  "max_precursor_charge": "4",
  "quantification_method": "QuantUMS high-accuracy",
  "protein_inference": "Genes",
  "abundance_normalization_ions": null,
  "submission_comments": "Resubmission of 29f30988632ca71c66213d7e4419673ec88c09d5 after changing quant column from Precursor.Quantity -> Precursor.Normalised\n\n ### Parameter changes detected:\n- **ident_fdr_protein**: `None` \u2192 `nan`\n- **ident_fdr_peptide**: `None` \u2192 `nan`\n\nDataset URL: https://proteobench.cubimed.rub.de/datasets/69a795ef0a26cfec254cf1acc07511d8cfb5d9f3/",
  "min_precursor_mz": "400",
  "max_precursor_mz": "1000",
  "min_fragment_mz": "50",
  "max_fragment_mz": "2000",
  "predictors_library": "{'RT': 'DIANN', 'IM': 'DIANN', 'MS2_int': 'DIANN'}",
  "scan_window": "6"
}