{
  "id": "AlphaDIA_20260709_142829",
  "software_name": "AlphaDIA",
  "software_version": "2.1.1",
  "search_engine": "AlphaDIA",
  "search_engine_version": NaN,
  "ident_fdr_psm": 0.01,
  "ident_fdr_peptide": NaN,
  "ident_fdr_protein": 0.01,
  "enable_match_between_runs": true,
  "precursor_mass_tolerance": "[-3 ppm, 3 ppm]",
  "fragment_mass_tolerance": "[-10 ppm, 10 ppm]",
  "enzyme": "Trypsin/P",
  "allowed_miscleavages": 1,
  "min_peptide_length": 6,
  "max_peptide_length": 30,
  "is_temporary": false,
  "intermediate_hash": "69d914d08d281bdd90c3879802a919c696f0a85e",
  "results": {
    "6": {
      "median_abs_epsilon_global": 0.1948699951171866,
      "median_abs_epsilon_eq_species": 0.2723292244805231,
      "median_abs_epsilon_ECOLI": 0.3895721435546875,
      "median_abs_epsilon_HUMAN": 0.1783749262491865,
      "median_abs_epsilon_YEAST": 0.2490406036376953,
      "mean_abs_epsilon_global": 0.2906176605336145,
      "mean_abs_epsilon_eq_species": 0.38798137887881984,
      "mean_abs_epsilon_ECOLI": 0.5495907403008562,
      "mean_abs_epsilon_HUMAN": 0.2619912135865137,
      "mean_abs_epsilon_YEAST": 0.35236218274908976,
      "median_log2_empirical_ECOLI": -1.6351912816365566,
      "median_log2_empirical_HUMAN": -0.018131256103516513,
      "median_log2_empirical_YEAST": 0.783364613850912,
      "median_abs_epsilon_precision_global": 0.19118563334147076,
      "median_abs_epsilon_precision_eq_species": 0.2325439453124997,
      "median_abs_epsilon_precision_ECOLI": 0.3017384211222325,
      "median_abs_epsilon_precision_HUMAN": 0.18011824289957712,
      "median_abs_epsilon_precision_YEAST": 0.2157751719156895,
      "mean_log2_empirical_ECOLI": -1.514535565493121,
      "mean_log2_empirical_HUMAN": -0.06674227775270603,
      "mean_log2_empirical_YEAST": 0.7123418944637705,
      "mean_abs_epsilon_precision_global": 0.27786349277329897,
      "mean_abs_epsilon_precision_eq_species": 0.3313285713850895,
      "mean_abs_epsilon_precision_ECOLI": 0.4301837163911266,
      "mean_abs_epsilon_precision_HUMAN": 0.2650934107671778,
      "mean_abs_epsilon_precision_YEAST": 0.29870858699696395,
      "CV_median": 0.13451340389200714,
      "CV_q75": 0.22832465238733196,
      "CV_q90": 0.3415878002352909,
      "CV_q95": 0.4236726736300984,
      "variance_epsilon_global": 0.17859997431043104,
      "nr_feature": 98728,
      "roc_auc": 0.8926222948454952
    },
    "5": {
      "median_abs_epsilon_global": 0.21227741241455078,
      "median_abs_epsilon_eq_species": 0.3319344520568854,
      "median_abs_epsilon_ECOLI": 0.5217167536417646,
      "median_abs_epsilon_HUMAN": 0.18928352991739938,
      "median_abs_epsilon_YEAST": 0.28480307261149207,
      "mean_abs_epsilon_global": 0.3200334231917838,
      "mean_abs_epsilon_eq_species": 0.45199508684101214,
      "mean_abs_epsilon_ECOLI": 0.6825445209114132,
      "mean_abs_epsilon_HUMAN": 0.27756952476382507,
      "mean_abs_epsilon_YEAST": 0.39587121484779836,
      "median_log2_empirical_ECOLI": -1.4944384098052987,
      "median_log2_empirical_HUMAN": -0.018697420756021543,
      "median_log2_empirical_YEAST": 0.7439397176106759,
      "median_abs_epsilon_precision_global": 0.2070916493733712,
      "median_abs_epsilon_precision_eq_species": 0.2708387639787461,
      "median_abs_epsilon_precision_ECOLI": 0.38079301516215036,
      "median_abs_epsilon_precision_HUMAN": 0.1901391347249355,
      "median_abs_epsilon_precision_YEAST": 0.24158414204915246,
      "mean_log2_empirical_ECOLI": -1.3694582511920133,
      "mean_log2_empirical_HUMAN": -0.06647488125067376,
      "mean_log2_empirical_YEAST": 0.6679424069109158,
      "mean_abs_epsilon_precision_global": 0.2998667307391295,
      "mean_abs_epsilon_precision_eq_species": 0.36975160954616926,
      "mean_abs_epsilon_precision_ECOLI": 0.5013336150488956,
      "mean_abs_epsilon_precision_HUMAN": 0.280346562554493,
      "mean_abs_epsilon_precision_YEAST": 0.32757465103511924,
      "CV_median": 0.14204262289000255,
      "CV_q75": 0.2432035836228621,
      "CV_q90": 0.3653964083603898,
      "CV_q95": 0.45575346362670477,
      "variance_epsilon_global": 0.21712382575471478,
      "nr_feature": 112491,
      "roc_auc": 0.8662000304737629
    },
    "4": {
      "median_abs_epsilon_global": 0.22368367513020715,
      "median_abs_epsilon_eq_species": 0.3774318165249291,
      "median_abs_epsilon_ECOLI": 0.629796663920084,
      "median_abs_epsilon_HUMAN": 0.19546874364217093,
      "median_abs_epsilon_YEAST": 0.30703004201253226,
      "mean_abs_epsilon_global": 0.3437955219495772,
      "mean_abs_epsilon_eq_species": 0.5022232654887868,
      "mean_abs_epsilon_ECOLI": 0.7918891815145579,
      "mean_abs_epsilon_HUMAN": 0.2892706338818192,
      "mean_abs_epsilon_YEAST": 0.4255099810699835,
      "median_log2_empirical_ECOLI": -1.382472038269043,
      "median_log2_empirical_HUMAN": -0.019516626993814512,
      "median_log2_empirical_YEAST": 0.7230297724405919,
      "median_abs_epsilon_precision_global": 0.21804364522298236,
      "median_abs_epsilon_precision_eq_species": 0.29944790734185184,
      "median_abs_epsilon_precision_ECOLI": 0.4440670013427752,
      "median_abs_epsilon_precision_HUMAN": 0.19640270868937204,
      "median_abs_epsilon_precision_YEAST": 0.2578740119934082,
      "mean_log2_empirical_ECOLI": -1.255317206036206,
      "mean_log2_empirical_HUMAN": -0.0677629067749572,
      "mean_log2_empirical_YEAST": 0.6409128665673293,
      "mean_abs_epsilon_precision_global": 0.31788314375828336,
      "mean_abs_epsilon_precision_eq_species": 0.40062587438954145,
      "mean_abs_epsilon_precision_ECOLI": 0.5600479456381907,
      "mean_abs_epsilon_precision_HUMAN": 0.2920117837909214,
      "mean_abs_epsilon_precision_YEAST": 0.3498178937395123,
      "CV_median": 0.1449828514899521,
      "CV_q75": 0.248749551521325,
      "CV_q90": 0.37459119543399505,
      "CV_q95": 0.46796417552258907,
      "variance_epsilon_global": 0.256338837820187,
      "nr_feature": 120359,
      "roc_auc": 0.8494127624602801
    },
    "3": {
      "median_abs_epsilon_global": 0.22764889399210642,
      "median_abs_epsilon_eq_species": 0.38821305168999604,
      "median_abs_epsilon_ECOLI": 0.6513752937316895,
      "median_abs_epsilon_HUMAN": 0.19864908854166785,
      "median_abs_epsilon_YEAST": 0.31461477279663086,
      "mean_abs_epsilon_global": 0.35166259359104496,
      "mean_abs_epsilon_eq_species": 0.515218112290861,
      "mean_abs_epsilon_ECOLI": 0.8131557667877128,
      "mean_abs_epsilon_HUMAN": 0.29457705640020104,
      "mean_abs_epsilon_YEAST": 0.43792151368466914,
      "median_log2_empirical_ECOLI": -1.359626690546671,
      "median_log2_empirical_HUMAN": -0.01932779947916785,
      "median_log2_empirical_YEAST": 0.7165247599283848,
      "median_abs_epsilon_precision_global": 0.22188425064086825,
      "median_abs_epsilon_precision_eq_species": 0.30651643541124035,
      "median_abs_epsilon_precision_ECOLI": 0.4565200805664045,
      "median_abs_epsilon_precision_HUMAN": 0.19949722290038885,
      "median_abs_epsilon_precision_YEAST": 0.2635320027669277,
      "mean_log2_empirical_ECOLI": -1.2328563946753905,
      "mean_log2_empirical_HUMAN": -0.06634647320113159,
      "mean_log2_empirical_YEAST": 0.6297682399277098,
      "mean_abs_epsilon_precision_global": 0.32463833079448684,
      "mean_abs_epsilon_precision_eq_species": 0.4099261292118987,
      "mean_abs_epsilon_precision_ECOLI": 0.572282157878341,
      "mean_abs_epsilon_precision_HUMAN": 0.2971327083967013,
      "mean_abs_epsilon_precision_YEAST": 0.3603635213606537,
      "CV_median": 0.14626651902643245,
      "CV_q75": 0.2511980205143366,
      "CV_q90": 0.37847000075151727,
      "CV_q95": 0.47274428826081766,
      "variance_epsilon_global": 0.26909140950158844,
      "nr_feature": 125304,
      "roc_auc": 0.8431967105530457
    },
    "2": {
      "median_abs_epsilon_global": 0.22911580403645893,
      "median_abs_epsilon_eq_species": 0.3906291325887044,