{
  "old_new": "new",
  "id": "DIA-NN_20251027_123527",
  "software_name": "DIA-NN",
  "software_version": "1.9.2",
  "search_engine": "DIA-NN",
  "search_engine_version": "1.9.2",
  "ident_fdr_psm": 0.01,
  "ident_fdr_peptide": NaN,
  "ident_fdr_protein": null,
  "enable_match_between_runs": true,
  "precursor_mass_tolerance": "[-2.31639 ppm, 2.31639 ppm]",
  "fragment_mass_tolerance": "[-8.45298 ppm, 8.45298 ppm]",
  "enzyme": "K*,R*,!",
  "allowed_miscleavages": 1,
  "min_peptide_length": 6,
  "max_peptide_length": 30,
  "is_temporary": false,
  "intermediate_hash": "6be7d3605f77d4a5e5c6902d968978b48cb84918",
  "results": {
    "6": {
      "median_abs_epsilon_global": 0.1754941712181468,
      "median_abs_epsilon_eq_species": 0.1806831947057906,
      "median_abs_epsilon_ECOLI": 0.18537029665023574,
      "median_abs_epsilon_HUMAN": 0.17257917536927714,
      "median_abs_epsilon_YEAST": 0.18410011209785893,
      "mean_abs_epsilon_global": 0.2746885452657295,
      "mean_abs_epsilon_eq_species": 0.28585941362712614,
      "mean_abs_epsilon_ECOLI": 0.29847321801894094,
      "mean_abs_epsilon_HUMAN": 0.26977366259026636,
      "mean_abs_epsilon_YEAST": 0.28933136027217093,
      "median_log2_empirical_ECOLI": -1.9715427761717024,
      "median_log2_empirical_HUMAN": -0.08347732396568297,
      "median_log2_empirical_YEAST": 0.9173576346974244,
      "median_abs_epsilon_precision_global": 0.1655380142822862,
      "median_abs_epsilon_precision_eq_species": 0.17377001469423092,
      "median_abs_epsilon_precision_ECOLI": 0.18530377130723963,
      "median_abs_epsilon_precision_HUMAN": 0.1628436746680535,
      "median_abs_epsilon_precision_YEAST": 0.17316259810739965,
      "mean_log2_empirical_ECOLI": -1.9218577456829644,
      "mean_log2_empirical_HUMAN": -0.11126042425490461,
      "mean_log2_empirical_YEAST": 0.9099296602616661,
      "mean_abs_epsilon_precision_global": 0.26375620177320724,
      "mean_abs_epsilon_precision_eq_species": 0.2790843591312136,
      "mean_abs_epsilon_precision_ECOLI": 0.3008620829028275,
      "mean_abs_epsilon_precision_HUMAN": 0.2583271754288129,
      "mean_abs_epsilon_precision_YEAST": 0.27806381906200034,
      "CV_median": 0.1262665180865931,
      "CV_q75": 0.2232823939570113,
      "CV_q90": 0.3483736683851438,
      "CV_q95": 0.4490242151232884,
      "roc_auc": 0.9362784680852528,
      "roc_auc_directional": 0.9750892139282696,
      "nr_prec": 79092,
      "nr_prec_HUMAN": 60494,
      "nr_prec_YEAST": 15864,
      "nr_prec_ECOLI": 2734,
      "variance_epsilon_global": 0.18885164057663426
    },
    "5": {
      "median_abs_epsilon_global": 0.19701711890834162,
      "median_abs_epsilon_eq_species": 0.21439506970287456,
      "median_abs_epsilon_ECOLI": 0.23894177918014936,
      "median_abs_epsilon_HUMAN": 0.190957533155224,
      "median_abs_epsilon_YEAST": 0.21328589677325027,
      "mean_abs_epsilon_global": 0.33154575300062517,
      "mean_abs_epsilon_eq_species": 0.36105374942442153,
      "mean_abs_epsilon_ECOLI": 0.4024152946384901,
      "mean_abs_epsilon_HUMAN": 0.31898863954109324,
      "mean_abs_epsilon_YEAST": 0.3617573140936815,
      "median_log2_empirical_ECOLI": -1.9192184491163662,
      "median_log2_empirical_HUMAN": -0.08502489116584044,
      "median_log2_empirical_YEAST": 0.9038590824508494,
      "median_abs_epsilon_precision_global": 0.18766730613989946,
      "median_abs_epsilon_precision_eq_species": 0.20995524150697756,
      "median_abs_epsilon_precision_ECOLI": 0.2450999912053291,
      "median_abs_epsilon_precision_HUMAN": 0.18075061355905575,
      "median_abs_epsilon_precision_YEAST": 0.20401511975654785,
      "mean_log2_empirical_ECOLI": -1.8510353001524686,
      "mean_log2_empirical_HUMAN": -0.11581739386390391,
      "mean_log2_empirical_YEAST": 0.8948313990725367,
      "mean_abs_epsilon_precision_global": 0.3206499123107156,
      "mean_abs_epsilon_precision_eq_species": 0.3522894211512646,
      "mean_abs_epsilon_precision_ECOLI": 0.40039237515872417,
      "mean_abs_epsilon_precision_HUMAN": 0.30839177269673473,
      "mean_abs_epsilon_precision_YEAST": 0.348084115598335,
      "CV_median": 0.1398126129786147,
      "CV_q75": 0.2520259250259745,
      "CV_q90": 0.40458730252999076,
      "CV_q95": 0.5451156600368878,
      "roc_auc": 0.9046535570135548,
      "roc_auc_directional": 0.9580331175734017,
      "nr_prec": 95227,
      "nr_prec_HUMAN": 71021,
      "nr_prec_YEAST": 20258,
      "nr_prec_ECOLI": 3948,
      "variance_epsilon_global": 0.3114783103789768
    },
    "4": {
      "median_abs_epsilon_global": 0.21577876195819812,
      "median_abs_epsilon_eq_species": 0.25191174486404694,
      "median_abs_epsilon_ECOLI": 0.3079628083084849,
      "median_abs_epsilon_HUMAN": 0.20472939709640947,
      "median_abs_epsilon_YEAST": 0.24304302918724652,
      "mean_abs_epsilon_global": 0.3939325277024394,
      "mean_abs_epsilon_eq_species": 0.45150753331281795,
      "mean_abs_epsilon_ECOLI": 0.5406272171575521,
      "mean_abs_epsilon_HUMAN": 0.3682108687414032,
      "mean_abs_epsilon_YEAST": 0.44568451403949855,
      "median_log2_empirical_ECOLI": -1.8658528913095367,
      "median_log2_empirical_HUMAN": -0.0864854493378786,
      "median_log2_empirical_YEAST": 0.8940644037266017,
      "median_abs_epsilon_precision_global": 0.2069947603897191,
      "median_abs_epsilon_precision_eq_species": 0.2463512510026072,
      "median_abs_epsilon_precision_ECOLI": 0.31120191877882064,
      "median_abs_epsilon_precision_HUMAN": 0.19471668759603133,
      "median_abs_epsilon_precision_YEAST": 0.23313514663296964,
      "mean_log2_empirical_ECOLI": -1.774153249767874,
      "mean_log2_empirical_HUMAN": -0.12024141009061792,
      "mean_log2_empirical_YEAST": 0.8911827220350053,
      "mean_abs_epsilon_precision_global": 0.3827138730927591,
      "mean_abs_epsilon_precision_eq_species": 0.439597827468293,
      "mean_abs_epsilon_precision_ECOLI": 0.5300695933398576,
      "mean_abs_epsilon_precision_HUMAN": 0.35812083826738345,
      "mean_abs_epsilon_precision_YEAST": 0.43060305079763794,
      "CV_median": 0.14643076191640284,
      "CV_q75": 0.2665952424511796,
      "CV_q90": 0.4377797477561302,
      "CV_q95": 0.6123599220238367,
      "roc_auc": 0.8775964462369299,
      "roc_auc_directional": 0.9350191943130441,
      "nr_prec": 106557,
      "nr_prec_HUMAN": 77666,
      "nr_prec_YEAST": 23598,
      "nr_prec_ECOLI": 5293,
      "variance_epsilon_global": 0.490538702671187
    },
    "3": {
      "median_abs_epsilon_global": 0.22699199166037332,
      "median_abs_epsilon_eq_species": 0.2659156383863189,
      "median_abs_epsilon_ECOLI": 0.3240194606211837,
      "median_abs_epsilon_HUMAN": 0.21344390852304684,
      "median_abs_epsilon_YEAST": 0.26028354601472614,
      "mean_abs_epsilon_global": 0.4362617703558435,
      "mean_abs_epsilon_eq_species": 0.49546485484613806,
      "mean_abs_epsilon_ECOLI": 0.5805310692360424,
      "mean_abs_epsilon_HUMAN": 0.4070537748362562,
      "mean_abs_epsilon_YEAST": 0.49880972046611566,
      "median_log2_empirical_ECOLI": -1.8533714790137594,
      "median_log2_empirical_HUMAN": -0.08724438964229275,
      "median_log2_empirical_YEAST": 0.8892904703945081,
      "median_abs_epsilon_precision_global": 0.2181531048049128,
      "median_abs_epsilon_precision_eq_species": 0.2604757547542305,
      "median_abs_epsilon_precision_ECOLI": 0.327612062751264,
      "median_abs_epsilon_precision_HUMAN": 0.20344922109045616,
      "median_abs_epsilon_precision_YEAST": 0.25036598042097147,
      "mean_log2_empirical_ECOLI": -1.7563094608673526,
      "mean_log2_empirical_HUMAN": -0.12219586900691,
      "mean_log2_empirical_YEAST": 0.8856333130477515,
      "mean_abs_epsilon_precision_global": 0.42494699320778356,
      "mean_abs_epsilon_precision_eq_species": 0.48253979387448487,
      "mean_abs_epsilon_precision_ECOLI": 0.5672505900558048,
      "mean_abs_epsilon_precision_HUMAN": 0.3972193996736435,