{
  "old_new": "new",
  "id": "DIA-NN_20251027_123527",
  "software_name": "DIA-NN",
  "software_version": "1.9.2",
  "search_engine": "DIA-NN",
  "search_engine_version": "1.9.2",
  "ident_fdr_psm": "0.01",
  "ident_fdr_peptide": NaN,
  "ident_fdr_protein": null,
  "enable_match_between_runs": true,
  "precursor_mass_tolerance": "[-2.31639 ppm, 2.31639 ppm]",
  "fragment_mass_tolerance": "[-8.45298 ppm, 8.45298 ppm]",
  "enzyme": "K*,R*,!",
  "allowed_miscleavages": "1",
  "min_peptide_length": "6",
  "max_peptide_length": "30",
  "is_temporary": false,
  "intermediate_hash": "6be7d3605f77d4a5e5c6902d968978b48cb84918",
  "results": {
    "6": {
      "median_abs_epsilon": 0.17534685601235367,
      "mean_abs_epsilon": 0.2748301711519661,
      "variance_epsilon": 0.1893419843547887,
      "nr_prec": 79611,
      "CV_median": 0.1259458851802281,
      "CV_q75": 0.22291183845905488,
      "CV_q90": 0.3480012701316546,
      "CV_q95": 0.4484402651401093
    },
    "5": {
      "median_abs_epsilon": 0.1968271496936822,
      "mean_abs_epsilon": 0.33153268501000616,
      "variance_epsilon": 0.31178044423141327,
      "nr_prec": 95795,
      "CV_median": 0.13944527026592046,
      "CV_q75": 0.251596076568806,
      "CV_q90": 0.40409522533638925,
      "CV_q95": 0.5446913046851127
    },
    "4": {
      "median_abs_epsilon": 0.21550006334381244,
      "mean_abs_epsilon": 0.3936572269180118,
      "variance_epsilon": 0.4899638258444272,
      "nr_prec": 107152,
      "CV_median": 0.1460272811467026,
      "CV_q75": 0.26610952431653595,
      "CV_q90": 0.4371662672476804,
      "CV_q95": 0.611498864563248
    },
    "3": {
      "median_abs_epsilon": 0.22675214246218545,
      "mean_abs_epsilon": 0.43583567144211793,
      "variance_epsilon": 0.6410248464081696,
      "nr_prec": 115714,
      "CV_median": 0.14965483627868445,
      "CV_q75": 0.2748783114512526,
      "CV_q90": 0.45733963761027485,
      "CV_q95": 0.658527333270512
    },
    "2": {
      "median_abs_epsilon": 0.2307968429817988,
      "mean_abs_epsilon": 0.4557142597119132,
      "variance_epsilon": 0.7337981400105579,
      "nr_prec": 120838,
      "CV_median": 0.15075223575776095,
      "CV_q75": 0.27788104836357264,
      "CV_q90": 0.4652241855601783,
      "CV_q95": 0.6785869310601517
    },
    "1": {
      "median_abs_epsilon": 0.2307968429817988,
      "mean_abs_epsilon": 0.45571425971191326,
      "variance_epsilon": 0.733798140010558,
      "nr_prec": 123340,
      "CV_median": 0.15075223575776095,
      "CV_q75": 0.27788104836357264,
      "CV_q90": 0.4652241855601783,
      "CV_q95": 0.6785869310601517
    }
  },
  "median_abs_epsilon": 0.22675214246218545,
  "mean_abs_epsilon": 0.43583567144211793,
  "nr_prec": 115714,
  "comments": "",
  "proteobench_version": "0.10.3",
  "color": "#d42f2f",
  "hover_text": "ProteoBench ID: DIA-NN_20251027_123527<br>Software tool: DIA-NN <br>Comment (private submission): ...",
  "scatter_size": 20,
  "fixed_mods": "UniMod:4",
  "variable_mods": "UniMod:35,UniMod:1",
  "max_mods": "2",
  "min_precursor_charge": "1",
  "max_precursor_charge": "4",
  "quantification_method": "High accuracy",
  "protein_inference": "Genes",
  "abundance_normalization_ions": null,
  "submission_comments": "Resubmission of d5a19e65aa1c02785a775fa6e64832114a40c08f after changing quant column from Precursor.Quantity -> Precursor.Normalised\n\n ### Parameter changes detected:\n- **ident_fdr_peptide**: `None` \u2192 `nan`\n\nDataset URL: https://proteobench.cubimed.rub.de/datasets/6be7d3605f77d4a5e5c6902d968978b48cb84918/",
  "min_precursor_mz": "400",
  "max_precursor_mz": "1000",
  "min_fragment_mz": "50",
  "max_fragment_mz": "2000",
  "predictors_library": null,
  "scan_window": "6"
}