{
  "old_new": "new",
  "id": "DIA-NN_20251027_122043",
  "software_name": "DIA-NN",
  "software_version": "2.1.0 Academia ",
  "search_engine": "DIA-NN",
  "search_engine_version": "2.1.0 Academia ",
  "ident_fdr_psm": 0.01,
  "ident_fdr_peptide": NaN,
  "ident_fdr_protein": NaN,
  "enable_match_between_runs": true,
  "precursor_mass_tolerance": "[-10.0 ppm, 10.0 ppm]",
  "fragment_mass_tolerance": "[-20.0 ppm, 20.0 ppm]",
  "enzyme": "Trypsin/P",
  "allowed_miscleavages": 1,
  "min_peptide_length": 7,
  "max_peptide_length": 30,
  "is_temporary": false,
  "intermediate_hash": "6ff1ade3af06126d611ac31dc319db2516d25275",
  "results": {
    "6": {
      "median_abs_epsilon_global": 0.16582679748535156,
      "median_abs_epsilon_eq_species": 0.20286687215169272,
      "median_abs_epsilon_ECOLI": 0.27480506896972656,
      "median_abs_epsilon_HUMAN": 0.16010189056396484,
      "median_abs_epsilon_YEAST": 0.17369365692138672,
      "mean_abs_epsilon_global": 0.23494002395130661,
      "mean_abs_epsilon_eq_species": 0.2784494807135634,
      "mean_abs_epsilon_ECOLI": 0.3621065997202462,
      "mean_abs_epsilon_HUMAN": 0.2259260573180077,
      "mean_abs_epsilon_YEAST": 0.2473157851024362,
      "median_log2_empirical_ECOLI": -1.750375747680664,
      "median_log2_empirical_HUMAN": 0.019678115844726562,
      "median_log2_empirical_YEAST": 0.9465847015380859,
      "median_abs_epsilon_precision_global": 0.16201400756835938,
      "median_abs_epsilon_precision_eq_species": 0.17818880081176758,
      "median_abs_epsilon_precision_ECOLI": 0.2020721435546875,
      "median_abs_epsilon_precision_HUMAN": 0.15718984603881836,
      "median_abs_epsilon_precision_YEAST": 0.17530441284179688,
      "mean_log2_empirical_ECOLI": -1.6984882599716886,
      "mean_log2_empirical_HUMAN": -0.008430432731947905,
      "mean_log2_empirical_YEAST": 0.911639473711899,
      "mean_abs_epsilon_precision_global": 0.23201345193940157,
      "mean_abs_epsilon_precision_eq_species": 0.2499910673021881,
      "mean_abs_epsilon_precision_ECOLI": 0.27875544456608436,
      "mean_abs_epsilon_precision_HUMAN": 0.22664364783284077,
      "mean_abs_epsilon_precision_YEAST": 0.24457410950763916,
      "CV_median": 0.1268410936621639,
      "CV_q75": 0.21050983068943588,
      "CV_q90": 0.3135176567274667,
      "CV_q95": 0.38611437589514763,
      "roc_auc": 0.9584848082034019,
      "roc_auc_directional": 0.9818999130820463,
      "nr_prec": 77330,
      "nr_prec_HUMAN": 59366,
      "nr_prec_YEAST": 15239,
      "nr_prec_ECOLI": 2725,
      "variance_epsilon_global": 0.1160431727457073
    },
    "5": {
      "median_abs_epsilon_global": 0.18271732330322266,
      "median_abs_epsilon_eq_species": 0.23592329025268555,
      "median_abs_epsilon_ECOLI": 0.334381103515625,
      "median_abs_epsilon_HUMAN": 0.17352724075317383,
      "median_abs_epsilon_YEAST": 0.1998615264892578,
      "mean_abs_epsilon_global": 0.26509513072356405,
      "mean_abs_epsilon_eq_species": 0.3286271024310574,
      "mean_abs_epsilon_ECOLI": 0.44889507136946644,
      "mean_abs_epsilon_HUMAN": 0.24887451259372528,
      "mean_abs_epsilon_YEAST": 0.28811172332998064,
      "median_log2_empirical_ECOLI": -1.6820316314697266,
      "median_log2_empirical_HUMAN": 0.02073955535888672,
      "median_log2_empirical_YEAST": 0.9223718643188477,
      "median_abs_epsilon_precision_global": 0.17959117889404297,
      "median_abs_epsilon_precision_eq_species": 0.20473035176595053,
      "median_abs_epsilon_precision_ECOLI": 0.24305438995361328,
      "median_abs_epsilon_precision_HUMAN": 0.170684814453125,
      "median_abs_epsilon_precision_YEAST": 0.20045185089111328,
      "mean_log2_empirical_ECOLI": -1.6083317892675308,
      "mean_log2_empirical_HUMAN": -0.005492251456793978,
      "mean_log2_empirical_YEAST": 0.8771576290062252,
      "mean_abs_epsilon_precision_global": 0.25980501976614956,
      "mean_abs_epsilon_precision_eq_species": 0.29097517760345276,
      "mean_abs_epsilon_precision_ECOLI": 0.34177141093837654,
      "mean_abs_epsilon_precision_HUMAN": 0.24930637167103437,
      "mean_abs_epsilon_precision_YEAST": 0.2818477502009473,
      "CV_median": 0.13567080417090852,
      "CV_q75": 0.22952453903824285,
      "CV_q90": 0.34475956933194163,
      "CV_q95": 0.42699633330073494,
      "roc_auc": 0.9362295909879853,
      "roc_auc_directional": 0.9696537841059926,
      "nr_prec": 93756,
      "nr_prec_HUMAN": 70454,
      "nr_prec_YEAST": 19530,
      "nr_prec_ECOLI": 3772,
      "variance_epsilon_global": 0.15272917997347274
    },
    "4": {
      "median_abs_epsilon_global": 0.19811630249023438,
      "median_abs_epsilon_eq_species": 0.2765248616536458,
      "median_abs_epsilon_ECOLI": 0.42325878143310547,
      "median_abs_epsilon_HUMAN": 0.1839599609375,
      "median_abs_epsilon_YEAST": 0.22235584259033203,
      "mean_abs_epsilon_global": 0.30037159814880365,
      "mean_abs_epsilon_eq_species": 0.39457288178695765,
      "mean_abs_epsilon_ECOLI": 0.5789060712574485,
      "mean_abs_epsilon_HUMAN": 0.2731644262160985,
      "mean_abs_epsilon_YEAST": 0.331648147887326,
      "median_log2_empirical_ECOLI": -1.5986042022705078,
      "median_log2_empirical_HUMAN": 0.021806716918945312,
      "median_log2_empirical_YEAST": 0.9016408920288086,
      "median_abs_epsilon_precision_global": 0.19542407989501953,
      "median_abs_epsilon_precision_eq_species": 0.2392746607462565,
      "median_abs_epsilon_precision_ECOLI": 0.31252098083496094,
      "median_abs_epsilon_precision_HUMAN": 0.18150901794433594,
      "median_abs_epsilon_precision_YEAST": 0.22379398345947266,
      "mean_log2_empirical_ECOLI": -1.4882369840930323,
      "mean_log2_empirical_HUMAN": -0.003832166246328854,
      "mean_log2_empirical_YEAST": 0.8473681395333916,
      "mean_abs_epsilon_precision_global": 0.29215052843208983,
      "mean_abs_epsilon_precision_eq_species": 0.34587585236927554,
      "mean_abs_epsilon_precision_ECOLI": 0.4413065002156263,
      "mean_abs_epsilon_precision_HUMAN": 0.27345355532610804,
      "mean_abs_epsilon_precision_YEAST": 0.32286750156609234,
      "CV_median": 0.14005210799338105,
      "CV_q75": 0.23879209138773416,
      "CV_q90": 0.3610499119363817,
      "CV_q95": 0.449403666891217,
      "roc_auc": 0.9124492833818998,
      "roc_auc_directional": 0.9493773031779702,
      "nr_prec": 105637,
      "nr_prec_HUMAN": 77675,
      "nr_prec_YEAST": 22952,
      "nr_prec_ECOLI": 5010,
      "variance_epsilon_global": 0.21409231508770207
    },
    "3": {
      "median_abs_epsilon_global": 0.20690250396728516,
      "median_abs_epsilon_eq_species": 0.2885936101277669,
      "median_abs_epsilon_ECOLI": 0.4394569396972656,
      "median_abs_epsilon_HUMAN": 0.19097518920898438,
      "median_abs_epsilon_YEAST": 0.23534870147705078,
      "mean_abs_epsilon_global": 0.32227756738986657,
      "mean_abs_epsilon_eq_species": 0.4215098514262727,
      "mean_abs_epsilon_ECOLI": 0.6111266545827119,
      "mean_abs_epsilon_HUMAN": 0.29211448455356503,
      "mean_abs_epsilon_YEAST": 0.36128841514254106,
      "median_log2_empirical_ECOLI": -1.5840587615966797,
      "median_log2_empirical_HUMAN": 0.02291107177734375,
      "median_log2_empirical_YEAST": 0.8917608261108398,
      "median_abs_epsilon_precision_global": 0.20409297943115234,
      "median_abs_epsilon_precision_eq_species": 0.2508668899536133,
      "median_abs_epsilon_precision_ECOLI": 0.3265876770019531,
      "median_abs_epsilon_precision_HUMAN": 0.18889999389648438,
      "median_abs_epsilon_precision_YEAST": 0.23711299896240234,
      "mean_log2_empirical_ECOLI": -1.4614656721469381,
      "mean_log2_empirical_HUMAN": -0.00047056855925278935,
      "mean_log2_empirical_YEAST": 0.8320835158234902,
      "mean_abs_epsilon_precision_global": 0.3133732180815916,
      "mean_abs_epsilon_precision_eq_species": 0.37046365316282953,
      "mean_abs_epsilon_precision_ECOLI": 0.4681984853394162,