{
  "old_new": "new",
  "id": "DIA-NN_20251027_122043",
  "software_name": "DIA-NN",
  "software_version": "2.1.0 Academia ",
  "search_engine": "DIA-NN",
  "search_engine_version": "2.1.0 Academia ",
  "ident_fdr_psm": 0.01,
  "ident_fdr_peptide": NaN,
  "ident_fdr_protein": NaN,
  "enable_match_between_runs": true,
  "precursor_mass_tolerance": "[-10.0 ppm, 10.0 ppm]",
  "fragment_mass_tolerance": "[-20.0 ppm, 20.0 ppm]",
  "enzyme": "Trypsin/P",
  "allowed_miscleavages": 1,
  "min_peptide_length": 7,
  "max_peptide_length": 30,
  "is_temporary": false,
  "intermediate_hash": "6ff1ade3af06126d611ac31dc319db2516d25275",
  "results": {
    "6": {
      "median_abs_epsilon_global": 0.16582679748535156,
      "median_abs_epsilon_eq_species": 0.20286687215169272,
      "median_abs_epsilon_ECOLI": 0.27480506896972656,
      "median_abs_epsilon_HUMAN": 0.16010189056396484,
      "median_abs_epsilon_YEAST": 0.17369365692138672,
      "mean_abs_epsilon_global": 0.23494002386497892,
      "mean_abs_epsilon_eq_species": 0.27844947995069397,
      "mean_abs_epsilon_ECOLI": 0.36210659622052394,
      "mean_abs_epsilon_HUMAN": 0.2259260569645927,
      "mean_abs_epsilon_YEAST": 0.24731578666696524,
      "median_log2_empirical_ECOLI": -1.750375747680664,
      "median_log2_empirical_HUMAN": 0.019678115844726562,
      "median_log2_empirical_YEAST": 0.9465847015380859,
      "median_abs_epsilon_precision_global": 0.16201400756835938,
      "median_abs_epsilon_precision_eq_species": 0.17818880081176758,
      "median_abs_epsilon_precision_ECOLI": 0.2020721435546875,
      "median_abs_epsilon_precision_HUMAN": 0.15718984603881836,
      "median_abs_epsilon_precision_YEAST": 0.17530441284179688,
      "mean_log2_empirical_ECOLI": -1.698488262071522,
      "mean_log2_empirical_HUMAN": -0.00843043196086063,
      "mean_log2_empirical_YEAST": 0.911639472522857,
      "mean_abs_epsilon_precision_global": 0.23201345176117813,
      "mean_abs_epsilon_precision_eq_species": 0.24999106657121786,
      "mean_abs_epsilon_precision_ECOLI": 0.2787554408005117,
      "mean_abs_epsilon_precision_HUMAN": 0.22664364720994262,
      "mean_abs_epsilon_precision_YEAST": 0.24457411170319937,
      "CV_median": 0.1268410936621639,
      "CV_q75": 0.21050983068943588,
      "CV_q90": 0.3135176567274667,
      "CV_q95": 0.38611437589514763,
      "roc_auc": 0.9584848072657123,
      "roc_auc_directional": 0.9818999125293637,
      "nr_prec": 77330,
      "nr_prec_HUMAN": 59366,
      "nr_prec_YEAST": 15239,
      "nr_prec_ECOLI": 2725,
      "variance_epsilon_global": 0.11604317251453874
    },
    "5": {
      "median_abs_epsilon_global": 0.18271732330322266,
      "median_abs_epsilon_eq_species": 0.23592329025268555,
      "median_abs_epsilon_ECOLI": 0.334381103515625,
      "median_abs_epsilon_HUMAN": 0.17352724075317383,
      "median_abs_epsilon_YEAST": 0.1998615264892578,
      "mean_abs_epsilon_global": 0.26509513042857963,
      "mean_abs_epsilon_eq_species": 0.3286271018712716,
      "mean_abs_epsilon_ECOLI": 0.44889506959965725,
      "mean_abs_epsilon_HUMAN": 0.24887451214703307,
      "mean_abs_epsilon_YEAST": 0.28811172386712436,
      "median_log2_empirical_ECOLI": -1.6820316314697266,
      "median_log2_empirical_HUMAN": 0.02073955535888672,
      "median_log2_empirical_YEAST": 0.9223718643188477,
      "median_abs_epsilon_precision_global": 0.17959117889404297,
      "median_abs_epsilon_precision_eq_species": 0.20473035176595053,
      "median_abs_epsilon_precision_ECOLI": 0.24305438995361328,
      "median_abs_epsilon_precision_HUMAN": 0.170684814453125,
      "median_abs_epsilon_precision_YEAST": 0.20045185089111328,
      "mean_log2_empirical_ECOLI": -1.6083317920486595,
      "mean_log2_empirical_HUMAN": -0.005492251334968831,
      "mean_log2_empirical_YEAST": 0.8771576283714189,
      "mean_abs_epsilon_precision_global": 0.2598050195628172,
      "mean_abs_epsilon_precision_eq_species": 0.2909751773130777,
      "mean_abs_epsilon_precision_ECOLI": 0.3417714092406897,
      "mean_abs_epsilon_precision_HUMAN": 0.24930637110543277,
      "mean_abs_epsilon_precision_YEAST": 0.28184775159311054,
      "CV_median": 0.13567080417090852,
      "CV_q75": 0.22952453903824285,
      "CV_q90": 0.34475956933194163,
      "CV_q95": 0.42699633330073494,
      "roc_auc": 0.9362295897697501,
      "roc_auc_directional": 0.9696537833792307,
      "nr_prec": 93756,
      "nr_prec_HUMAN": 70454,
      "nr_prec_YEAST": 19530,
      "nr_prec_ECOLI": 3772,
      "variance_epsilon_global": 0.15272917938655597
    },
    "4": {
      "median_abs_epsilon_global": 0.19811630249023438,
      "median_abs_epsilon_eq_species": 0.2765248616536458,
      "median_abs_epsilon_ECOLI": 0.42325878143310547,
      "median_abs_epsilon_HUMAN": 0.1839599609375,
      "median_abs_epsilon_YEAST": 0.22235584259033203,
      "mean_abs_epsilon_global": 0.30037159777866207,
      "mean_abs_epsilon_eq_species": 0.3945728810743622,
      "mean_abs_epsilon_ECOLI": 0.578906069353907,
      "mean_abs_epsilon_HUMAN": 0.27316442577409944,
      "mean_abs_epsilon_YEAST": 0.3316481480950801,
      "median_log2_empirical_ECOLI": -1.5986042022705078,
      "median_log2_empirical_HUMAN": 0.021806716918945312,
      "median_log2_empirical_YEAST": 0.9016408920288086,
      "median_abs_epsilon_precision_global": 0.19542407989501953,
      "median_abs_epsilon_precision_eq_species": 0.2392746607462565,
      "median_abs_epsilon_precision_ECOLI": 0.31252098083496094,
      "median_abs_epsilon_precision_HUMAN": 0.18150901794433594,
      "median_abs_epsilon_precision_YEAST": 0.22379398345947266,
      "mean_log2_empirical_ECOLI": -1.4882369867579903,
      "mean_log2_empirical_HUMAN": -0.003832165828885317,
      "mean_log2_empirical_YEAST": 0.847368138993231,
      "mean_abs_epsilon_precision_global": 0.292150528030364,
      "mean_abs_epsilon_precision_eq_species": 0.34587585169147633,
      "mean_abs_epsilon_precision_ECOLI": 0.441306498228952,
      "mean_abs_epsilon_precision_HUMAN": 0.27345355475209915,
      "mean_abs_epsilon_precision_YEAST": 0.32286750209337783,
      "CV_median": 0.14005210799338105,
      "CV_q75": 0.23879209138773416,
      "CV_q90": 0.3610499119363817,
      "CV_q95": 0.449403666891217,
      "roc_auc": 0.9124492826912758,
      "roc_auc_directional": 0.9493773034584283,
      "nr_prec": 105637,
      "nr_prec_HUMAN": 77675,
      "nr_prec_YEAST": 22952,
      "nr_prec_ECOLI": 5010,
      "variance_epsilon_global": 0.21409231411005974
    },
    "3": {
      "median_abs_epsilon_global": 0.20690250396728516,
      "median_abs_epsilon_eq_species": 0.2885936101277669,
      "median_abs_epsilon_ECOLI": 0.4394569396972656,
      "median_abs_epsilon_HUMAN": 0.19097518920898438,
      "median_abs_epsilon_YEAST": 0.23534870147705078,
      "mean_abs_epsilon_global": 0.3222775670403542,
      "mean_abs_epsilon_eq_species": 0.4215098507146158,
      "mean_abs_epsilon_ECOLI": 0.611126652754699,
      "mean_abs_epsilon_HUMAN": 0.29211448416945546,
      "mean_abs_epsilon_YEAST": 0.36128841521969296,
      "median_log2_empirical_ECOLI": -1.5840587615966797,
      "median_log2_empirical_HUMAN": 0.02291107177734375,
      "median_log2_empirical_YEAST": 0.8917608261108398,
      "median_abs_epsilon_precision_global": 0.20409297943115234,
      "median_abs_epsilon_precision_eq_species": 0.2508668899536133,
      "median_abs_epsilon_precision_ECOLI": 0.3265876770019531,
      "median_abs_epsilon_precision_HUMAN": 0.18889999389648438,
      "median_abs_epsilon_precision_YEAST": 0.23711299896240234,
      "mean_log2_empirical_ECOLI": -1.461465674706156,
      "mean_log2_empirical_HUMAN": -0.00047056833809877314,
      "mean_log2_empirical_YEAST": 0.8320835157463383,
      "mean_abs_epsilon_precision_global": 0.3133732178373148,
      "mean_abs_epsilon_precision_eq_species": 0.370463652980587,
      "mean_abs_epsilon_precision_ECOLI": 0.4681984848738809,
      "mean_abs_epsilon_precision_HUMAN": 0.292148236989441,