{
  "old_new": "new",
  "id": "DIA-NN_20251027_122043",
  "software_name": "DIA-NN",
  "software_version": "2.1.0 Academia ",
  "search_engine": "DIA-NN",
  "search_engine_version": "2.1.0 Academia ",
  "ident_fdr_psm": "0.01",
  "ident_fdr_peptide": NaN,
  "ident_fdr_protein": NaN,
  "enable_match_between_runs": true,
  "precursor_mass_tolerance": "[-10.0 ppm, 10.0 ppm]",
  "fragment_mass_tolerance": "[-20.0 ppm, 20.0 ppm]",
  "enzyme": "Trypsin/P",
  "allowed_miscleavages": "1",
  "min_peptide_length": "7",
  "max_peptide_length": "30",
  "is_temporary": false,
  "intermediate_hash": "6ff1ade3af06126d611ac31dc319db2516d25275",
  "results": {
    "6": {
      "median_abs_epsilon": 0.1662616729736328,
      "mean_abs_epsilon": 0.23614870327913692,
      "variance_epsilon": 0.11788991714503726,
      "nr_prec": 78115,
      "CV_median": 0.12621147359353102,
      "CV_q75": 0.20985206925378613,
      "CV_q90": 0.31284155233000843,
      "CV_q95": 0.3854847080637795
    },
    "5": {
      "median_abs_epsilon": 0.18305397033691406,
      "mean_abs_epsilon": 0.2660461369408797,
      "variance_epsilon": 0.15428848595039527,
      "nr_prec": 94602,
      "CV_median": 0.13509031704449942,
      "CV_q75": 0.2289204236902718,
      "CV_q90": 0.34411215682134383,
      "CV_q95": 0.4263206017965232
    },
    "4": {
      "median_abs_epsilon": 0.19839859008789062,
      "mean_abs_epsilon": 0.30110635221514254,
      "variance_epsilon": 0.2155679733316005,
      "nr_prec": 106519,
      "CV_median": 0.13947730623266302,
      "CV_q75": 0.23804594844303678,
      "CV_q90": 0.36018967910197863,
      "CV_q95": 0.448417273975941
    },
    "3": {
      "median_abs_epsilon": 0.20710468292236328,
      "mean_abs_epsilon": 0.3228205131276868,
      "variance_epsilon": 0.26611830951763593,
      "nr_prec": 116314,
      "CV_median": 0.14217816926209811,
      "CV_q75": 0.24379022264680086,
      "CV_q90": 0.3707021007892718,
      "CV_q95": 0.4630544807244239
    },
    "2": {
      "median_abs_epsilon": 0.21101951599121094,
      "mean_abs_epsilon": 0.33625528557821943,
      "variance_epsilon": 0.3096305425364754,
      "nr_prec": 122785,
      "CV_median": 0.1430639282614246,
      "CV_q75": 0.2459122723866889,
      "CV_q90": 0.3752045791759382,
      "CV_q95": 0.4702469731522607
    },
    "1": {
      "median_abs_epsilon": 0.21101951599121094,
      "mean_abs_epsilon": 0.33625528557821943,
      "variance_epsilon": 0.3096305425364753,
      "nr_prec": 126705,
      "CV_median": 0.1430639282614246,
      "CV_q75": 0.2459122723866889,
      "CV_q90": 0.3752045791759382,
      "CV_q95": 0.4702469731522607
    }
  },
  "median_abs_epsilon": 0.20710468292236328,
  "mean_abs_epsilon": 0.3228205131276868,
  "nr_prec": 116314,
  "comments": "",
  "proteobench_version": "0.10.3",
  "color": "#d42f2f",
  "hover_text": "ProteoBench ID: DIA-NN_20251027_122043<br>Software tool: DIA-NN <br>Comment (private submission): ...",
  "scatter_size": 20,
  "fixed_mods": "unimod4",
  "variable_mods": "UniMod:35/15.994915/M",
  "max_mods": "1",
  "min_precursor_charge": "1",
  "max_precursor_charge": "4",
  "quantification_method": "QuantUMS high-precision",
  "protein_inference": "Genes",
  "abundance_normalization_ions": null,
  "submission_comments": "Resubmission of bc742c20518b411689e8eec2204349d9c0c3796d after changing quant column from Precursor.Quantity -> Precursor.Normalised\n\n ### Parameter changes detected:\n- **ident_fdr_protein**: `None` \u2192 `nan`\n- **ident_fdr_peptide**: `None` \u2192 `nan`\n\nDataset URL: https://proteobench.cubimed.rub.de/datasets/6ff1ade3af06126d611ac31dc319db2516d25275/",
  "min_precursor_mz": "380",
  "max_precursor_mz": "980",
  "min_fragment_mz": "200",
  "max_fragment_mz": "1800",
  "predictors_library": "{'RT': 'User defined speclib', 'IM': 'User defined speclib', 'MS2_int': 'User defined speclib'}",
  "scan_window": "5"
}