{
  "old_new": "new",
  "id": "AlphaDIA_20250605_164604",
  "software_name": "AlphaDIA",
  "software_version": "1.10.3",
  "search_engine": "AlphaDIA",
  "search_engine_version": NaN,
  "ident_fdr_psm": "0.01",
  "ident_fdr_peptide": NaN,
  "ident_fdr_protein": "0.01",
  "enable_match_between_runs": true,
  "precursor_mass_tolerance": "[-3 ppm, 3 ppm]",
  "fragment_mass_tolerance": "[-8 ppm, 8 ppm]",
  "enzyme": "trypsin/p ",
  "allowed_miscleavages": "1",
  "min_peptide_length": 6,
  "max_peptide_length": 30,
  "is_temporary": false,
  "intermediate_hash": "72e5d1a308ebe49bcc6c1bc7537209b776148bc8",
  "results": {
    "6": {
      "median_abs_epsilon_global": 0.26073964436889696,
      "median_abs_epsilon_eq_species": 0.290453275044903,
      "median_abs_epsilon_ECOLI": 0.325249989828162,
      "median_abs_epsilon_HUMAN": 0.2503875096649555,
      "median_abs_epsilon_YEAST": 0.2957223256415915,
      "mean_abs_epsilon_global": 0.5283838914473867,
      "mean_abs_epsilon_eq_species": 0.5585217309233501,
      "mean_abs_epsilon_ECOLI": 0.5713285004649659,
      "mean_abs_epsilon_HUMAN": 0.5093947113111773,
      "mean_abs_epsilon_YEAST": 0.5948419809939071,
      "median_log2_empirical_ECOLI": -1.886766115824198,
      "median_log2_empirical_HUMAN": -0.06174691518131148,
      "median_log2_empirical_YEAST": 0.8384164174394897,
      "median_abs_epsilon_precision_global": 0.26138242085814056,
      "median_abs_epsilon_precision_eq_species": 0.2857565350004805,
      "median_abs_epsilon_precision_ECOLI": 0.31615988413521023,
      "median_abs_epsilon_precision_HUMAN": 0.25139554341677695,
      "median_abs_epsilon_precision_YEAST": 0.28971417744945427,
      "mean_log2_empirical_ECOLI": -1.8810536879078057,
      "mean_log2_empirical_HUMAN": -0.23721643575915224,
      "mean_log2_empirical_YEAST": 0.5984423435679981,
      "mean_abs_epsilon_precision_global": 0.5540139620525072,
      "mean_abs_epsilon_precision_eq_species": 0.5705693338971141,
      "mean_abs_epsilon_precision_ECOLI": 0.5581418641995403,
      "mean_abs_epsilon_precision_HUMAN": 0.5373743875904916,
      "mean_abs_epsilon_precision_YEAST": 0.6161917499013103,
      "CV_median": 0.20649269301284257,
      "CV_q75": 0.3232045955743639,
      "CV_q90": 0.47098700583825714,
      "CV_q95": 0.6164442709430855,
      "roc_auc": 0.8210264433232589,
      "roc_auc_directional": 0.8834165620339851,
      "nr_prec": 14939,
      "nr_prec_HUMAN": 11520,
      "nr_prec_YEAST": 3059,
      "nr_prec_ECOLI": 360,
      "variance_epsilon_global": 0.9163248976222204
    },
    "5": {
      "median_abs_epsilon_global": 0.2972151438393098,
      "median_abs_epsilon_eq_species": 0.34294886059205787,
      "median_abs_epsilon_ECOLI": 0.4075183868414811,
      "median_abs_epsilon_HUMAN": 0.2834382057180491,
      "median_abs_epsilon_YEAST": 0.33788998921664337,
      "mean_abs_epsilon_global": 0.6271046915683735,
      "mean_abs_epsilon_eq_species": 0.6611725607939057,
      "mean_abs_epsilon_ECOLI": 0.6865343507592733,
      "mean_abs_epsilon_HUMAN": 0.6087290319505995,
      "mean_abs_epsilon_YEAST": 0.6882542996718445,
      "median_log2_empirical_ECOLI": -1.821526209515497,
      "median_log2_empirical_HUMAN": -0.0756743748974209,
      "median_log2_empirical_YEAST": 0.8025175730386707,
      "median_abs_epsilon_precision_global": 0.30055459340625035,
      "median_abs_epsilon_precision_eq_species": 0.33316633436707477,
      "median_abs_epsilon_precision_ECOLI": 0.3767544428594931,
      "median_abs_epsilon_precision_HUMAN": 0.2884750366199622,
      "median_abs_epsilon_precision_YEAST": 0.334269523621769,
      "mean_log2_empirical_ECOLI": -1.8655072910250305,
      "mean_log2_empirical_HUMAN": -0.31167142818820465,
      "mean_log2_empirical_YEAST": 0.5187773504056802,
      "mean_abs_epsilon_precision_global": 0.6649803308619223,
      "mean_abs_epsilon_precision_eq_species": 0.6755366924381251,
      "mean_abs_epsilon_precision_ECOLI": 0.6648323973029822,
      "mean_abs_epsilon_precision_HUMAN": 0.6534120224599026,
      "mean_abs_epsilon_precision_YEAST": 0.7083656575514901,
      "CV_median": 0.21307245881582673,
      "CV_q75": 0.3408274741220735,
      "CV_q90": 0.5124854097921625,
      "CV_q95": 0.6670744078849866,
      "roc_auc": 0.7809566449201656,
      "roc_auc_directional": 0.8551583256703134,
      "nr_prec": 20579,
      "nr_prec_HUMAN": 15812,
      "nr_prec_YEAST": 4218,
      "nr_prec_ECOLI": 549,
      "variance_epsilon_global": 1.2119995365723992
    },
    "4": {
      "median_abs_epsilon_global": 0.33744430540878767,
      "median_abs_epsilon_eq_species": 0.4186076853036808,
      "median_abs_epsilon_ECOLI": 0.5467278162650082,
      "median_abs_epsilon_HUMAN": 0.3209260304841415,
      "median_abs_epsilon_YEAST": 0.3881692091618927,
      "mean_abs_epsilon_global": 0.7515534528252329,
      "mean_abs_epsilon_eq_species": 0.7940664311893642,
      "mean_abs_epsilon_ECOLI": 0.8284341328476144,
      "mean_abs_epsilon_HUMAN": 0.7285386887870117,
      "mean_abs_epsilon_YEAST": 0.8252264719334665,
      "median_log2_empirical_ECOLI": -1.706546147622518,
      "median_log2_empirical_HUMAN": -0.10414568583157902,
      "median_log2_empirical_YEAST": 0.7612627347308294,
      "median_abs_epsilon_precision_global": 0.3445755640666004,
      "median_abs_epsilon_precision_eq_species": 0.39217866793176803,
      "median_abs_epsilon_precision_ECOLI": 0.4649079641146123,
      "median_abs_epsilon_precision_HUMAN": 0.3299872080493529,
      "median_abs_epsilon_precision_YEAST": 0.3816408316313389,
      "mean_log2_empirical_ECOLI": -1.8091289612527754,
      "mean_log2_empirical_HUMAN": -0.42571235776967137,
      "mean_log2_empirical_YEAST": 0.38404425747104776,
      "mean_abs_epsilon_precision_global": 0.8081152976725178,
      "mean_abs_epsilon_precision_eq_species": 0.8151326281100334,
      "mean_abs_epsilon_precision_ECOLI": 0.7897734903248855,
      "mean_abs_epsilon_precision_HUMAN": 0.7950156690240028,
      "mean_abs_epsilon_precision_YEAST": 0.8606087249812118,
      "CV_median": 0.21613415819236437,
      "CV_q75": 0.3460491879574845,
      "CV_q90": 0.5209662047006351,
      "CV_q95": 0.6768325854238728,
      "roc_auc": 0.7443098452586105,
      "roc_auc_directional": 0.8176645301358647,
      "nr_prec": 24370,
      "nr_prec_HUMAN": 18597,
      "nr_prec_YEAST": 4934,
      "nr_prec_ECOLI": 839,
      "variance_epsilon_global": 1.6077109535627403
    },
    "3": {
      "median_abs_epsilon_global": 0.34659242630218756,
      "median_abs_epsilon_eq_species": 0.42990483179463607,
      "median_abs_epsilon_ECOLI": 0.5588113467320603,
      "median_abs_epsilon_HUMAN": 0.3277999560035614,
      "median_abs_epsilon_YEAST": 0.4031031926482864,
      "mean_abs_epsilon_global": 0.7620399755570729,
      "mean_abs_epsilon_eq_species": 0.8051972991511916,
      "mean_abs_epsilon_ECOLI": 0.8392494039190282,
      "mean_abs_epsilon_HUMAN": 0.7383028244108885,
      "mean_abs_epsilon_YEAST": 0.8380396691236583,
      "median_log2_empirical_ECOLI": -1.689940452582654,
      "median_log2_empirical_HUMAN": -0.10522603988444068,
      "median_log2_empirical_YEAST": 0.7543923060083593,
      "median_abs_epsilon_precision_global": 0.35208622613628116,
      "median_abs_epsilon_precision_eq_species": 0.40102709663916514,
      "median_abs_epsilon_precision_ECOLI": 0.4723208745270462,
      "median_abs_epsilon_precision_HUMAN": 0.3377092679313165,
      "median_abs_epsilon_precision_YEAST": 0.3930511474591327,
      "mean_log2_empirical_ECOLI": -1.787774359934509,
      "mean_log2_empirical_HUMAN": -0.42451744934110786,
      "mean_log2_empirical_YEAST": 0.37903150753215814,
      "mean_abs_epsilon_precision_global": 0.815449211650104,
      "mean_abs_epsilon_precision_eq_species": 0.8219521500982353,
      "mean_abs_epsilon_precision_ECOLI": 0.7956022558120335,
      "mean_abs_epsilon_precision_HUMAN": 0.8023069747931363,
      "mean_abs_epsilon_precision_YEAST": 0.8679472196895361,