{
  "old_new": "new",
  "id": "AlphaDIA_20250605_164604",
  "software_name": "AlphaDIA",
  "software_version": "1.10.3",
  "search_engine": "AlphaDIA",
  "search_engine_version": NaN,
  "ident_fdr_psm": "0.01",
  "ident_fdr_peptide": NaN,
  "ident_fdr_protein": "0.01",
  "enable_match_between_runs": true,
  "precursor_mass_tolerance": "[-3 ppm, 3 ppm]",
  "fragment_mass_tolerance": "[-8 ppm, 8 ppm]",
  "enzyme": "trypsin/p ",
  "allowed_miscleavages": "1",
  "min_peptide_length": "6",
  "max_peptide_length": "30",
  "is_temporary": false,
  "intermediate_hash": "72e5d1a308ebe49bcc6c1bc7537209b776148bc8",
  "results": {
    "6": {
      "median_abs_epsilon": 0.2602551778099915,
      "mean_abs_epsilon": 0.5301374398818689,
      "variance_epsilon": 0.9259935782950292,
      "nr_prec": 15041,
      "CV_median": 0.20639475685847192,
      "CV_q90": 0.47130208481845537,
      "CV_q75": 0.32314948120201625,
      "CV_q95": 0.6190703834439495
    },
    "5": {
      "median_abs_epsilon": 0.29714043935249457,
      "mean_abs_epsilon": 0.6300248445594109,
      "variance_epsilon": 1.227983963629726,
      "nr_prec": 20706,
      "CV_median": 0.2130037982019817,
      "CV_q90": 0.5131341053508696,
      "CV_q75": 0.34079424601136427,
      "CV_q95": 0.6697345288290868
    },
    "4": {
      "median_abs_epsilon": 0.3374125162759931,
      "mean_abs_epsilon": 0.754657414768422,
      "variance_epsilon": 1.6253759045319325,
      "nr_prec": 24515,
      "CV_median": 0.21604485898252854,
      "CV_q90": 0.5215786730524629,
      "CV_q75": 0.3460492480498048,
      "CV_q95": 0.6797173934067551
    },
    "3": {
      "median_abs_epsilon": 0.34657287597470443,
      "mean_abs_epsilon": 0.7649850086587929,
      "variance_epsilon": 1.640323431204814,
      "nr_prec": 35925,
      "CV_median": 0.21590845907062417,
      "CV_q90": 0.5188530870572291,
      "CV_q75": 0.34580379899113056,
      "CV_q95": 0.6730047393087293
    },
    "2": {
      "median_abs_epsilon": 0.34981473287050413,
      "mean_abs_epsilon": 0.7683769298418952,
      "variance_epsilon": 1.6454392153342838,
      "nr_prec": 38162,
      "CV_median": 0.21606484587945074,
      "CV_q90": 0.5225126329247847,
      "CV_q75": 0.3470785251097273,
      "CV_q95": 0.6784757612299751
    },
    "1": {
      "median_abs_epsilon": 0.34981473287050413,
      "mean_abs_epsilon": 0.7683769298418952,
      "variance_epsilon": 1.6454392153342838,
      "nr_prec": 38162,
      "CV_median": 0.21606484587945074,
      "CV_q90": 0.5225126329247847,
      "CV_q75": 0.3470785251097273,
      "CV_q95": 0.6784757612299751
    }
  },
  "median_abs_epsilon": 0.34657287597470443,
  "mean_abs_epsilon": 0.7649850086587929,
  "nr_prec": 35925,
  "comments": "",
  "proteobench_version": "0.8.19",
  "color": "#4daf4a",
  "hover_text": "ProteoBench ID: AlphaDIA_20250605_164604<br>Software tool: AlphaDIA <br>Comment (private submission): ...",
  "scatter_size": 20,
  "fixed_mods": "Carbamidomethyl@C",
  "variable_mods": "Oxidation@M;Acetyl@Protein_N-term",
  "max_mods": "1 ",
  "min_precursor_charge": "1",
  "max_precursor_charge": "4",
  "quantification_method": "DirectLFQ",
  "protein_inference": "heuristic",
  "abundance_normalization_ions": NaN,
  "submission_comments": "\n\n ### Parameter changes detected:\n- **search_engine_version**: `None` \u2192 `nan`\n- **abundance_normalization_ions**: `None` \u2192 `nan`\n- **ident_fdr_peptide**: `None` \u2192 `nan`\n\nDataset URL: https://proteobench.cubimed.rub.de/datasets/72e5d1a308ebe49bcc6c1bc7537209b776148bc8/"
}