{
  "old_new": "new",
  "id": "Spectronaut_20250507_073816",
  "software_name": "Spectronaut",
  "software_version": "19.5.241126.62635",
  "search_engine": "Spectronaut",
  "search_engine_version": "19.5.241126.62635",
  "ident_fdr_psm": "0.01",
  "ident_fdr_peptide": null,
  "ident_fdr_protein": "0.01",
  "enable_match_between_runs": false,
  "precursor_mass_tolerance": "Dynamic",
  "fragment_mass_tolerance": "Dynamic",
  "enzyme": "Trypsin/P",
  "allowed_miscleavages": "2",
  "min_peptide_length": "7",
  "max_peptide_length": "52",
  "is_temporary": false,
  "intermediate_hash": "73c1ca8853d4f6d90ca6e6c62cd553474ba79061",
  "results": {
    "6": {
      "median_abs_epsilon": 0.21302303530482547,
      "mean_abs_epsilon": 0.346252629781298,
      "variance_epsilon": 0.2695406749404885,
      "nr_prec": 91501,
      "CV_median": 0.15581805165291251,
      "CV_q90": 0.47727291953335615,
      "CV_q75": 0.29033726443998153,
      "CV_q95": 0.6170128842949578
    },
    "5": {
      "median_abs_epsilon": 0.237308071117317,
      "mean_abs_epsilon": 0.3901687827670428,
      "variance_epsilon": 0.34717851090787066,
      "nr_prec": 104827,
      "CV_median": 0.17067059036085,
      "CV_q90": 0.5326698409610198,
      "CV_q75": 0.32245027401586024,
      "CV_q95": 0.6842703463035748
    },
    "4": {
      "median_abs_epsilon": 0.2520177075535708,
      "mean_abs_epsilon": 0.42472101527721823,
      "variance_epsilon": 0.43010736144261613,
      "nr_prec": 111688,
      "CV_median": 0.17614449093423437,
      "CV_q90": 0.5546592844360054,
      "CV_q75": 0.33512134644399116,
      "CV_q95": 0.7106207454273563
    },
    "3": {
      "median_abs_epsilon": 0.2587684591165651,
      "mean_abs_epsilon": 0.4436169889048293,
      "variance_epsilon": 0.4846848047719095,
      "nr_prec": 115768,
      "CV_median": 0.1783036910844621,
      "CV_q90": 0.5639721984279182,
      "CV_q75": 0.34009084095242303,
      "CV_q95": 0.7211147209416195
    },
    "2": {
      "median_abs_epsilon": 0.26148023421371835,
      "mean_abs_epsilon": 0.451019096873649,
      "variance_epsilon": 0.508042321407076,
      "nr_prec": 118160,
      "CV_median": 0.17893961080291199,
      "CV_q90": 0.5669689321572572,
      "CV_q75": 0.3416576291272362,
      "CV_q95": 0.7250210024868982
    },
    "1": {
      "median_abs_epsilon": 0.26148023421371835,
      "mean_abs_epsilon": 0.45101909687364894,
      "variance_epsilon": 0.5080423214070758,
      "nr_prec": 119713,
      "CV_median": 0.17893961080291199,
      "CV_q90": 0.5669689321572572,
      "CV_q75": 0.3416576291272362,
      "CV_q95": 0.7250210024868982
    }
  },
  "median_abs_epsilon": 0.2587684591165651,
  "mean_abs_epsilon": 0.4436169889048293,
  "nr_prec": 115768,
  "comments": "",
  "proteobench_version": "0.8.8",
  "color": "#bcbd22",
  "hover_text": "ProteoBench ID: Spectronaut_20250507_073816<br>Software tool: Spectronaut <br>Comment (private submission): ...",
  "scatter_size": 20,
  "fixed_mods": "Carbamidomethyl (C)",
  "variable_mods": "Acetyl (Protein N-term), Oxidation (M)",
  "max_mods": "5",
  "min_precursor_charge": null,
  "max_precursor_charge": null,
  "quantification_method": "MS2",
  "protein_inference": "IDPicker",
  "abundance_normalization_ions": "True",
  "submission_comments": "\n\n ### Parameter changes Detected:\n- **scan_window**: `Dynamic` \u2192 `[MISSING]`\n\nDataset URL: https://proteobench.cubimed.rub.de/datasets/73c1ca8853d4f6d90ca6e6c62cd553474ba79061/"
}