{
  "old_new": "new",
  "id": "Spectronaut_20250605_171429",
  "software_name": "Spectronaut",
  "software_version": "19.5.241126.62635",
  "search_engine": "Spectronaut",
  "search_engine_version": "19.5.241126.62635",
  "ident_fdr_psm": 0.01,
  "ident_fdr_peptide": null,
  "ident_fdr_protein": 0.01,
  "enable_match_between_runs": false,
  "precursor_mass_tolerance": "Dynamic",
  "fragment_mass_tolerance": "Dynamic",
  "enzyme": "Trypsin/P",
  "allowed_miscleavages": 2,
  "min_peptide_length": 7,
  "max_peptide_length": 52,
  "is_temporary": false,
  "intermediate_hash": "73c1ca8853d4f6d90ca6e6c62cd553474ba79061",
  "results": {
    "6": {
      "median_abs_epsilon_global": 0.21307092843028297,
      "median_abs_epsilon_eq_species": 0.22444643395979558,
      "median_abs_epsilon_ECOLI": 0.2442428996667667,
      "median_abs_epsilon_HUMAN": 0.2098469556513809,
      "median_abs_epsilon_YEAST": 0.21924944656123913,
      "mean_abs_epsilon_global": 0.3462241739091526,
      "mean_abs_epsilon_eq_species": 0.36705405865873564,
      "mean_abs_epsilon_ECOLI": 0.4146431860072472,
      "mean_abs_epsilon_HUMAN": 0.34333902492320084,
      "mean_abs_epsilon_YEAST": 0.343179965045759,
      "median_log2_empirical_ECOLI": -2.010416565250734,
      "median_log2_empirical_HUMAN": -0.07031733654271477,
      "median_log2_empirical_YEAST": 0.9425122138087412,
      "median_abs_epsilon_precision_global": 0.21089993853772815,
      "median_abs_epsilon_precision_eq_species": 0.22275046127010598,
      "median_abs_epsilon_precision_ECOLI": 0.24514090312666248,
      "median_abs_epsilon_precision_HUMAN": 0.20853954942336816,
      "median_abs_epsilon_precision_YEAST": 0.21457093126028726,
      "mean_log2_empirical_ECOLI": -2.009716183715322,
      "mean_log2_empirical_HUMAN": -0.14108490419380357,
      "mean_log2_empirical_YEAST": 0.9113063483387865,
      "mean_abs_epsilon_precision_global": 0.34485910490605004,
      "mean_abs_epsilon_precision_eq_species": 0.3654955172281739,
      "mean_abs_epsilon_precision_ECOLI": 0.4145554982184645,
      "mean_abs_epsilon_precision_HUMAN": 0.34255322540346805,
      "mean_abs_epsilon_precision_YEAST": 0.3393778280625891,
      "CV_median": 0.15610447579318185,
      "CV_q75": 0.2905956517457038,
      "CV_q90": 0.4775710560835378,
      "CV_q95": 0.6172683530081567,
      "roc_auc": 0.8939546210323267,
      "roc_auc_directional": 0.9583810086832739,
      "nr_prec": 91220,
      "nr_prec_HUMAN": 69106,
      "nr_prec_YEAST": 18382,
      "nr_prec_ECOLI": 3732,
      "variance_epsilon_global": 0.26948539123891935
    },
    "5": {
      "median_abs_epsilon_global": 0.23740227061052188,
      "median_abs_epsilon_eq_species": 0.2584234212905172,
      "median_abs_epsilon_ECOLI": 0.2948912874984604,
      "median_abs_epsilon_HUMAN": 0.23061954441492816,
      "median_abs_epsilon_YEAST": 0.24975943195816308,
      "mean_abs_epsilon_global": 0.3901200429460369,
      "mean_abs_epsilon_eq_species": 0.422537797208121,
      "mean_abs_epsilon_ECOLI": 0.49126280964967406,
      "mean_abs_epsilon_HUMAN": 0.3825464581605432,
      "mean_abs_epsilon_YEAST": 0.3938041238141457,
      "median_log2_empirical_ECOLI": -2.0032083021353193,
      "median_log2_empirical_HUMAN": -0.0748918363784341,
      "median_log2_empirical_YEAST": 0.9388702361292562,
      "median_abs_epsilon_precision_global": 0.2336297068323443,
      "median_abs_epsilon_precision_eq_species": 0.255626925380631,
      "median_abs_epsilon_precision_ECOLI": 0.2952243223090809,
      "median_abs_epsilon_precision_HUMAN": 0.22736585100589934,
      "median_abs_epsilon_precision_YEAST": 0.24429060282691273,
      "mean_log2_empirical_ECOLI": -1.9976552882384517,
      "mean_log2_empirical_HUMAN": -0.1511036387119282,
      "mean_log2_empirical_YEAST": 0.903256159306834,
      "mean_abs_epsilon_precision_global": 0.38878127596607953,
      "mean_abs_epsilon_precision_eq_species": 0.42104523637558294,
      "mean_abs_epsilon_precision_ECOLI": 0.4912839530436723,
      "mean_abs_epsilon_precision_HUMAN": 0.38180712407163714,
      "mean_abs_epsilon_precision_YEAST": 0.3900446320114394,
      "CV_median": 0.17095057962105908,
      "CV_q75": 0.3228063429760552,
      "CV_q90": 0.5328603834466741,
      "CV_q95": 0.6844143826685727,
      "roc_auc": 0.8712018313012942,
      "roc_auc_directional": 0.9436434881495632,
      "nr_prec": 104527,
      "nr_prec_HUMAN": 77518,
      "nr_prec_YEAST": 22006,
      "nr_prec_ECOLI": 5003,
      "variance_epsilon_global": 0.34678653950054766
    },
    "4": {
      "median_abs_epsilon_global": 0.2521324758775876,
      "median_abs_epsilon_eq_species": 0.2873612123219216,
      "median_abs_epsilon_ECOLI": 0.3511352907298848,
      "median_abs_epsilon_HUMAN": 0.24115360522437168,
      "median_abs_epsilon_YEAST": 0.26979474101150824,
      "mean_abs_epsilon_global": 0.42468592691307483,
      "mean_abs_epsilon_eq_species": 0.473792502290633,
      "mean_abs_epsilon_ECOLI": 0.5760568456960817,
      "mean_abs_epsilon_HUMAN": 0.410538067938876,
      "mean_abs_epsilon_YEAST": 0.4347825932369414,
      "median_log2_empirical_ECOLI": -1.9809740947163275,
      "median_log2_empirical_HUMAN": -0.077344904382187,
      "median_log2_empirical_YEAST": 0.9320293227886474,
      "median_abs_epsilon_precision_global": 0.24766484286897406,
      "median_abs_epsilon_precision_eq_species": 0.2841719353799294,
      "median_abs_epsilon_precision_ECOLI": 0.35109566070748244,
      "median_abs_epsilon_precision_HUMAN": 0.23765544601693112,
      "median_abs_epsilon_precision_YEAST": 0.2637646994153746,
      "mean_log2_empirical_ECOLI": -1.96025614637577,
      "mean_log2_empirical_HUMAN": -0.16127575418801343,
      "mean_log2_empirical_YEAST": 0.8903345287946508,
      "mean_abs_epsilon_precision_global": 0.42397389547318876,
      "mean_abs_epsilon_precision_eq_species": 0.47259119139476174,
      "mean_abs_epsilon_precision_ECOLI": 0.5762052681803622,
      "mean_abs_epsilon_precision_HUMAN": 0.41070925388563345,
      "mean_abs_epsilon_precision_YEAST": 0.43085905211828956,
      "CV_median": 0.17644317771224216,
      "CV_q75": 0.33533509398388894,
      "CV_q90": 0.5549025167971702,
      "CV_q95": 0.7109078147305798,
      "roc_auc": 0.8565380432390577,
      "roc_auc_directional": 0.92852132750687,
      "nr_prec": 111376,
      "nr_prec_HUMAN": 81380,
      "nr_prec_YEAST": 23990,
      "nr_prec_ECOLI": 6006,
      "variance_epsilon_global": 0.42947622484869324
    },
    "3": {
      "median_abs_epsilon_global": 0.2588397710573602,
      "median_abs_epsilon_eq_species": 0.29498758046768964,
      "median_abs_epsilon_ECOLI": 0.36060264641383677,
      "median_abs_epsilon_HUMAN": 0.24734697540944417,
      "median_abs_epsilon_YEAST": 0.277013119579788,
      "mean_abs_epsilon_global": 0.44355581816265593,
      "mean_abs_epsilon_eq_species": 0.4930932116308588,
      "mean_abs_epsilon_ECOLI": 0.5954832366799528,
      "mean_abs_epsilon_HUMAN": 0.42892225578921817,
      "mean_abs_epsilon_YEAST": 0.45487414242340535,
      "median_log2_empirical_ECOLI": -1.975071214249076,
      "median_log2_empirical_HUMAN": -0.07870573435612016,
      "median_log2_empirical_YEAST": 0.9294070141234219,
      "median_abs_epsilon_precision_global": 0.25422473885168806,
      "median_abs_epsilon_precision_eq_species": 0.2929609610323342,
      "median_abs_epsilon_precision_ECOLI": 0.3627718054655107,
      "median_abs_epsilon_precision_HUMAN": 0.24345583341973853,
      "median_abs_epsilon_precision_YEAST": 0.27265524421175336,
      "mean_log2_empirical_ECOLI": -1.9436389491649446,
      "mean_log2_empirical_HUMAN": -0.16827031088974412,
      "mean_log2_empirical_YEAST": 0.8816039508869326,
      "mean_abs_epsilon_precision_global": 0.44350031678729984,
      "mean_abs_epsilon_precision_eq_species": 0.4923458706228138,
      "mean_abs_epsilon_precision_ECOLI": 0.5959285666027163,
      "mean_abs_epsilon_precision_HUMAN": 0.4298988969810475,