{
  "id": "FragPipe (DIA-NN quant)_20260709_073103",
  "software_name": "FragPipe (DIA-NN quant)",
  "software_version": "24.0",
  "search_engine": "MSFragger",
  "search_engine_version": "4.4",
  "ident_fdr_psm": 0.01,
  "ident_fdr_peptide": NaN,
  "ident_fdr_protein": 0.01,
  "enable_match_between_runs": false,
  "precursor_mass_tolerance": "[-3 ppm, 3 ppm]",
  "fragment_mass_tolerance": "[-10 ppm, 10 ppm]",
  "enzyme": "Trypsin/P",
  "allowed_miscleavages": 1,
  "min_peptide_length": 6,
  "max_peptide_length": 30,
  "is_temporary": false,
  "intermediate_hash": "75d809dfa4b116731ae9551f4e04bf7f4f1a52ab",
  "results": {
    "6": {
      "median_abs_epsilon_global": 0.160841027624139,
      "median_abs_epsilon_eq_species": 0.18207652821880682,
      "median_abs_epsilon_ECOLI": 0.21805214952974517,
      "median_abs_epsilon_HUMAN": 0.15396360351833405,
      "median_abs_epsilon_YEAST": 0.17421383160834125,
      "mean_abs_epsilon_global": 0.2449550715852535,
      "mean_abs_epsilon_eq_species": 0.2803245659628438,
      "mean_abs_epsilon_ECOLI": 0.34874522408720243,
      "mean_abs_epsilon_HUMAN": 0.23615650805179772,
      "mean_abs_epsilon_YEAST": 0.2560719657495311,
      "median_log2_empirical_ECOLI": -1.871637290809911,
      "median_log2_empirical_HUMAN": -0.04575520233358432,
      "median_log2_empirical_YEAST": 0.9177724805615401,
      "median_abs_epsilon_precision_global": 0.1559725807494381,
      "median_abs_epsilon_precision_eq_species": 0.17062526042763082,
      "median_abs_epsilon_precision_ECOLI": 0.1956463777971802,
      "median_abs_epsilon_precision_HUMAN": 0.15205891618608902,
      "median_abs_epsilon_precision_YEAST": 0.16417048729962325,
      "mean_log2_empirical_ECOLI": -1.8019499459711048,
      "mean_log2_empirical_HUMAN": -0.08358642739558421,
      "mean_log2_empirical_YEAST": 0.8902064156012754,
      "mean_abs_epsilon_precision_global": 0.24088491245647733,
      "mean_abs_epsilon_precision_eq_species": 0.2707313073533535,
      "mean_abs_epsilon_precision_ECOLI": 0.33224017929351607,
      "mean_abs_epsilon_precision_HUMAN": 0.23457900208570162,
      "mean_abs_epsilon_precision_YEAST": 0.2453747406808427,
      "CV_median": 0.12126083387660185,
      "CV_q75": 0.2109957956210248,
      "CV_q90": 0.3289375644820774,
      "CV_q95": 0.41569288281854033,
      "variance_epsilon_global": 0.13301610548585213,
      "nr_feature": 68066,
      "roc_auc": 0.9476148255092601
    },
    "5": {
      "median_abs_epsilon_global": 0.175044392131384,
      "median_abs_epsilon_eq_species": 0.20508519913364007,
      "median_abs_epsilon_ECOLI": 0.25617890405414645,
      "median_abs_epsilon_HUMAN": 0.16569744689302723,
      "median_abs_epsilon_YEAST": 0.1933792464537465,
      "mean_abs_epsilon_global": 0.27435754205678076,
      "mean_abs_epsilon_eq_species": 0.3212249786686547,
      "mean_abs_epsilon_ECOLI": 0.4133377070523722,
      "mean_abs_epsilon_HUMAN": 0.2607529974743776,
      "mean_abs_epsilon_YEAST": 0.28958423147921414,
      "median_log2_empirical_ECOLI": -1.8430273756214772,
      "median_log2_empirical_HUMAN": -0.04878287708040574,
      "median_log2_empirical_YEAST": 0.9111542881822228,
      "median_abs_epsilon_precision_global": 0.17053082528247288,
      "median_abs_epsilon_precision_eq_species": 0.19536238148701943,
      "median_abs_epsilon_precision_ECOLI": 0.2395341449877444,
      "median_abs_epsilon_precision_HUMAN": 0.16344319809616437,
      "median_abs_epsilon_precision_YEAST": 0.1831098013771495,
      "mean_log2_empirical_ECOLI": -1.751097494348287,
      "mean_log2_empirical_HUMAN": -0.09316583632882615,
      "mean_log2_empirical_YEAST": 0.8763936803852528,
      "mean_abs_epsilon_precision_global": 0.2702172352267495,
      "mean_abs_epsilon_precision_eq_species": 0.31043580434117873,
      "mean_abs_epsilon_precision_ECOLI": 0.39319380039231827,
      "mean_abs_epsilon_precision_HUMAN": 0.2596889516256532,
      "mean_abs_epsilon_precision_YEAST": 0.27842466100556473,
      "CV_median": 0.12923411247899613,
      "CV_q75": 0.2286997320529971,
      "CV_q90": 0.360967847952011,
      "CV_q95": 0.4579950861414548,
      "variance_epsilon_global": 0.17101462880831,
      "nr_feature": 78082,
      "roc_auc": 0.9291696488077625
    },
    "4": {
      "median_abs_epsilon_global": 0.1839869974244408,
      "median_abs_epsilon_eq_species": 0.2258327951901098,
      "median_abs_epsilon_ECOLI": 0.29936979710822875,
      "median_abs_epsilon_HUMAN": 0.172362235677749,
      "median_abs_epsilon_YEAST": 0.20576635278435162,
      "mean_abs_epsilon_global": 0.29832870516323784,
      "mean_abs_epsilon_eq_species": 0.3604303822749604,
      "mean_abs_epsilon_ECOLI": 0.4860478086703293,
      "mean_abs_epsilon_HUMAN": 0.2787519055818586,
      "mean_abs_epsilon_YEAST": 0.31649143257269324,
      "median_log2_empirical_ECOLI": -1.8100858947254963,
      "median_log2_empirical_HUMAN": -0.05092801118918899,
      "median_log2_empirical_YEAST": 0.9049368629267711,
      "median_abs_epsilon_precision_global": 0.18000721068362324,
      "median_abs_epsilon_precision_eq_species": 0.2176920868176578,
      "median_abs_epsilon_precision_ECOLI": 0.2869574468919289,
      "median_abs_epsilon_precision_HUMAN": 0.17021687360440296,
      "median_abs_epsilon_precision_YEAST": 0.1959019399566415,
      "mean_log2_empirical_ECOLI": -1.690812285149537,
      "mean_log2_empirical_HUMAN": -0.10123376689216734,
      "mean_log2_empirical_YEAST": 0.8643516262038949,
      "mean_abs_epsilon_precision_global": 0.2941244545890986,
      "mean_abs_epsilon_precision_eq_species": 0.3480072130111352,
      "mean_abs_epsilon_precision_ECOLI": 0.4606172546034915,
      "mean_abs_epsilon_precision_HUMAN": 0.27825422702297675,
      "mean_abs_epsilon_precision_YEAST": 0.3051501574069373,
      "CV_median": 0.13225700781816918,
      "CV_q75": 0.2353848267180319,
      "CV_q90": 0.37266671748859154,
      "CV_q95": 0.4736351785707199,
      "variance_epsilon_global": 0.21057676727755445,
      "nr_feature": 82945,
      "roc_auc": 0.9152822712384169
    },
    "3": {
      "median_abs_epsilon_global": 0.18749514310184612,
      "median_abs_epsilon_eq_species": 0.22993240652937175,
      "median_abs_epsilon_ECOLI": 0.30373792178915426,
      "median_abs_epsilon_HUMAN": 0.17511767498549524,
      "median_abs_epsilon_YEAST": 0.21094162281346573,
      "mean_abs_epsilon_global": 0.3065506253355979,
      "mean_abs_epsilon_eq_species": 0.3712268282817841,
      "mean_abs_epsilon_ECOLI": 0.5001318151769427,
      "mean_abs_epsilon_HUMAN": 0.285500488162938,
      "mean_abs_epsilon_YEAST": 0.32804818150547166,
      "median_log2_empirical_ECOLI": -1.8038721087375773,
      "median_log2_empirical_HUMAN": -0.05118518866643562,
      "median_log2_empirical_YEAST": 0.9017980193409088,
      "median_abs_epsilon_precision_global": 0.18328746606263113,
      "median_abs_epsilon_precision_eq_species": 0.22283445819950445,
      "median_abs_epsilon_precision_ECOLI": 0.2942899891765425,
      "median_abs_epsilon_precision_HUMAN": 0.17305371675933845,
      "median_abs_epsilon_precision_YEAST": 0.20115966866263246,
      "mean_log2_empirical_ECOLI": -1.6775348208151917,
      "mean_log2_empirical_HUMAN": -0.10178714716282958,
      "mean_log2_empirical_YEAST": 0.8558951545950741,
      "mean_abs_epsilon_precision_global": 0.3022998197041256,
      "mean_abs_epsilon_precision_eq_species": 0.35871095108169654,
      "mean_abs_epsilon_precision_ECOLI": 0.47454436855646553,
      "mean_abs_epsilon_precision_HUMAN": 0.2850034211247502,
      "mean_abs_epsilon_precision_YEAST": 0.3165850635638737,
      "CV_median": 0.13343917365299568,
      "CV_q75": 0.2380888496012073,
      "CV_q90": 0.37747647335187606,
      "CV_q95": 0.481042757595166,
      "variance_epsilon_global": 0.22319698730956905,
      "nr_feature": 85740,
      "roc_auc": 0.9094990296560878
    },
    "2": {
      "median_abs_epsilon_global": 0.18847984105685,