{
  "old_new": "new",
  "id": "DIA-NN_20250722_091411",
  "software_name": "DIA-NN",
  "software_version": "2.2.0 Academia ",
  "search_engine": "DIA-NN",
  "search_engine_version": "2.2.0 Academia ",
  "ident_fdr_psm": "0.01",
  "ident_fdr_peptide": NaN,
  "ident_fdr_protein": NaN,
  "enable_match_between_runs": true,
  "precursor_mass_tolerance": "[-10.0 ppm, 10.0 ppm]",
  "fragment_mass_tolerance": "[-10.0 ppm, 10.0 ppm]",
  "enzyme": "Trypsin/P",
  "allowed_miscleavages": "1",
  "min_peptide_length": "6",
  "max_peptide_length": "30",
  "is_temporary": false,
  "intermediate_hash": "78531b54d60081eae70ff6b4f83d2dba4be62523",
  "results": {
    "6": {
      "median_abs_epsilon": 0.17533302307128906,
      "mean_abs_epsilon": 0.2706695509669407,
      "variance_epsilon": 0.16659572724174265,
      "nr_prec": 85396,
      "CV_median": 0.12240488389816852,
      "CV_q75": 0.21470135025433257,
      "CV_q90": 0.3291927611215163,
      "CV_q95": 0.4122563098909271
    },
    "5": {
      "median_abs_epsilon": 0.19342613220214844,
      "mean_abs_epsilon": 0.3009372206581099,
      "variance_epsilon": 0.2080843476474641,
      "nr_prec": 102243,
      "CV_median": 0.13316623327248972,
      "CV_q75": 0.23573989695270003,
      "CV_q90": 0.36473057950413845,
      "CV_q95": 0.4602187687053679
    },
    "4": {
      "median_abs_epsilon": 0.21056842803955078,
      "mean_abs_epsilon": 0.33774791083657346,
      "variance_epsilon": 0.27992886554086277,
      "nr_prec": 114452,
      "CV_median": 0.13862793497573986,
      "CV_q75": 0.2468516746898649,
      "CV_q90": 0.383589349246496,
      "CV_q95": 0.48752210492495457
    },
    "3": {
      "median_abs_epsilon": 0.21979236602783203,
      "mean_abs_epsilon": 0.3598822338630296,
      "variance_epsilon": 0.33483202997085965,
      "nr_prec": 124707,
      "CV_median": 0.14185590236095907,
      "CV_q75": 0.253315270909233,
      "CV_q90": 0.39466781750088403,
      "CV_q95": 0.5035977214431477
    },
    "2": {
      "median_abs_epsilon": 0.22391128540039062,
      "mean_abs_epsilon": 0.37269032803936963,
      "variance_epsilon": 0.3784291473819389,
      "nr_prec": 131431,
      "CV_median": 0.14280246671213367,
      "CV_q75": 0.2555221987298347,
      "CV_q90": 0.3993076137659319,
      "CV_q95": 0.5110451825643614
    },
    "1": {
      "median_abs_epsilon": 0.22391128540039062,
      "mean_abs_epsilon": 0.37269032803936963,
      "variance_epsilon": 0.37842914738193884,
      "nr_prec": 135662,
      "CV_median": 0.14280246671213367,
      "CV_q75": 0.2555221987298347,
      "CV_q90": 0.3993076137659319,
      "CV_q95": 0.5110451825643614
    }
  },
  "median_abs_epsilon": 0.21979236602783203,
  "mean_abs_epsilon": 0.3598822338630296,
  "nr_prec": 124707,
  "comments": "",
  "proteobench_version": "0.8.29",
  "color": "#d42f2f",
  "hover_text": "ProteoBench ID: DIA-NN_20250722_091411<br>Software tool: DIA-NN <br>Comment (private submission): ...",
  "scatter_size": 20,
  "fixed_mods": "unimod4",
  "variable_mods": "UniMod:35/15.994915/M,UniMod:1/42.010565/*n",
  "max_mods": "1",
  "min_precursor_charge": "1",
  "max_precursor_charge": "5",
  "quantification_method": "QuantUMS high-precision",
  "protein_inference": "1",
  "abundance_normalization_ions": "RT-dependent",
  "submission_comments": "Scoring : peptidoforms\nProteotypicity : Protein names from Fasta\nLibrary Generation : Ids, RT & IM profiling\nSpeed and Ram usage : Optimal result\n\n\n ### Parameter changes detected:\n- **max_precursor_charge**: `None` \u2192 `5`\n- **abundance_normalization_ions**: `None` \u2192 `RT-dependent`\n- **ident_fdr_peptide**: `None` \u2192 `nan`\n- **min_precursor_charge**: `None` \u2192 `1`\n- **min_peptide_length**: `None` \u2192 `6`\n- **ident_fdr_protein**: `None` \u2192 `nan`\n- **max_peptide_length**: `None` \u2192 `30`\n\nDataset URL: https://proteobench.cubimed.rub.de/datasets/78531b54d60081eae70ff6b4f83d2dba4be62523/"
}