{
  "id": "DIA-NN_20260430_083516",
  "software_name": "DIA-NN",
  "software_version": "2.5.0 Academia ",
  "search_engine": "DIA-NN",
  "search_engine_version": "2.5.0 Academia ",
  "ident_fdr_psm": 0.01,
  "ident_fdr_peptide": NaN,
  "ident_fdr_protein": NaN,
  "enable_match_between_runs": false,
  "precursor_mass_tolerance": "[-20.0 ppm, 20.0 ppm]",
  "fragment_mass_tolerance": "[-20.0 ppm, 20.0 ppm]",
  "enzyme": "Trypsin/P",
  "allowed_miscleavages": 2,
  "min_peptide_length": 7,
  "max_peptide_length": 30,
  "is_temporary": false,
  "intermediate_hash": "78996bf5833df4d475ad895da3ed60fdc38b3213",
  "results": {
    "6": {
      "median_abs_epsilon_global": 0.15404891967773438,
      "median_abs_epsilon_eq_species": 0.17539405822753906,
      "median_abs_epsilon_ECOLI": 0.22237014770507812,
      "median_abs_epsilon_HUMAN": 0.15264225006103516,
      "median_abs_epsilon_YEAST": 0.1511697769165039,
      "mean_abs_epsilon_global": 0.219083158526766,
      "mean_abs_epsilon_eq_species": 0.2381182256412011,
      "mean_abs_epsilon_ECOLI": 0.2826916132470023,
      "mean_abs_epsilon_HUMAN": 0.21774739099860455,
      "mean_abs_epsilon_YEAST": 0.21391567267799644,
      "median_log2_empirical_ECOLI": -1.838094711303711,
      "median_log2_empirical_HUMAN": 0.021116256713867188,
      "median_log2_empirical_YEAST": 0.9952659606933594,
      "median_abs_epsilon_precision_global": 0.1508159637451172,
      "median_abs_epsilon_precision_eq_species": 0.15866756439208984,
      "median_abs_epsilon_precision_ECOLI": 0.1750316619873047,
      "median_abs_epsilon_precision_HUMAN": 0.14968585968017578,
      "median_abs_epsilon_precision_YEAST": 0.15128517150878906,
      "mean_log2_empirical_ECOLI": -1.8230128354667203,
      "mean_log2_empirical_HUMAN": -0.011005283978105004,
      "mean_log2_empirical_YEAST": 0.9701689015372528,
      "mean_abs_epsilon_precision_global": 0.21891682370081603,
      "mean_abs_epsilon_precision_eq_species": 0.2256487728867591,
      "mean_abs_epsilon_precision_ECOLI": 0.2430185599993772,
      "mean_abs_epsilon_precision_HUMAN": 0.2188640603915338,
      "mean_abs_epsilon_precision_YEAST": 0.21506369826936633,
      "CV_median": 0.11420928733251945,
      "CV_q75": 0.19399591139303798,
      "CV_q90": 0.2915778260116426,
      "CV_q95": 0.3618594016048248,
      "variance_epsilon_global": 0.10257210157302538,
      "nr_feature": 61365,
      "roc_auc": 0.9729177840928368
    },
    "5": {
      "median_abs_epsilon_global": 0.16849136352539062,
      "median_abs_epsilon_eq_species": 0.1978893280029297,
      "median_abs_epsilon_ECOLI": 0.25823974609375,
      "median_abs_epsilon_HUMAN": 0.16514205932617188,
      "median_abs_epsilon_YEAST": 0.1702861785888672,
      "mean_abs_epsilon_global": 0.24322534920575387,
      "mean_abs_epsilon_eq_species": 0.27460193515049897,
      "mean_abs_epsilon_ECOLI": 0.33939654312917333,
      "mean_abs_epsilon_HUMAN": 0.2380281654201819,
      "mean_abs_epsilon_YEAST": 0.2463810969021416,
      "median_log2_empirical_ECOLI": -1.7976608276367188,
      "median_log2_empirical_HUMAN": 0.021421432495117188,
      "median_log2_empirical_YEAST": 0.9762287139892578,
      "median_abs_epsilon_precision_global": 0.16628265380859375,
      "median_abs_epsilon_precision_eq_species": 0.17991002400716147,
      "median_abs_epsilon_precision_ECOLI": 0.20345115661621094,
      "median_abs_epsilon_precision_HUMAN": 0.16279220581054688,
      "median_abs_epsilon_precision_YEAST": 0.17348670959472656,
      "mean_log2_empirical_ECOLI": -1.7630923217854695,
      "mean_log2_empirical_HUMAN": -0.010786257391389513,
      "mean_log2_empirical_YEAST": 0.9396470923077757,
      "mean_abs_epsilon_precision_global": 0.24242889660897993,
      "mean_abs_epsilon_precision_eq_species": 0.25787407151667013,
      "mean_abs_epsilon_precision_ECOLI": 0.2869203111412115,
      "mean_abs_epsilon_precision_HUMAN": 0.23906202484900851,
      "mean_abs_epsilon_precision_YEAST": 0.24763987855979036,
      "CV_median": 0.12297029500886972,
      "CV_q75": 0.21161059115081787,
      "CV_q90": 0.3206967131096967,
      "CV_q95": 0.40171290349881705,
      "variance_epsilon_global": 0.12569294827633684,
      "nr_feature": 75043,
      "roc_auc": 0.957369677170622
    },
    "4": {
      "median_abs_epsilon_global": 0.1846933364868164,
      "median_abs_epsilon_eq_species": 0.228269894917806,
      "median_abs_epsilon_ECOLI": 0.3120098114013672,
      "median_abs_epsilon_HUMAN": 0.17764568328857422,
      "median_abs_epsilon_YEAST": 0.19515419006347656,
      "mean_abs_epsilon_global": 0.2740407070345255,
      "mean_abs_epsilon_eq_species": 0.3285696001361655,
      "mean_abs_epsilon_ECOLI": 0.43619450295542056,
      "mean_abs_epsilon_HUMAN": 0.2615660315563943,
      "mean_abs_epsilon_YEAST": 0.28794826589668165,
      "median_log2_empirical_ECOLI": -1.7436161041259766,
      "median_log2_empirical_HUMAN": 0.02127361297607422,
      "median_log2_empirical_YEAST": 0.9571285247802734,
      "median_abs_epsilon_precision_global": 0.182159423828125,
      "median_abs_epsilon_precision_eq_species": 0.20973078409830728,
      "median_abs_epsilon_precision_ECOLI": 0.25731849670410156,
      "median_abs_epsilon_precision_HUMAN": 0.17542648315429688,
      "median_abs_epsilon_precision_YEAST": 0.19644737243652344,
      "mean_log2_empirical_ECOLI": -1.6697568855165377,
      "mean_log2_empirical_HUMAN": -0.011236955338018082,
      "mean_log2_empirical_YEAST": 0.908432282705193,
      "mean_abs_epsilon_precision_global": 0.27225125707686637,
      "mean_abs_epsilon_precision_eq_species": 0.30691002766498504,
      "mean_abs_epsilon_precision_ECOLI": 0.3695605419318369,
      "mean_abs_epsilon_precision_HUMAN": 0.26258202676911013,
      "mean_abs_epsilon_precision_YEAST": 0.2885875142940082,
      "CV_median": 0.12816030743353304,
      "CV_q75": 0.22176727235957008,
      "CV_q90": 0.3393748484187587,
      "CV_q95": 0.42418458231709444,
      "variance_epsilon_global": 0.16731310179857353,
      "nr_feature": 86526,
      "roc_auc": 0.9349490491358254
    },
    "3": {
      "median_abs_epsilon_global": 0.1967315673828125,
      "median_abs_epsilon_eq_species": 0.2397162119547526,
      "median_abs_epsilon_ECOLI": 0.3198986053466797,
      "median_abs_epsilon_HUMAN": 0.18931198120117188,
      "median_abs_epsilon_YEAST": 0.20993804931640625,
      "mean_abs_epsilon_global": 0.2969466008643365,
      "mean_abs_epsilon_eq_species": 0.35283007600960453,
      "mean_abs_epsilon_ECOLI": 0.45862956780959996,
      "mean_abs_epsilon_HUMAN": 0.2835299506042842,
      "mean_abs_epsilon_YEAST": 0.31633070961492943,
      "median_log2_empirical_ECOLI": -1.7366275787353516,
      "median_log2_empirical_HUMAN": 0.022890090942382812,
      "median_log2_empirical_YEAST": 0.9451141357421875,
      "median_abs_epsilon_precision_global": 0.1942281723022461,
      "median_abs_epsilon_precision_eq_species": 0.22183545430501303,
      "median_abs_epsilon_precision_ECOLI": 0.26737213134765625,
      "median_abs_epsilon_precision_HUMAN": 0.18655967712402344,
      "median_abs_epsilon_precision_YEAST": 0.21157455444335938,
      "mean_log2_empirical_ECOLI": -1.6469761062524393,
      "mean_log2_empirical_HUMAN": -0.006780323362300603,
      "mean_log2_empirical_YEAST": 0.8853542247660733,
      "mean_abs_epsilon_precision_global": 0.29485676066924654,
      "mean_abs_epsilon_precision_eq_species": 0.33028738366263993,
      "mean_abs_epsilon_precision_ECOLI": 0.39007074249523377,
      "mean_abs_epsilon_precision_HUMAN": 0.28409669791305975,
      "mean_abs_epsilon_precision_YEAST": 0.3166947105796262,
      "CV_median": 0.1326766316734067,
      "CV_q75": 0.23078863323589394,
      "CV_q90": 0.35406677316604934,
      "CV_q95": 0.4431845744281791,
      "variance_epsilon_global": 0.19912091848858654,
      "nr_feature": 100151,
      "roc_auc": 0.915326703446641
    },
    "2": {
      "median_abs_epsilon_global": 0.20723438262939453,