{
  "id": "DIA-NN_20260709_072450",
  "software_name": "DIA-NN",
  "software_version": "2.5.0 Academia ",
  "search_engine": "DIA-NN",
  "search_engine_version": "2.5.0 Academia ",
  "ident_fdr_psm": 0.01,
  "ident_fdr_peptide": NaN,
  "ident_fdr_protein": NaN,
  "enable_match_between_runs": true,
  "precursor_mass_tolerance": "[-3.0 ppm, 3.0 ppm]",
  "fragment_mass_tolerance": "[-10.0 ppm, 10.0 ppm]",
  "enzyme": "Trypsin/P",
  "allowed_miscleavages": 1,
  "min_peptide_length": 6,
  "max_peptide_length": 30,
  "is_temporary": false,
  "intermediate_hash": "790ed7da72bdb5717b20bd9241e547ed7d0357fc",
  "results": {
    "6": {
      "median_abs_epsilon_global": 0.18194580078125,
      "median_abs_epsilon_eq_species": 0.1991103490193685,
      "median_abs_epsilon_ECOLI": 0.22920608520507812,
      "median_abs_epsilon_HUMAN": 0.1775226593017578,
      "median_abs_epsilon_YEAST": 0.19060230255126953,
      "mean_abs_epsilon_global": 0.2794756823802853,
      "mean_abs_epsilon_eq_species": 0.2975110659984017,
      "mean_abs_epsilon_ECOLI": 0.33562978244352076,
      "mean_abs_epsilon_HUMAN": 0.2761788737470291,
      "mean_abs_epsilon_YEAST": 0.2807245418046553,
      "median_log2_empirical_ECOLI": -1.889810562133789,
      "median_log2_empirical_HUMAN": -0.030849456787109375,
      "median_log2_empirical_YEAST": 0.9543008804321289,
      "median_abs_epsilon_precision_global": 0.18398571014404297,
      "median_abs_epsilon_precision_eq_species": 0.1947956085205078,
      "median_abs_epsilon_precision_ECOLI": 0.211883544921875,
      "median_abs_epsilon_precision_HUMAN": 0.18041610717773438,
      "median_abs_epsilon_precision_YEAST": 0.19208717346191406,
      "mean_log2_empirical_ECOLI": -1.8575645439891608,
      "mean_log2_empirical_HUMAN": -0.10013469978386705,
      "mean_log2_empirical_YEAST": 0.9045330387726607,
      "mean_abs_epsilon_precision_global": 0.2830738704558027,
      "mean_abs_epsilon_precision_eq_species": 0.2947421181007238,
      "mean_abs_epsilon_precision_ECOLI": 0.3216566359362388,
      "mean_abs_epsilon_precision_HUMAN": 0.28166896728570395,
      "mean_abs_epsilon_precision_YEAST": 0.2809007510802287,
      "CV_median": 0.12747611228708886,
      "CV_q75": 0.2245224672346633,
      "CV_q90": 0.3469184541029884,
      "CV_q95": 0.4353944262855396,
      "variance_epsilon_global": 0.17992693051558,
      "nr_feature": 77702,
      "roc_auc": 0.931113810104691
    },
    "5": {
      "median_abs_epsilon_global": 0.1962909698486328,
      "median_abs_epsilon_eq_species": 0.22289578119913736,
      "median_abs_epsilon_ECOLI": 0.2701554298400879,
      "median_abs_epsilon_HUMAN": 0.189361572265625,
      "median_abs_epsilon_YEAST": 0.20917034149169922,
      "mean_abs_epsilon_global": 0.3064422302495608,
      "mean_abs_epsilon_eq_species": 0.3373786380579767,
      "mean_abs_epsilon_ECOLI": 0.40172202779610244,
      "mean_abs_epsilon_HUMAN": 0.29918802894523205,
      "mean_abs_epsilon_YEAST": 0.3112258574325957,
      "median_log2_empirical_ECOLI": -1.8434257507324219,
      "median_log2_empirical_HUMAN": -0.033125877380371094,
      "median_log2_empirical_YEAST": 0.9420404434204102,
      "median_abs_epsilon_precision_global": 0.19780635833740234,
      "median_abs_epsilon_precision_eq_species": 0.22099018096923828,
      "median_abs_epsilon_precision_ECOLI": 0.2617225646972656,
      "median_abs_epsilon_precision_HUMAN": 0.1920766830444336,
      "median_abs_epsilon_precision_YEAST": 0.20917129516601562,
      "mean_log2_empirical_ECOLI": -1.7831405780881038,
      "mean_log2_empirical_HUMAN": -0.10366820948023979,
      "mean_log2_empirical_YEAST": 0.8876454177141363,
      "mean_abs_epsilon_precision_global": 0.30914355144631944,
      "mean_abs_epsilon_precision_eq_species": 0.3313316993111324,
      "mean_abs_epsilon_precision_ECOLI": 0.37911412842515774,
      "mean_abs_epsilon_precision_HUMAN": 0.3044746003096616,
      "mean_abs_epsilon_precision_YEAST": 0.3104063691985777,
      "CV_median": 0.13624292600604498,
      "CV_q75": 0.24246995874517552,
      "CV_q90": 0.3783990524404285,
      "CV_q95": 0.47750971941701814,
      "variance_epsilon_global": 0.22134394489217693,
      "nr_feature": 88979,
      "roc_auc": 0.9148634515619688
    },
    "4": {
      "median_abs_epsilon_global": 0.20873546600341797,
      "median_abs_epsilon_eq_species": 0.24843724568684897,
      "median_abs_epsilon_ECOLI": 0.32212162017822266,
      "median_abs_epsilon_HUMAN": 0.19832706451416016,
      "median_abs_epsilon_YEAST": 0.22486305236816406,
      "mean_abs_epsilon_global": 0.3341988181160297,
      "mean_abs_epsilon_eq_species": 0.3843145701914928,
      "mean_abs_epsilon_ECOLI": 0.488384262983623,
      "mean_abs_epsilon_HUMAN": 0.3203188716931579,
      "mean_abs_epsilon_YEAST": 0.3442405758976976,
      "median_log2_empirical_ECOLI": -1.7976884841918945,
      "median_log2_empirical_HUMAN": -0.034212589263916016,
      "median_log2_empirical_YEAST": 0.9317836761474609,
      "median_abs_epsilon_precision_global": 0.2100539207458496,
      "median_abs_epsilon_precision_eq_species": 0.24348624547322592,
      "median_abs_epsilon_precision_ECOLI": 0.30699729919433594,
      "median_abs_epsilon_precision_HUMAN": 0.20064496994018555,
      "median_abs_epsilon_precision_YEAST": 0.22281646728515625,
      "mean_log2_empirical_ECOLI": -1.6955630635965153,
      "mean_log2_empirical_HUMAN": -0.10647590522768281,
      "mean_log2_empirical_YEAST": 0.8663278899062191,
      "mean_abs_epsilon_precision_global": 0.33619334963521674,
      "mean_abs_epsilon_precision_eq_species": 0.3750580263752578,
      "mean_abs_epsilon_precision_ECOLI": 0.4563066240939166,
      "mean_abs_epsilon_precision_HUMAN": 0.32560783747224137,
      "mean_abs_epsilon_precision_YEAST": 0.3432596175596155,
      "CV_median": 0.14046408925485615,
      "CV_q75": 0.25132238387700123,
      "CV_q90": 0.3937267483218003,
      "CV_q95": 0.49876979248874165,
      "variance_epsilon_global": 0.2728969137411016,
      "nr_feature": 96463,
      "roc_auc": 0.8981142069881265
    },
    "3": {
      "median_abs_epsilon_global": 0.21567153930664062,
      "median_abs_epsilon_eq_species": 0.2570025126139323,
      "median_abs_epsilon_ECOLI": 0.331146240234375,
      "median_abs_epsilon_HUMAN": 0.2046222686767578,
      "median_abs_epsilon_YEAST": 0.23523902893066406,
      "mean_abs_epsilon_global": 0.3503925233211217,
      "mean_abs_epsilon_eq_species": 0.4017210939088454,
      "mean_abs_epsilon_ECOLI": 0.5035240129384794,
      "mean_abs_epsilon_HUMAN": 0.33476024830688655,
      "mean_abs_epsilon_YEAST": 0.36687902048117044,
      "median_log2_empirical_ECOLI": -1.7871284484863281,
      "median_log2_empirical_HUMAN": -0.033542633056640625,
      "median_log2_empirical_YEAST": 0.9235496520996094,
      "median_abs_epsilon_precision_global": 0.21707725524902344,
      "median_abs_epsilon_precision_eq_species": 0.25192006429036456,
      "median_abs_epsilon_precision_ECOLI": 0.3147239685058594,
      "median_abs_epsilon_precision_HUMAN": 0.206817626953125,
      "median_abs_epsilon_precision_YEAST": 0.23421859741210938,
      "mean_log2_empirical_ECOLI": -1.679518752993151,
      "mean_log2_empirical_HUMAN": -0.10398918710478755,
      "mean_log2_empirical_YEAST": 0.8509230905667099,
      "mean_abs_epsilon_precision_global": 0.3520062785471556,
      "mean_abs_epsilon_precision_eq_species": 0.3918553175467813,
      "mean_abs_epsilon_precision_ECOLI": 0.4702833109256907,
      "mean_abs_epsilon_precision_HUMAN": 0.33966543758308765,
      "mean_abs_epsilon_precision_YEAST": 0.36561720413156557,
      "CV_median": 0.14292221025118157,
      "CV_q75": 0.25651141651971654,
      "CV_q90": 0.40231089437832745,
      "CV_q95": 0.5117390889304969,
      "variance_epsilon_global": 0.3078801689192339,
      "nr_feature": 102642,
      "roc_auc": 0.8872655604556874
    },
    "2": {
      "median_abs_epsilon_global": 0.2196497917175293,