{
  "old_new": "new",
  "id": "DIA-NN_20260428_144346",
  "software_name": "DIA-NN",
  "software_version": "2.3.0 Academia ",
  "search_engine": "DIA-NN",
  "search_engine_version": "2.3.0 Academia ",
  "ident_fdr_psm": "0.01",
  "ident_fdr_peptide": NaN,
  "ident_fdr_protein": NaN,
  "enable_match_between_runs": false,
  "precursor_mass_tolerance": "[-20.0 ppm, 20.0 ppm]",
  "fragment_mass_tolerance": "[-20.0 ppm, 20.0 ppm]",
  "enzyme": "Trypsin",
  "allowed_miscleavages": "2",
  "min_peptide_length": "7",
  "max_peptide_length": "30",
  "is_temporary": false,
  "intermediate_hash": "806f2b1bef870a10ebbc8c976b676f2ce3d09082",
  "results": {
    "6": {
      "median_abs_epsilon_global": 0.15474224090576172,
      "median_abs_epsilon_eq_species": 0.1776596705118815,
      "median_abs_epsilon_ECOLI": 0.22948646545410156,
      "median_abs_epsilon_HUMAN": 0.1531829833984375,
      "median_abs_epsilon_YEAST": 0.15030956268310547,
      "mean_abs_epsilon_global": 0.21878750681740342,
      "mean_abs_epsilon_eq_species": 0.24079563887444191,
      "mean_abs_epsilon_ECOLI": 0.29111168074404276,
      "mean_abs_epsilon_HUMAN": 0.21691063706680777,
      "mean_abs_epsilon_YEAST": 0.21436459881247527,
      "median_log2_empirical_ECOLI": -1.8223247528076172,
      "median_log2_empirical_HUMAN": 0.026561737060546875,
      "median_log2_empirical_YEAST": 0.9937505722045898,
      "median_abs_epsilon_precision_global": 0.15018320083618164,
      "median_abs_epsilon_precision_eq_species": 0.15828609466552734,
      "median_abs_epsilon_precision_ECOLI": 0.1746234893798828,
      "median_abs_epsilon_precision_HUMAN": 0.14922332763671875,
      "median_abs_epsilon_precision_YEAST": 0.15101146697998047,
      "mean_log2_empirical_ECOLI": -1.801353396631736,
      "mean_log2_empirical_HUMAN": -0.004350401095904355,
      "mean_log2_empirical_YEAST": 0.9673782589076694,
      "mean_abs_epsilon_precision_global": 0.21784909857764367,
      "mean_abs_epsilon_precision_eq_species": 0.22526474616147216,
      "mean_abs_epsilon_precision_ECOLI": 0.2428422487749553,
      "mean_abs_epsilon_precision_HUMAN": 0.21738058268120516,
      "mean_abs_epsilon_precision_YEAST": 0.2155714070282559,
      "CV_median": 0.11398433015690498,
      "CV_q75": 0.19356071932135943,
      "CV_q90": 0.2900642455897968,
      "CV_q95": 0.35973374467176933,
      "variance_epsilon_global": 0.10156430105132763,
      "nr_prec": 62744,
      "roc_auc": 0.9728860391445537
    },
    "5": {
      "median_abs_epsilon_global": 0.1699085235595703,
      "median_abs_epsilon_eq_species": 0.20199871063232422,
      "median_abs_epsilon_ECOLI": 0.2680702209472656,
      "median_abs_epsilon_HUMAN": 0.16600418090820312,
      "median_abs_epsilon_YEAST": 0.1719217300415039,
      "mean_abs_epsilon_global": 0.24354714198149838,
      "mean_abs_epsilon_eq_species": 0.2780350825482128,
      "mean_abs_epsilon_ECOLI": 0.3498104354744739,
      "mean_abs_epsilon_HUMAN": 0.23799611829443143,
      "mean_abs_epsilon_YEAST": 0.24629869387573308,
      "median_log2_empirical_ECOLI": -1.7794189453125,
      "median_log2_empirical_HUMAN": 0.026762008666992188,
      "median_log2_empirical_YEAST": 0.9729490280151367,
      "median_abs_epsilon_precision_global": 0.16588211059570312,
      "median_abs_epsilon_precision_eq_species": 0.18045775095621744,
      "median_abs_epsilon_precision_ECOLI": 0.2045574188232422,
      "median_abs_epsilon_precision_HUMAN": 0.16233253479003906,
      "median_abs_epsilon_precision_YEAST": 0.1744832992553711,
      "mean_log2_empirical_ECOLI": -1.7421281835886353,
      "mean_log2_empirical_HUMAN": -0.0049739386805664,
      "mean_log2_empirical_YEAST": 0.9364246077884062,
      "mean_abs_epsilon_precision_global": 0.2419819741630008,
      "mean_abs_epsilon_precision_eq_species": 0.25812712235449803,
      "mean_abs_epsilon_precision_ECOLI": 0.28861193275533015,
      "mean_abs_epsilon_precision_HUMAN": 0.23850350668529469,
      "mean_abs_epsilon_precision_YEAST": 0.24726592762286928,
      "CV_median": 0.12311873016024644,
      "CV_q75": 0.21138034814598805,
      "CV_q90": 0.31870847402601754,
      "CV_q95": 0.3985971925597674,
      "variance_epsilon_global": 0.1257101535618557,
      "nr_prec": 76600,
      "roc_auc": 0.9573807265255713
    },
    "4": {
      "median_abs_epsilon_global": 0.18611812591552734,
      "median_abs_epsilon_eq_species": 0.2312167485555013,
      "median_abs_epsilon_ECOLI": 0.3186321258544922,
      "median_abs_epsilon_HUMAN": 0.17839717864990234,
      "median_abs_epsilon_YEAST": 0.19662094116210938,
      "mean_abs_epsilon_global": 0.274714748485085,
      "mean_abs_epsilon_eq_species": 0.3329439278301523,
      "mean_abs_epsilon_ECOLI": 0.4486623148660402,
      "mean_abs_epsilon_HUMAN": 0.26166309282627115,
      "mean_abs_epsilon_YEAST": 0.2885063757981456,
      "median_log2_empirical_ECOLI": -1.7263383865356445,
      "median_log2_empirical_HUMAN": 0.026716232299804688,
      "median_log2_empirical_YEAST": 0.9520549774169922,
      "median_abs_epsilon_precision_global": 0.18294525146484375,
      "median_abs_epsilon_precision_eq_species": 0.21266714731852213,
      "median_abs_epsilon_precision_ECOLI": 0.2628021240234375,
      "median_abs_epsilon_precision_HUMAN": 0.17526721954345703,
      "median_abs_epsilon_precision_YEAST": 0.19993209838867188,
      "mean_log2_empirical_ECOLI": -1.650609280075039,
      "mean_log2_empirical_HUMAN": -0.004735080919243122,
      "mean_log2_empirical_YEAST": 0.9029622012270494,
      "mean_abs_epsilon_precision_global": 0.2720199856967875,
      "mean_abs_epsilon_precision_eq_species": 0.3078368581858075,
      "mean_abs_epsilon_precision_ECOLI": 0.3728250338572054,
      "mean_abs_epsilon_precision_HUMAN": 0.2621141491416976,
      "mean_abs_epsilon_precision_YEAST": 0.2885713915585196,
      "CV_median": 0.12843301848264393,
      "CV_q75": 0.22182045265394063,
      "CV_q90": 0.3373021261746499,
      "CV_q95": 0.4214242882032543,
      "variance_epsilon_global": 0.1646702102580037,
      "nr_prec": 88375,
      "roc_auc": 0.9337345689644851
    },
    "3": {
      "median_abs_epsilon_global": 0.19798755645751953,
      "median_abs_epsilon_eq_species": 0.2437740961710612,
      "median_abs_epsilon_ECOLI": 0.32798194885253906,
      "median_abs_epsilon_HUMAN": 0.190155029296875,
      "median_abs_epsilon_YEAST": 0.21318531036376953,
      "mean_abs_epsilon_global": 0.29829927867076955,
      "mean_abs_epsilon_eq_species": 0.3585373215200626,
      "mean_abs_epsilon_ECOLI": 0.473654939360096,
      "mean_abs_epsilon_HUMAN": 0.2841846096929607,
      "mean_abs_epsilon_YEAST": 0.3177724155071311,
      "median_log2_empirical_ECOLI": -1.7187137603759766,
      "median_log2_empirical_HUMAN": 0.02840423583984375,
      "median_log2_empirical_YEAST": 0.9403343200683594,
      "median_abs_epsilon_precision_global": 0.19505691528320312,
      "median_abs_epsilon_precision_eq_species": 0.2249027887980143,
      "median_abs_epsilon_precision_ECOLI": 0.27179908752441406,
      "median_abs_epsilon_precision_HUMAN": 0.18671798706054688,
      "median_abs_epsilon_precision_YEAST": 0.21619129180908203,
      "mean_log2_empirical_ECOLI": -1.6257555209147079,
      "mean_log2_empirical_HUMAN": 0.00039259777611086867,
      "mean_log2_empirical_YEAST": 0.8810105570594762,
      "mean_abs_epsilon_precision_global": 0.29523945775555677,
      "mean_abs_epsilon_precision_eq_species": 0.33241085838532397,
      "mean_abs_epsilon_precision_ECOLI": 0.3957759402760748,
      "mean_abs_epsilon_precision_HUMAN": 0.28414990321091693,
      "mean_abs_epsilon_precision_YEAST": 0.3173067316689802,
      "CV_median": 0.13273503304780335,
      "CV_q75": 0.23076587532528192,
      "CV_q90": 0.3522548005229631,
      "CV_q95": 0.4416283581273046,
      "variance_epsilon_global": 0.20096597157313692,
      "nr_prec": 102273,
      "roc_auc": 0.9139129354103634
    },
    "2": {
      "median_abs_epsilon_global": 0.20862865447998047,