{
  "old_new": "new",
  "id": "Spectronaut_20250508_081846",
  "software_name": "Spectronaut",
  "software_version": "19.5.241126.62635",
  "search_engine": "Spectronaut",
  "search_engine_version": "19.5.241126.62635",
  "ident_fdr_psm": "0.01",
  "ident_fdr_peptide": null,
  "ident_fdr_protein": "0.01",
  "enable_match_between_runs": false,
  "precursor_mass_tolerance": "Dynamic",
  "fragment_mass_tolerance": "Dynamic",
  "enzyme": "Trypsin/P",
  "allowed_miscleavages": "1",
  "min_peptide_length": "6",
  "max_peptide_length": "30",
  "is_temporary": false,
  "intermediate_hash": "8311ec12a32402b2d6d97fff39a8eb3a7d38e6d8",
  "results": {
    "6": {
      "median_abs_epsilon": NaN,
      "mean_abs_epsilon": NaN,
      "variance_epsilon": NaN,
      "nr_prec": 0,
      "CV_median": NaN,
      "CV_q90": NaN,
      "CV_q75": NaN,
      "CV_q95": NaN
    },
    "5": {
      "median_abs_epsilon": 0.21429227974089393,
      "mean_abs_epsilon": 0.3424986484947458,
      "variance_epsilon": 0.2697074104210904,
      "nr_prec": 95676,
      "CV_median": 0.12491292971051335,
      "CV_q90": 0.4054897910246469,
      "CV_q75": 0.241619362977482,
      "CV_q95": 0.5398685921629741
    },
    "4": {
      "median_abs_epsilon": 0.23639826211407033,
      "mean_abs_epsilon": 0.38167933047397073,
      "variance_epsilon": 0.3398610811060133,
      "nr_prec": 108775,
      "CV_median": 0.1331393398287651,
      "CV_q90": 0.4363754679557309,
      "CV_q75": 0.259501942985806,
      "CV_q95": 0.5820487020602696
    },
    "3": {
      "median_abs_epsilon": 0.24629899138068456,
      "mean_abs_epsilon": 0.40600603460104884,
      "variance_epsilon": 0.3960973012533402,
      "nr_prec": 114755,
      "CV_median": 0.13546085390165868,
      "CV_q90": 0.4468272433723711,
      "CV_q75": 0.2650466217140668,
      "CV_q95": 0.5956824763651375
    },
    "2": {
      "median_abs_epsilon": 0.2492855222575998,
      "mean_abs_epsilon": 0.41369540425503654,
      "variance_epsilon": 0.41724618870899444,
      "nr_prec": 117767,
      "CV_median": 0.136126335781074,
      "CV_q90": 0.44962460032267176,
      "CV_q75": 0.2666888143148213,
      "CV_q95": 0.6008717383309545
    },
    "1": {
      "median_abs_epsilon": 0.2492855222575998,
      "mean_abs_epsilon": 0.41369540425503665,
      "variance_epsilon": 0.41724618870899444,
      "nr_prec": 119490,
      "CV_median": 0.136126335781074,
      "CV_q90": 0.44962460032267176,
      "CV_q75": 0.2666888143148213,
      "CV_q95": 0.6008717383309545
    }
  },
  "median_abs_epsilon": 0.24629899138068456,
  "mean_abs_epsilon": 0.40600603460104884,
  "nr_prec": 114755,
  "comments": "",
  "proteobench_version": "0.8.9",
  "color": "#bcbd22",
  "hover_text": "ProteoBench ID: Spectronaut_20250508_081846<br>Software tool: Spectronaut <br>Comment (private submission): ...",
  "scatter_size": 20,
  "fixed_mods": "Carbamidomethyl (C)",
  "variable_mods": "Acetyl (Protein N-term), Oxidation (M)",
  "max_mods": "5",
  "min_precursor_charge": null,
  "max_precursor_charge": null,
  "quantification_method": "MS2",
  "protein_inference": "IDPicker",
  "abundance_normalization_ions": "True",
  "submission_comments": "\n\n ### Parameter changes Detected:\n- **scan_window**: `Dynamic` \u2192 `[MISSING]`\n\nDataset URL: https://proteobench.cubimed.rub.de/datasets/8311ec12a32402b2d6d97fff39a8eb3a7d38e6d8/"
}