{
  "old_new": "new",
  "id": "DIA-NN_20250722_093127",
  "software_name": "DIA-NN",
  "software_version": "2.2.0 Academia ",
  "search_engine": "DIA-NN",
  "search_engine_version": "2.2.0 Academia ",
  "ident_fdr_psm": "0.01",
  "ident_fdr_peptide": NaN,
  "ident_fdr_protein": NaN,
  "enable_match_between_runs": true,
  "precursor_mass_tolerance": "[-7.0 ppm, 7.0 ppm]",
  "fragment_mass_tolerance": "[-3.0 ppm, 3.0 ppm]",
  "enzyme": "Trypsin/P",
  "allowed_miscleavages": "1",
  "min_peptide_length": "6",
  "max_peptide_length": "30",
  "is_temporary": false,
  "intermediate_hash": "8329d65c7530196a572e05ab373c7b5e0cf5ad9e",
  "results": {
    "6": {
      "median_abs_epsilon": 0.17714881896972656,
      "mean_abs_epsilon": 0.2738296238617407,
      "variance_epsilon": 0.17512023194152004,
      "nr_prec": 68748,
      "CV_median": 0.12474275749074594,
      "CV_q75": 0.2224835668443949,
      "CV_q90": 0.3474635364058597,
      "CV_q95": 0.4378447039367542
    },
    "5": {
      "median_abs_epsilon": 0.1976032257080078,
      "mean_abs_epsilon": 0.30865651600454097,
      "variance_epsilon": 0.22457308855442115,
      "nr_prec": 83961,
      "CV_median": 0.13814758322845733,
      "CV_q75": 0.2497178442949818,
      "CV_q90": 0.3912660656511496,
      "CV_q95": 0.4952439112120339
    },
    "4": {
      "median_abs_epsilon": 0.2172107696533203,
      "mean_abs_epsilon": 0.3470072381128807,
      "variance_epsilon": 0.29230895238651405,
      "nr_prec": 95381,
      "CV_median": 0.14501539718195902,
      "CV_q75": 0.2641859341053421,
      "CV_q90": 0.4148953389647376,
      "CV_q95": 0.526295478293997
    },
    "3": {
      "median_abs_epsilon": 0.2292943000793457,
      "mean_abs_epsilon": 0.3708315867172399,
      "variance_epsilon": 0.3390979453588122,
      "nr_prec": 105091,
      "CV_median": 0.14887740330347948,
      "CV_q75": 0.2722424103074328,
      "CV_q90": 0.42861398057782296,
      "CV_q95": 0.5432400612334158
    },
    "2": {
      "median_abs_epsilon": 0.23561477661132812,
      "mean_abs_epsilon": 0.3847947735870111,
      "variance_epsilon": 0.3756248467454606,
      "nr_prec": 112426,
      "CV_median": 0.15035541051902238,
      "CV_q75": 0.2753885808296468,
      "CV_q90": 0.43470636597753143,
      "CV_q95": 0.5520590936438485
    },
    "1": {
      "median_abs_epsilon": 0.23561477661132812,
      "mean_abs_epsilon": 0.3847947735870111,
      "variance_epsilon": 0.3756248467454606,
      "nr_prec": 118017,
      "CV_median": 0.15035541051902238,
      "CV_q75": 0.2753885808296468,
      "CV_q90": 0.43470636597753143,
      "CV_q95": 0.5520590936438485
    }
  },
  "median_abs_epsilon": 0.2292943000793457,
  "mean_abs_epsilon": 0.3708315867172399,
  "nr_prec": 105091,
  "comments": "",
  "proteobench_version": "0.8.29",
  "color": "#d42f2f",
  "hover_text": "ProteoBench ID: DIA-NN_20250722_093127<br>Software tool: DIA-NN <br>Comment (private submission): ...",
  "scatter_size": 20,
  "fixed_mods": "unimod4",
  "variable_mods": "UniMod:35/15.994915/M,UniMod:1/42.010565/*n",
  "max_mods": "1",
  "min_precursor_charge": "1",
  "max_precursor_charge": "5",
  "quantification_method": "QuantUMS high-precision",
  "protein_inference": "1",
  "abundance_normalization_ions": "RT-dependent",
  "submission_comments": "Scoring : peptidoforms\nProteotypicity : Protein names from Fasta\nLibrary Generation : Full profiling\nSpeed and Ram usage : Optimal result\n\n ### Parameter changes detected:\n- **max_precursor_charge**: `None` \u2192 `5`\n- **abundance_normalization_ions**: `None` \u2192 `RT-dependent`\n- **ident_fdr_peptide**: `None` \u2192 `nan`\n- **min_precursor_charge**: `None` \u2192 `1`\n- **min_peptide_length**: `None` \u2192 `6`\n- **ident_fdr_protein**: `None` \u2192 `nan`\n- **max_peptide_length**: `None` \u2192 `30`\n\nDataset URL: https://proteobench.cubimed.rub.de/datasets/8329d65c7530196a572e05ab373c7b5e0cf5ad9e/"
}