{
  "old_new": "new",
  "id": "DIA-NN_20250718_142724",
  "software_name": "DIA-NN",
  "software_version": "2.2.0 Academia ",
  "search_engine": "DIA-NN",
  "search_engine_version": "2.2.0 Academia ",
  "ident_fdr_psm": "0.01",
  "ident_fdr_peptide": NaN,
  "ident_fdr_protein": NaN,
  "enable_match_between_runs": false,
  "precursor_mass_tolerance": "[-7.0 ppm, 7.0 ppm]",
  "fragment_mass_tolerance": "[-3.0 ppm, 3.0 ppm]",
  "enzyme": "Trypsin/P",
  "allowed_miscleavages": "1",
  "min_peptide_length": "6",
  "max_peptide_length": "30",
  "is_temporary": false,
  "intermediate_hash": "841f45e801c2d8b47f6e75c51f02d1f363380846",
  "results": {
    "6": {
      "median_abs_epsilon": 0.19231843948364258,
      "mean_abs_epsilon": 0.30117101972492505,
      "variance_epsilon": 0.20334787175767885,
      "nr_prec": 75116,
      "CV_median": 0.14430991884685765,
      "CV_q75": 0.26571623809993106,
      "CV_q90": 0.41818395982323187,
      "CV_q95": 0.5220107787267578
    },
    "5": {
      "median_abs_epsilon": 0.21739959716796875,
      "mean_abs_epsilon": 0.3400911497340166,
      "variance_epsilon": 0.2560390074036045,
      "nr_prec": 92381,
      "CV_median": 0.16121046950133397,
      "CV_q75": 0.2981042982671802,
      "CV_q90": 0.4676723034270869,
      "CV_q95": 0.5824221283917645
    },
    "4": {
      "median_abs_epsilon": 0.23948192596435547,
      "mean_abs_epsilon": 0.3791539370103504,
      "variance_epsilon": 0.3224698787756297,
      "nr_prec": 105111,
      "CV_median": 0.16932689345879148,
      "CV_q75": 0.31411069317267226,
      "CV_q90": 0.4904722316925722,
      "CV_q95": 0.6124840743237786
    },
    "3": {
      "median_abs_epsilon": 0.25201845169067383,
      "mean_abs_epsilon": 0.40212975160661973,
      "variance_epsilon": 0.3619106944357305,
      "nr_prec": 115841,
      "CV_median": 0.1740769601422691,
      "CV_q75": 0.32329694458502345,
      "CV_q90": 0.5038594053842176,
      "CV_q95": 0.6287088324457515
    },
    "2": {
      "median_abs_epsilon": 0.2578907012939453,
      "mean_abs_epsilon": 0.4133591211023962,
      "variance_epsilon": 0.3843116420070872,
      "nr_prec": 123267,
      "CV_median": 0.1755653111039325,
      "CV_q75": 0.32664374244538646,
      "CV_q90": 0.5094614567100612,
      "CV_q95": 0.6357862175884353
    },
    "1": {
      "median_abs_epsilon": 0.2578907012939453,
      "mean_abs_epsilon": 0.4133591211023962,
      "variance_epsilon": 0.3843116420070872,
      "nr_prec": 127721,
      "CV_median": 0.1755653111039325,
      "CV_q75": 0.32664374244538646,
      "CV_q90": 0.5094614567100612,
      "CV_q95": 0.6357862175884353
    }
  },
  "median_abs_epsilon": 0.25201845169067383,
  "mean_abs_epsilon": 0.40212975160661973,
  "nr_prec": 115841,
  "comments": "",
  "proteobench_version": "0.8.29",
  "color": "#d42f2f",
  "hover_text": "ProteoBench ID: DIA-NN_20250718_142724<br>Software tool: DIA-NN <br>Comment (private submission): ...",
  "scatter_size": 20,
  "fixed_mods": "unimod4",
  "variable_mods": "UniMod:35/15.994915/M,UniMod:1/42.010565/*n",
  "max_mods": "1",
  "min_precursor_charge": "1",
  "max_precursor_charge": "5",
  "quantification_method": "Legacy",
  "protein_inference": "1",
  "abundance_normalization_ions": "RT-dependent",
  "submission_comments": "Scoring : peptidoforms\nProteotypicity : Protein names from Fasta\nLibrary Generation : Ids, RT & IM profiling\nSpeed and Ram usage : Optimal result\n\n\n ### Parameter changes detected:\n- **max_precursor_charge**: `None` \u2192 `5`\n- **abundance_normalization_ions**: `None` \u2192 `RT-dependent`\n- **ident_fdr_peptide**: `None` \u2192 `nan`\n- **min_precursor_charge**: `None` \u2192 `1`\n- **min_peptide_length**: `None` \u2192 `6`\n- **ident_fdr_protein**: `None` \u2192 `nan`\n- **max_peptide_length**: `None` \u2192 `30`\n\nDataset URL: https://proteobench.cubimed.rub.de/datasets/841f45e801c2d8b47f6e75c51f02d1f363380846/"
}