{
  "old_new": "new",
  "id": "DIA-NN_20251027_120754",
  "software_name": "DIA-NN",
  "software_version": "2.2.0 Academia ",
  "search_engine": "DIA-NN",
  "search_engine_version": "2.2.0 Academia ",
  "ident_fdr_psm": 0.01,
  "ident_fdr_peptide": NaN,
  "ident_fdr_protein": NaN,
  "enable_match_between_runs": true,
  "precursor_mass_tolerance": "[-2.5 ppm, 2.5 ppm]",
  "fragment_mass_tolerance": "[-6 ppm, 6 ppm]",
  "enzyme": "Trypsin/P",
  "allowed_miscleavages": 1,
  "min_peptide_length": 6,
  "max_peptide_length": 30,
  "is_temporary": false,
  "intermediate_hash": "84423cb9d5c97ebe0a9c2ba3241065d371de1f9b",
  "results": {
    "6": {
      "median_abs_epsilon_global": 0.16922378540039062,
      "median_abs_epsilon_eq_species": 0.18313471476236978,
      "median_abs_epsilon_ECOLI": 0.20981597900390625,
      "median_abs_epsilon_HUMAN": 0.16675567626953125,
      "median_abs_epsilon_YEAST": 0.17283248901367188,
      "mean_abs_epsilon_global": 0.2496295959437972,
      "mean_abs_epsilon_eq_species": 0.2632339812726208,
      "mean_abs_epsilon_ECOLI": 0.2909158691390976,
      "mean_abs_epsilon_HUMAN": 0.24724753273589295,
      "mean_abs_epsilon_YEAST": 0.25153854194287195,
      "median_log2_empirical_ECOLI": -1.8783721923828125,
      "median_log2_empirical_HUMAN": 0.010301589965820312,
      "median_log2_empirical_YEAST": 1.0079727172851562,
      "median_abs_epsilon_precision_global": 0.16790199279785156,
      "median_abs_epsilon_precision_eq_species": 0.17676734924316406,
      "median_abs_epsilon_precision_ECOLI": 0.19234275817871094,
      "median_abs_epsilon_precision_HUMAN": 0.16567420959472656,
      "median_abs_epsilon_precision_YEAST": 0.1722850799560547,
      "mean_log2_empirical_ECOLI": -1.8479612822686986,
      "mean_log2_empirical_HUMAN": -0.026753620204746954,
      "mean_log2_empirical_YEAST": 0.9808348973177784,
      "mean_abs_epsilon_precision_global": 0.2508462019883228,
      "mean_abs_epsilon_precision_eq_species": 0.25805287479664857,
      "mean_abs_epsilon_precision_ECOLI": 0.2721067968891862,
      "mean_abs_epsilon_precision_HUMAN": 0.24941006615153063,
      "mean_abs_epsilon_precision_YEAST": 0.2526417613492287,
      "CV_median": 0.13325378250526373,
      "CV_q75": 0.2296999225062139,
      "CV_q90": 0.3478745411989792,
      "CV_q95": 0.43503202513142836,
      "roc_auc": 0.9571937933748604,
      "roc_auc_directional": 0.9817426031446284,
      "nr_prec": 85347,
      "nr_prec_HUMAN": 65471,
      "nr_prec_YEAST": 16879,
      "nr_prec_ECOLI": 2997,
      "variance_epsilon_global": 0.14089800291132462
    },
    "5": {
      "median_abs_epsilon_global": 0.18767738342285156,
      "median_abs_epsilon_eq_species": 0.21264966328938803,
      "median_abs_epsilon_ECOLI": 0.2563180923461914,
      "median_abs_epsilon_HUMAN": 0.18165016174316406,
      "median_abs_epsilon_YEAST": 0.1999807357788086,
      "mean_abs_epsilon_global": 0.2841607145326792,
      "mean_abs_epsilon_eq_species": 0.3170106300770938,
      "mean_abs_epsilon_ECOLI": 0.37947494769468904,
      "mean_abs_epsilon_HUMAN": 0.2758202932718712,
      "mean_abs_epsilon_YEAST": 0.2957366492647211,
      "median_log2_empirical_ECOLI": -1.8277511596679688,
      "median_log2_empirical_HUMAN": 0.008899688720703125,
      "median_log2_empirical_YEAST": 0.9880838394165039,
      "median_abs_epsilon_precision_global": 0.18706130981445312,
      "median_abs_epsilon_precision_eq_species": 0.2048467000325521,
      "median_abs_epsilon_precision_ECOLI": 0.23253250122070312,
      "median_abs_epsilon_precision_HUMAN": 0.18085670471191406,
      "median_abs_epsilon_precision_YEAST": 0.20115089416503906,
      "mean_log2_empirical_ECOLI": -1.749035079497844,
      "mean_log2_empirical_HUMAN": -0.02872775123025888,
      "mean_log2_empirical_YEAST": 0.9461146148005528,
      "mean_abs_epsilon_precision_global": 0.2850145788039859,
      "mean_abs_epsilon_precision_eq_species": 0.3083348308704294,
      "mean_abs_epsilon_precision_ECOLI": 0.34896376688175224,
      "mean_abs_epsilon_precision_HUMAN": 0.2779343269719754,
      "mean_abs_epsilon_precision_YEAST": 0.29810639875756056,
      "CV_median": 0.14437966749835004,
      "CV_q75": 0.2524242854438961,
      "CV_q90": 0.3865297905828557,
      "CV_q95": 0.4871827072936852,
      "roc_auc": 0.9337219163649061,
      "roc_auc_directional": 0.9684175918844994,
      "nr_prec": 101725,
      "nr_prec_HUMAN": 76347,
      "nr_prec_YEAST": 21282,
      "nr_prec_ECOLI": 4096,
      "variance_epsilon_global": 0.18928495609227883
    },
    "4": {
      "median_abs_epsilon_global": 0.20395469665527344,
      "median_abs_epsilon_eq_species": 0.24739297231038412,
      "median_abs_epsilon_ECOLI": 0.32404136657714844,
      "median_abs_epsilon_HUMAN": 0.1934194564819336,
      "median_abs_epsilon_YEAST": 0.2247180938720703,
      "mean_abs_epsilon_global": 0.3217853308091129,
      "mean_abs_epsilon_eq_species": 0.38535850624060636,
      "mean_abs_epsilon_ECOLI": 0.5083821859929863,
      "mean_abs_epsilon_HUMAN": 0.30283455007761206,
      "mean_abs_epsilon_YEAST": 0.3448587826512206,
      "median_log2_empirical_ECOLI": -1.7541084289550781,
      "median_log2_empirical_HUMAN": 0.008977890014648438,
      "median_log2_empirical_YEAST": 0.9741001129150391,
      "median_abs_epsilon_precision_global": 0.20409584045410156,
      "median_abs_epsilon_precision_eq_species": 0.24135653177897134,
      "median_abs_epsilon_precision_ECOLI": 0.3043498992919922,
      "median_abs_epsilon_precision_HUMAN": 0.19289016723632812,
      "median_abs_epsilon_precision_YEAST": 0.22682952880859375,
      "mean_log2_empirical_ECOLI": -1.626572955257028,
      "mean_log2_empirical_HUMAN": -0.029084842288672162,
      "mean_log2_empirical_YEAST": 0.9184021830088125,
      "mean_abs_epsilon_precision_global": 0.32179926413159204,
      "mean_abs_epsilon_precision_eq_species": 0.3718998977603593,
      "mean_abs_epsilon_precision_ECOLI": 0.4628859396419056,
      "mean_abs_epsilon_precision_HUMAN": 0.304887461536626,
      "mean_abs_epsilon_precision_YEAST": 0.34792629210254633,
      "CV_median": 0.15001509540014357,
      "CV_q75": 0.26387028825432723,
      "CV_q90": 0.4073488379153655,
      "CV_q95": 0.5151282127345551,
      "roc_auc": 0.9098957081873323,
      "roc_auc_directional": 0.9470711360077153,
      "nr_prec": 113647,
      "nr_prec_HUMAN": 83422,
      "nr_prec_YEAST": 24822,
      "nr_prec_ECOLI": 5403,
      "variance_epsilon_global": 0.2590259178382176
    },
    "3": {
      "median_abs_epsilon_global": 0.2127208709716797,
      "median_abs_epsilon_eq_species": 0.25836531321207684,
      "median_abs_epsilon_ECOLI": 0.33731937408447266,
      "median_abs_epsilon_HUMAN": 0.2008380889892578,
      "median_abs_epsilon_YEAST": 0.2369384765625,
      "mean_abs_epsilon_global": 0.34516523798754317,
      "mean_abs_epsilon_eq_species": 0.41279806392894436,
      "mean_abs_epsilon_ECOLI": 0.5398169464912279,
      "mean_abs_epsilon_HUMAN": 0.32368260310027064,
      "mean_abs_epsilon_YEAST": 0.3748946421953345,
      "median_log2_empirical_ECOLI": -1.7420310974121094,
      "median_log2_empirical_HUMAN": 0.0095672607421875,
      "median_log2_empirical_YEAST": 0.9665565490722656,
      "median_abs_epsilon_precision_global": 0.21262168884277344,
      "median_abs_epsilon_precision_eq_species": 0.25304444630940753,
      "median_abs_epsilon_precision_ECOLI": 0.3179359436035156,
      "median_abs_epsilon_precision_HUMAN": 0.200286865234375,
      "median_abs_epsilon_precision_YEAST": 0.24091053009033203,
      "mean_log2_empirical_ECOLI": -1.6020193037189199,
      "mean_log2_empirical_HUMAN": -0.026103029089923745,
      "mean_log2_empirical_YEAST": 0.9026577931080326,
      "mean_abs_epsilon_precision_global": 0.3449554114451422,
      "mean_abs_epsilon_precision_eq_species": 0.3986187634956611,
      "mean_abs_epsilon_precision_ECOLI": 0.4921052717149512,
      "mean_abs_epsilon_precision_HUMAN": 0.3254135204268038,