{
  "old_new": "new",
  "id": "DIA-NN_20251027_120754",
  "software_name": "DIA-NN",
  "software_version": "2.2.0 Academia ",
  "search_engine": "DIA-NN",
  "search_engine_version": "2.2.0 Academia ",
  "ident_fdr_psm": "0.01",
  "ident_fdr_peptide": NaN,
  "ident_fdr_protein": NaN,
  "enable_match_between_runs": true,
  "precursor_mass_tolerance": "[-2.5 ppm, 2.5 ppm]",
  "fragment_mass_tolerance": "[-6 ppm, 6 ppm]",
  "enzyme": "Trypsin/P",
  "allowed_miscleavages": "1",
  "min_peptide_length": "6",
  "max_peptide_length": "30",
  "is_temporary": false,
  "intermediate_hash": "84423cb9d5c97ebe0a9c2ba3241065d371de1f9b",
  "results": {
    "6": {
      "median_abs_epsilon": 0.1695404052734375,
      "mean_abs_epsilon": 0.2508382318118033,
      "variance_epsilon": 0.14293077888220768,
      "nr_prec": 86147,
      "CV_median": 0.13250885546504626,
      "CV_q75": 0.22889914617645962,
      "CV_q90": 0.34701382329834685,
      "CV_q95": 0.4341006108339422
    },
    "5": {
      "median_abs_epsilon": 0.1880016326904297,
      "mean_abs_epsilon": 0.285109680328091,
      "variance_epsilon": 0.1912414486569251,
      "nr_prec": 102587,
      "CV_median": 0.14365622742105913,
      "CV_q75": 0.2515321717787069,
      "CV_q90": 0.3856153961914498,
      "CV_q95": 0.48634171079043254
    },
    "4": {
      "median_abs_epsilon": 0.20416259765625,
      "mean_abs_epsilon": 0.3226278314861543,
      "variance_epsilon": 0.2612805673736156,
      "nr_prec": 114544,
      "CV_median": 0.14928122893148604,
      "CV_q75": 0.26301266166438686,
      "CV_q90": 0.4064106638393655,
      "CV_q95": 0.5143562294021071
    },
    "3": {
      "median_abs_epsilon": 0.21286773681640625,
      "mean_abs_epsilon": 0.34579726745294703,
      "variance_epsilon": 0.3178359584860437,
      "nr_prec": 124262,
      "CV_median": 0.15244151983903387,
      "CV_q75": 0.26983886236612104,
      "CV_q90": 0.41909348491703624,
      "CV_q95": 0.5320074394716701
    },
    "2": {
      "median_abs_epsilon": 0.21660566329956055,
      "mean_abs_epsilon": 0.3589807931055412,
      "variance_epsilon": 0.36535400294856546,
      "nr_prec": 130446,
      "CV_median": 0.15352506729134988,
      "CV_q75": 0.27231195421440074,
      "CV_q90": 0.4241233296601554,
      "CV_q95": 0.5395566936096237
    },
    "1": {
      "median_abs_epsilon": 0.21660566329956055,
      "mean_abs_epsilon": 0.3589807931055412,
      "variance_epsilon": 0.36535400294856546,
      "nr_prec": 134226,
      "CV_median": 0.15352506729134988,
      "CV_q75": 0.27231195421440074,
      "CV_q90": 0.4241233296601554,
      "CV_q95": 0.5395566936096237
    }
  },
  "median_abs_epsilon": 0.21286773681640625,
  "mean_abs_epsilon": 0.34579726745294703,
  "nr_prec": 124262,
  "comments": "",
  "proteobench_version": "0.10.3",
  "color": "#d42f2f",
  "hover_text": "ProteoBench ID: DIA-NN_20251027_120754<br>Software tool: DIA-NN <br>Comment (private submission): ...",
  "scatter_size": 20,
  "fixed_mods": "unimod4",
  "variable_mods": "UniMod:35/15.994915/M,UniMod:1/42.010565/*n,UniMod:21/79.966331/STY,UniMod:121/114.042927/K",
  "max_mods": "1",
  "min_precursor_charge": "1",
  "max_precursor_charge": "5",
  "quantification_method": "QuantUMS high-precision",
  "protein_inference": "Genes",
  "abundance_normalization_ions": null,
  "submission_comments": "Resubmission of 308014957f78e2c5911a4af757b9efe26d3bf99b after changing quant column from Precursor.Quantity -> Precursor.Normalised\n\n ### Parameter changes detected:\n- **ident_fdr_protein**: `None` \u2192 `nan`\n- **ident_fdr_peptide**: `None` \u2192 `nan`\n\nDataset URL: https://proteobench.cubimed.rub.de/datasets/84423cb9d5c97ebe0a9c2ba3241065d371de1f9b/",
  "min_precursor_mz": "400",
  "max_precursor_mz": "1000",
  "min_fragment_mz": "50",
  "max_fragment_mz": "2000",
  "predictors_library": "{'RT': 'DIANN', 'IM': 'DIANN', 'MS2_int': 'DIANN'}",
  "scan_window": "6"
}