{
  "old_new": "new",
  "id": "Spectronaut_20250605_172539",
  "software_name": "Spectronaut",
  "software_version": "19.5.241126.62635",
  "search_engine": "Spectronaut",
  "search_engine_version": "19.5.241126.62635",
  "ident_fdr_psm": 0.01,
  "ident_fdr_peptide": null,
  "ident_fdr_protein": 0.01,
  "enable_match_between_runs": false,
  "precursor_mass_tolerance": "Dynamic",
  "fragment_mass_tolerance": "Dynamic",
  "enzyme": "Trypsin/P",
  "allowed_miscleavages": 1,
  "min_peptide_length": 6,
  "max_peptide_length": 30,
  "is_temporary": false,
  "intermediate_hash": "887471e3771f74d27eff4f7f89b34e9fde53214a",
  "results": {
    "6": {
      "median_abs_epsilon_global": 0.19425847286965592,
      "median_abs_epsilon_eq_species": 0.20827482228952846,
      "median_abs_epsilon_ECOLI": 0.23162003242428675,
      "median_abs_epsilon_HUMAN": 0.1902013113974821,
      "median_abs_epsilon_YEAST": 0.20300312304681656,
      "mean_abs_epsilon_global": 0.3132774181657037,
      "mean_abs_epsilon_eq_species": 0.334558900323844,
      "mean_abs_epsilon_ECOLI": 0.3768105342061746,
      "mean_abs_epsilon_HUMAN": 0.3086158743032934,
      "mean_abs_epsilon_YEAST": 0.318250292462064,
      "median_log2_empirical_ECOLI": -1.9887994221265899,
      "median_log2_empirical_HUMAN": -0.06435633388299111,
      "median_log2_empirical_YEAST": 0.9418161609510167,
      "median_abs_epsilon_precision_global": 0.18915882458865996,
      "median_abs_epsilon_precision_eq_species": 0.20463196631196942,
      "median_abs_epsilon_precision_ECOLI": 0.2322127984799831,
      "median_abs_epsilon_precision_HUMAN": 0.1854951870868904,
      "median_abs_epsilon_precision_YEAST": 0.19618791336903474,
      "mean_log2_empirical_ECOLI": -1.9873529689701876,
      "mean_log2_empirical_HUMAN": -0.10579213663997543,
      "mean_log2_empirical_YEAST": 0.941834611398121,
      "mean_abs_epsilon_precision_global": 0.3090637613819414,
      "mean_abs_epsilon_precision_eq_species": 0.3314136632763261,
      "mean_abs_epsilon_precision_ECOLI": 0.3766851805103839,
      "mean_abs_epsilon_precision_HUMAN": 0.30443510084147996,
      "mean_abs_epsilon_precision_YEAST": 0.3131207084771145,
      "CV_median": 0.15232996853035263,
      "CV_q75": 0.28221272574904555,
      "CV_q90": 0.4607808822338124,
      "CV_q95": 0.5948368658392604,
      "roc_auc": 0.9154750028919746,
      "roc_auc_directional": 0.965502990896483,
      "nr_prec": 90403,
      "nr_prec_HUMAN": 68404,
      "nr_prec_YEAST": 18422,
      "nr_prec_ECOLI": 3577,
      "variance_epsilon_global": 0.2243792580970907
    },
    "5": {
      "median_abs_epsilon_global": 0.2162468380959055,
      "median_abs_epsilon_eq_species": 0.23942230416763546,
      "median_abs_epsilon_ECOLI": 0.27943207648481305,
      "median_abs_epsilon_HUMAN": 0.20880200500859303,
      "median_abs_epsilon_YEAST": 0.23003283100950034,
      "mean_abs_epsilon_global": 0.3556427778472774,
      "mean_abs_epsilon_eq_species": 0.3918013293169426,
      "mean_abs_epsilon_ECOLI": 0.461959872610723,
      "mean_abs_epsilon_HUMAN": 0.3454706232794096,
      "mean_abs_epsilon_YEAST": 0.36797349206069513,
      "median_log2_empirical_ECOLI": -1.9752981910869174,
      "median_log2_empirical_HUMAN": -0.0670374339686699,
      "median_log2_empirical_YEAST": 0.9389137843502704,
      "median_abs_epsilon_precision_global": 0.21113010021431666,
      "median_abs_epsilon_precision_eq_species": 0.2366613518159489,
      "median_abs_epsilon_precision_ECOLI": 0.28053581245321535,
      "median_abs_epsilon_precision_HUMAN": 0.2037745444901793,
      "median_abs_epsilon_precision_YEAST": 0.22567369850445207,
      "mean_log2_empirical_ECOLI": -1.964913699210249,
      "mean_log2_empirical_HUMAN": -0.11244637639700272,
      "mean_log2_empirical_YEAST": 0.9347040146480934,
      "mean_abs_epsilon_precision_global": 0.3516298982399188,
      "mean_abs_epsilon_precision_eq_species": 0.3886143159560868,
      "mean_abs_epsilon_precision_ECOLI": 0.46148301457528884,
      "mean_abs_epsilon_precision_HUMAN": 0.3415739603397347,
      "mean_abs_epsilon_precision_YEAST": 0.36278597295323683,
      "CV_median": 0.1667528233817272,
      "CV_q75": 0.31381620088001283,
      "CV_q90": 0.5144846564603744,
      "CV_q95": 0.6625636375137992,
      "roc_auc": 0.8925496135794314,
      "roc_auc_directional": 0.9515175368239892,
      "nr_prec": 103745,
      "nr_prec_HUMAN": 76892,
      "nr_prec_YEAST": 22054,
      "nr_prec_ECOLI": 4799,
      "variance_epsilon_global": 0.2928048473886096
    },
    "4": {
      "median_abs_epsilon_global": 0.22870701879008282,
      "median_abs_epsilon_eq_species": 0.26283501543679755,
      "median_abs_epsilon_ECOLI": 0.32135991944320885,
      "median_abs_epsilon_HUMAN": 0.21839610262149733,
      "median_abs_epsilon_YEAST": 0.24874902424568646,
      "mean_abs_epsilon_global": 0.38759279129862456,
      "mean_abs_epsilon_eq_species": 0.44098147625862244,
      "mean_abs_epsilon_ECOLI": 0.5458768618225022,
      "mean_abs_epsilon_HUMAN": 0.37069780952011644,
      "mean_abs_epsilon_YEAST": 0.4063697574332488,
      "median_log2_empirical_ECOLI": -1.9584675443087765,
      "median_log2_empirical_HUMAN": -0.06744075120016113,
      "median_log2_empirical_YEAST": 0.9358501434429405,
      "median_abs_epsilon_precision_global": 0.22453508268862787,
      "median_abs_epsilon_precision_eq_species": 0.2609252010463714,
      "median_abs_epsilon_precision_ECOLI": 0.32494269012159993,
      "median_abs_epsilon_precision_HUMAN": 0.21349195174784263,
      "median_abs_epsilon_precision_YEAST": 0.24434096126967164,
      "mean_log2_empirical_ECOLI": -1.9319213819641754,
      "mean_log2_empirical_HUMAN": -0.11435482400436647,
      "mean_log2_empirical_YEAST": 0.9279575837559072,
      "mean_abs_epsilon_precision_global": 0.38366782805926575,
      "mean_abs_epsilon_precision_eq_species": 0.43762127156953085,
      "mean_abs_epsilon_precision_ECOLI": 0.5449259632657036,
      "mean_abs_epsilon_precision_HUMAN": 0.3670140857127466,
      "mean_abs_epsilon_precision_YEAST": 0.4009237657301424,
      "CV_median": 0.17202391994035968,
      "CV_q75": 0.32569801783836827,
      "CV_q90": 0.5354651649621125,
      "CV_q95": 0.6885223864387195,
      "roc_auc": 0.8783593092929056,
      "roc_auc_directional": 0.9381040436431192,
      "nr_prec": 110434,
      "nr_prec_HUMAN": 80637,
      "nr_prec_YEAST": 24042,
      "nr_prec_ECOLI": 5755,
      "variance_epsilon_global": 0.3625791938680168
    },
    "3": {
      "median_abs_epsilon_global": 0.23443058673744632,
      "median_abs_epsilon_eq_species": 0.2689052620249943,
      "median_abs_epsilon_ECOLI": 0.32791566404826655,
      "median_abs_epsilon_HUMAN": 0.22287878729638955,
      "median_abs_epsilon_YEAST": 0.25592133473032685,
      "mean_abs_epsilon_global": 0.4025794688806232,
      "mean_abs_epsilon_eq_species": 0.456597459320453,
      "mean_abs_epsilon_ECOLI": 0.5603113320679968,
      "mean_abs_epsilon_HUMAN": 0.38460060413745456,
      "mean_abs_epsilon_YEAST": 0.4248804417559077,
      "median_log2_empirical_ECOLI": -1.9553034421663624,
      "median_log2_empirical_HUMAN": -0.06722091341901137,
      "median_log2_empirical_YEAST": 0.9350754380939157,
      "median_abs_epsilon_precision_global": 0.22999874348763827,
      "median_abs_epsilon_precision_eq_species": 0.26705281138870623,
      "median_abs_epsilon_precision_ECOLI": 0.3301537227044924,
      "median_abs_epsilon_precision_HUMAN": 0.2187600413897508,
      "median_abs_epsilon_precision_YEAST": 0.25224467007187545,
      "mean_log2_empirical_ECOLI": -1.9191606566453292,
      "mean_log2_empirical_HUMAN": -0.11147790324428215,
      "mean_log2_empirical_YEAST": 0.9255334437611431,
      "mean_abs_epsilon_precision_global": 0.3985112106987733,
      "mean_abs_epsilon_precision_eq_species": 0.4532683525332671,
      "mean_abs_epsilon_precision_ECOLI": 0.5597074690182567,
      "mean_abs_epsilon_precision_HUMAN": 0.3807148179697325,