{
  "old_new": "new",
  "id": "Spectronaut_20250513_110626",
  "software_name": "Spectronaut",
  "software_version": "19.5.241126.62635",
  "search_engine": "Spectronaut",
  "search_engine_version": "19.5.241126.62635",
  "ident_fdr_psm": "0.01",
  "ident_fdr_peptide": null,
  "ident_fdr_protein": "0.01",
  "enable_match_between_runs": false,
  "precursor_mass_tolerance": "Dynamic",
  "fragment_mass_tolerance": "Dynamic",
  "enzyme": "Trypsin/P",
  "allowed_miscleavages": "1",
  "min_peptide_length": "6",
  "max_peptide_length": "30",
  "is_temporary": false,
  "intermediate_hash": "887471e3771f74d27eff4f7f89b34e9fde53214a",
  "results": {
    "6": {
      "median_abs_epsilon": 0.19420073062901633,
      "mean_abs_epsilon": 0.3133781009590232,
      "variance_epsilon": 0.2246853630963862,
      "nr_prec": 90686,
      "CV_median": 0.1520663374708821,
      "CV_q90": 0.4605111179387903,
      "CV_q75": 0.28183208150838157,
      "CV_q95": 0.5946269040320569
    },
    "5": {
      "median_abs_epsilon": 0.2160897264685575,
      "mean_abs_epsilon": 0.35563737884951474,
      "variance_epsilon": 0.2928989816802428,
      "nr_prec": 104048,
      "CV_median": 0.16644822570113427,
      "CV_q90": 0.514256823169737,
      "CV_q75": 0.31349772770878814,
      "CV_q95": 0.662354385620198
    },
    "4": {
      "median_abs_epsilon": 0.22862778414571228,
      "mean_abs_epsilon": 0.38759715897321356,
      "variance_epsilon": 0.3628002418678231,
      "nr_prec": 110745,
      "CV_median": 0.17168223542649097,
      "CV_q90": 0.5352770383511801,
      "CV_q75": 0.3253575716880507,
      "CV_q95": 0.6884241070752799
    },
    "3": {
      "median_abs_epsilon": 0.23433856498750139,
      "mean_abs_epsilon": 0.40254266404843225,
      "variance_epsilon": 0.40139612213891634,
      "nr_prec": 114600,
      "CV_median": 0.17376372365036166,
      "CV_q90": 0.5433683561741167,
      "CV_q75": 0.3304955960499049,
      "CV_q95": 0.6988686438835898
    },
    "2": {
      "median_abs_epsilon": 0.23623560299224478,
      "mean_abs_epsilon": 0.4103432667353602,
      "variance_epsilon": 0.4299480151779562,
      "nr_prec": 116565,
      "CV_median": 0.17432683807276383,
      "CV_q90": 0.5464135048784416,
      "CV_q75": 0.33179527723753793,
      "CV_q95": 0.7031134432045854
    },
    "1": {
      "median_abs_epsilon": 0.23623560299224478,
      "mean_abs_epsilon": 0.4103432667353602,
      "variance_epsilon": 0.4299480151779562,
      "nr_prec": 118096,
      "CV_median": 0.17432683807276383,
      "CV_q90": 0.5464135048784416,
      "CV_q75": 0.33179527723753793,
      "CV_q95": 0.7031134432045854
    }
  },
  "median_abs_epsilon": 0.23433856498750139,
  "mean_abs_epsilon": 0.40254266404843225,
  "nr_prec": 114600,
  "comments": "",
  "proteobench_version": "0.8.9",
  "color": "#bcbd22",
  "hover_text": "ProteoBench ID: Spectronaut_20250513_110626<br>Software tool: Spectronaut <br>Comment (private submission): ...",
  "scatter_size": 20,
  "fixed_mods": "Carbamidomethyl (C)",
  "variable_mods": "Acetyl (Protein N-term), Oxidation (M)",
  "max_mods": "1",
  "min_precursor_charge": null,
  "max_precursor_charge": null,
  "quantification_method": "MS2",
  "protein_inference": "IDPicker",
  "abundance_normalization_ions": "True",
  "submission_comments": "\n\n ### Parameter changes Detected:\n- **scan_window**: `Dynamic` \u2192 `[MISSING]`\n\nDataset URL: https://proteobench.cubimed.rub.de/datasets/887471e3771f74d27eff4f7f89b34e9fde53214a/"
}