{
  "old_new": "new",
  "id": "DIA-NN_20250605_174247",
  "software_name": "DIA-NN",
  "software_version": "1.9.1",
  "search_engine": "DIA-NN",
  "search_engine_version": "1.9.1",
  "ident_fdr_psm": "0.01",
  "ident_fdr_peptide": NaN,
  "ident_fdr_protein": NaN,
  "enable_match_between_runs": true,
  "precursor_mass_tolerance": "[-2.35167 ppm, 2.35167 ppm]",
  "fragment_mass_tolerance": "[-9.60848 ppm, 9.60848 ppm]",
  "enzyme": "Trypsin/P",
  "allowed_miscleavages": "1",
  "min_peptide_length": "6",
  "max_peptide_length": "30",
  "is_temporary": false,
  "intermediate_hash": "892ad39ce5323fbc36879952e043c5ecced7e904",
  "results": {
    "6": {
      "median_abs_epsilon": 0.16885160494364726,
      "mean_abs_epsilon": 0.25566790556114344,
      "variance_epsilon": 0.15013979256155421,
      "nr_prec": 66311,
      "CV_median": 0.11716212037766813,
      "CV_q90": 0.2994753806308654,
      "CV_q75": 0.1981061735440075,
      "CV_q95": 0.37532101608369617
    },
    "5": {
      "median_abs_epsilon": 0.1875344226682163,
      "mean_abs_epsilon": 0.29779026299120603,
      "variance_epsilon": 0.231418859101539,
      "nr_prec": 82032,
      "CV_median": 0.1277658416732121,
      "CV_q90": 0.34157704508239384,
      "CV_q75": 0.22048494548167052,
      "CV_q95": 0.43684388656424056
    },
    "4": {
      "median_abs_epsilon": 0.20824006638166104,
      "mean_abs_epsilon": 0.3586871856463237,
      "variance_epsilon": 0.39173670601519556,
      "nr_prec": 94976,
      "CV_median": 0.13434381281442406,
      "CV_q90": 0.3720945728784637,
      "CV_q75": 0.23540305078444543,
      "CV_q95": 0.4905754779916546
    },
    "3": {
      "median_abs_epsilon": 0.22456191296166494,
      "mean_abs_epsilon": 0.4207731648460629,
      "variance_epsilon": 0.5999771186243692,
      "nr_prec": 108474,
      "CV_median": 0.13921320444458282,
      "CV_q90": 0.3985612138407603,
      "CV_q75": 0.24690869061413234,
      "CV_q95": 0.5466225714719346
    },
    "2": {
      "median_abs_epsilon": 0.23841832546447606,
      "mean_abs_epsilon": 0.4818017252808509,
      "variance_epsilon": 0.8616590695076752,
      "nr_prec": 122913,
      "CV_median": 0.1418713595286885,
      "CV_q90": 0.4183493535004257,
      "CV_q75": 0.2542211249099202,
      "CV_q95": 0.5932981380522886
    },
    "1": {
      "median_abs_epsilon": 0.23841832546447606,
      "mean_abs_epsilon": 0.48180172528085097,
      "variance_epsilon": 0.8616590695076751,
      "nr_prec": 176516,
      "CV_median": 0.1418713595286885,
      "CV_q90": 0.4183493535004257,
      "CV_q75": 0.2542211249099202,
      "CV_q95": 0.5932981380522886
    }
  },
  "median_abs_epsilon": 0.22456191296166494,
  "mean_abs_epsilon": 0.4207731648460629,
  "nr_prec": 108474,
  "comments": "",
  "proteobench_version": "0.8.19",
  "color": "#8c564b",
  "hover_text": "ProteoBench ID: DIA-NN_20250605_174247<br>Software tool: DIA-NN <br>Comment (private submission): ...",
  "scatter_size": 20,
  "fixed_mods": "unimod4",
  "variable_mods": "UniMod:35/15.994915/M,UniMod:1/42.010565/*n",
  "max_mods": "1",
  "min_precursor_charge": "1",
  "max_precursor_charge": "4",
  "quantification_method": "QuantUMS high-precision",
  "protein_inference": "Genes",
  "abundance_normalization_ions": null,
  "submission_comments": "\n\n ### Parameter changes detected:\n- **ident_fdr_protein**: `None` \u2192 `nan`\n- **ident_fdr_peptide**: `None` \u2192 `nan`\n\nDataset URL: https://proteobench.cubimed.rub.de/datasets/892ad39ce5323fbc36879952e043c5ecced7e904/"
}