{
  "old_new": "new",
  "id": "DIA-NN_20260107_154840",
  "software_name": "DIA-NN",
  "software_version": "2.3.0 Academia ",
  "search_engine": "DIA-NN",
  "search_engine_version": "2.3.0 Academia ",
  "ident_fdr_psm": 0.01,
  "ident_fdr_peptide": NaN,
  "ident_fdr_protein": NaN,
  "enable_match_between_runs": true,
  "precursor_mass_tolerance": "[-2.5 ppm, 2.5 ppm]",
  "fragment_mass_tolerance": "[-7 ppm, 7 ppm]",
  "enzyme": "Trypsin/P",
  "allowed_miscleavages": 1,
  "min_peptide_length": 6,
  "max_peptide_length": 30,
  "is_temporary": false,
  "intermediate_hash": "89d17cd4c12c9d16281960abd12c3e59706921bc",
  "results": {
    "6": {
      "median_abs_epsilon_global": 0.17085838317871094,
      "median_abs_epsilon_eq_species": 0.18870671590169272,
      "median_abs_epsilon_ECOLI": 0.2212066650390625,
      "median_abs_epsilon_HUMAN": 0.16736793518066406,
      "median_abs_epsilon_YEAST": 0.17754554748535156,
      "mean_abs_epsilon_global": 0.25198699431237204,
      "mean_abs_epsilon_eq_species": 0.27143129292511387,
      "mean_abs_epsilon_ECOLI": 0.30926357486203554,
      "mean_abs_epsilon_HUMAN": 0.24803375352301626,
      "mean_abs_epsilon_YEAST": 0.2569965503902899,
      "median_log2_empirical_ECOLI": -1.8603363037109375,
      "median_log2_empirical_HUMAN": 0.0100860595703125,
      "median_log2_empirical_YEAST": 0.9959983825683594,
      "median_abs_epsilon_precision_global": 0.169769287109375,
      "median_abs_epsilon_precision_eq_species": 0.17948834101359049,
      "median_abs_epsilon_precision_ECOLI": 0.19453048706054688,
      "median_abs_epsilon_precision_HUMAN": 0.16645050048828125,
      "median_abs_epsilon_precision_YEAST": 0.17748403549194336,
      "mean_log2_empirical_ECOLI": -1.8252789813128862,
      "mean_log2_empirical_HUMAN": -0.02521694943442153,
      "mean_log2_empirical_YEAST": 0.964742343665825,
      "mean_abs_epsilon_precision_global": 0.2529605393518873,
      "mean_abs_epsilon_precision_eq_species": 0.26433340312351034,
      "mean_abs_epsilon_precision_ECOLI": 0.28430234994452297,
      "mean_abs_epsilon_precision_HUMAN": 0.25002266667721706,
      "mean_abs_epsilon_precision_YEAST": 0.2586751927487911,
      "CV_median": 0.1341139641788912,
      "CV_q75": 0.2315487267310034,
      "CV_q90": 0.35205544379880704,
      "CV_q95": 0.4400876811798043,
      "roc_auc": 0.9534527201605781,
      "roc_auc_directional": 0.9799309132194538,
      "nr_prec": 92452,
      "nr_prec_HUMAN": 70749,
      "nr_prec_YEAST": 18432,
      "nr_prec_ECOLI": 3271,
      "variance_epsilon_global": 0.14226585471694767
    },
    "5": {
      "median_abs_epsilon_global": 0.1892080307006836,
      "median_abs_epsilon_eq_species": 0.21882057189941406,
      "median_abs_epsilon_ECOLI": 0.27032470703125,
      "median_abs_epsilon_HUMAN": 0.18198204040527344,
      "median_abs_epsilon_YEAST": 0.20415496826171875,
      "mean_abs_epsilon_global": 0.2865951965762305,
      "mean_abs_epsilon_eq_species": 0.3269775674574958,
      "mean_abs_epsilon_ECOLI": 0.40240553360411574,
      "mean_abs_epsilon_HUMAN": 0.27568129399211144,
      "mean_abs_epsilon_YEAST": 0.3028458747762601,
      "median_log2_empirical_ECOLI": -1.804616928100586,
      "median_log2_empirical_HUMAN": 0.009815216064453125,
      "median_log2_empirical_YEAST": 0.9767084121704102,
      "median_abs_epsilon_precision_global": 0.18792343139648438,
      "median_abs_epsilon_precision_eq_species": 0.21089887619018555,
      "median_abs_epsilon_precision_ECOLI": 0.2454853057861328,
      "median_abs_epsilon_precision_HUMAN": 0.1809978485107422,
      "median_abs_epsilon_precision_YEAST": 0.20621347427368164,
      "mean_log2_empirical_ECOLI": -1.724500252920822,
      "mean_log2_empirical_HUMAN": -0.025868054515167185,
      "mean_log2_empirical_YEAST": 0.9289476088048129,
      "mean_abs_epsilon_precision_global": 0.28699132625348256,
      "mean_abs_epsilon_precision_eq_species": 0.3156615161526825,
      "mean_abs_epsilon_precision_ECOLI": 0.36399534338665407,
      "mean_abs_epsilon_precision_HUMAN": 0.2775687799167351,
      "mean_abs_epsilon_precision_YEAST": 0.3054204251546584,
      "CV_median": 0.1457262649612474,
      "CV_q75": 0.2548661914667689,
      "CV_q90": 0.39203476192605163,
      "CV_q95": 0.49346180832901565,
      "roc_auc": 0.9288771184859664,
      "roc_auc_directional": 0.9651118984216863,
      "nr_prec": 110148,
      "nr_prec_HUMAN": 82295,
      "nr_prec_YEAST": 23378,
      "nr_prec_ECOLI": 4475,
      "variance_epsilon_global": 0.19042306919589014
    },
    "4": {
      "median_abs_epsilon_global": 0.20507431030273438,
      "median_abs_epsilon_eq_species": 0.2548535664876302,
      "median_abs_epsilon_ECOLI": 0.34211158752441406,
      "median_abs_epsilon_HUMAN": 0.19310665130615234,
      "median_abs_epsilon_YEAST": 0.22934246063232422,
      "mean_abs_epsilon_global": 0.3235355303723203,
      "mean_abs_epsilon_eq_species": 0.39459450601788787,
      "mean_abs_epsilon_ECOLI": 0.53236976039156,
      "mean_abs_epsilon_HUMAN": 0.30203898300998,
      "mean_abs_epsilon_YEAST": 0.3493747746521236,
      "median_log2_empirical_ECOLI": -1.7315254211425781,
      "median_log2_empirical_HUMAN": 0.009580612182617188,
      "median_log2_empirical_YEAST": 0.9631586074829102,
      "median_abs_epsilon_precision_global": 0.2049999237060547,
      "median_abs_epsilon_precision_eq_species": 0.24692710240681967,
      "median_abs_epsilon_precision_ECOLI": 0.31706809997558594,
      "median_abs_epsilon_precision_HUMAN": 0.1918659210205078,
      "median_abs_epsilon_precision_YEAST": 0.23184728622436523,
      "mean_log2_empirical_ECOLI": -1.5999169418659616,
      "mean_log2_empirical_HUMAN": -0.02667934744977495,
      "mean_log2_empirical_YEAST": 0.89900638125431,
      "mean_abs_epsilon_precision_global": 0.32289017085794863,
      "mean_abs_epsilon_precision_eq_species": 0.3775409617286787,
      "mean_abs_epsilon_precision_ECOLI": 0.4762379297803375,
      "mean_abs_epsilon_precision_HUMAN": 0.3039045618520631,
      "mean_abs_epsilon_precision_YEAST": 0.3524803935536355,
      "CV_median": 0.1511523370593842,
      "CV_q75": 0.26594678049805204,
      "CV_q90": 0.4121241104494249,
      "CV_q95": 0.5207060837782128,
      "roc_auc": 0.9053839535156777,
      "roc_auc_directional": 0.9438609981341219,
      "nr_prec": 122373,
      "nr_prec_HUMAN": 89512,
      "nr_prec_YEAST": 26986,
      "nr_prec_ECOLI": 5875,
      "variance_epsilon_global": 0.25919906073630294
    },
    "3": {
      "median_abs_epsilon_global": 0.21352577209472656,
      "median_abs_epsilon_eq_species": 0.2656079928080241,
      "median_abs_epsilon_ECOLI": 0.3554573059082031,
      "median_abs_epsilon_HUMAN": 0.1993708610534668,
      "median_abs_epsilon_YEAST": 0.24199581146240234,
      "mean_abs_epsilon_global": 0.34535297539098825,
      "mean_abs_epsilon_eq_species": 0.4208097278221144,
      "mean_abs_epsilon_ECOLI": 0.5620347609440838,
      "mean_abs_epsilon_HUMAN": 0.3207139793466811,
      "mean_abs_epsilon_YEAST": 0.37968044317557836,
      "median_log2_empirical_ECOLI": -1.7162590026855469,
      "median_log2_empirical_HUMAN": 0.010213851928710938,
      "median_log2_empirical_YEAST": 0.9548835754394531,
      "median_abs_epsilon_precision_global": 0.21349525451660156,
      "median_abs_epsilon_precision_eq_species": 0.25765323638916016,
      "median_abs_epsilon_precision_ECOLI": 0.32904052734375,
      "median_abs_epsilon_precision_HUMAN": 0.19867992401123047,
      "median_abs_epsilon_precision_YEAST": 0.2452392578125,
      "mean_log2_empirical_ECOLI": -1.5747244231548532,
      "mean_log2_empirical_HUMAN": -0.024263677485276035,
      "mean_log2_empirical_YEAST": 0.8863969803853318,
      "mean_abs_epsilon_precision_global": 0.3443417744903466,
      "mean_abs_epsilon_precision_eq_species": 0.40251558014744826,
      "mean_abs_epsilon_precision_ECOLI": 0.5027451116885967,
      "mean_abs_epsilon_precision_HUMAN": 0.32232884553742724,