{
  "old_new": "new",
  "id": "DIA-NN_20260107_154840",
  "software_name": "DIA-NN",
  "software_version": "2.3.0 Academia ",
  "search_engine": "DIA-NN",
  "search_engine_version": "2.3.0 Academia ",
  "ident_fdr_psm": 0.01,
  "ident_fdr_peptide": NaN,
  "ident_fdr_protein": NaN,
  "enable_match_between_runs": true,
  "precursor_mass_tolerance": "[-2.5 ppm, 2.5 ppm]",
  "fragment_mass_tolerance": "[-7 ppm, 7 ppm]",
  "enzyme": "Trypsin/P",
  "allowed_miscleavages": 1,
  "min_peptide_length": 6,
  "max_peptide_length": 30,
  "is_temporary": false,
  "intermediate_hash": "89d17cd4c12c9d16281960abd12c3e59706921bc",
  "results": {
    "6": {
      "median_abs_epsilon_global": 0.17085838317871094,
      "median_abs_epsilon_eq_species": 0.18870671590169272,
      "median_abs_epsilon_ECOLI": 0.2212066650390625,
      "median_abs_epsilon_HUMAN": 0.16736793518066406,
      "median_abs_epsilon_YEAST": 0.17754554748535156,
      "mean_abs_epsilon_global": 0.25198699419890325,
      "mean_abs_epsilon_eq_species": 0.27143129264612564,
      "mean_abs_epsilon_ECOLI": 0.30926357486203554,
      "mean_abs_epsilon_HUMAN": 0.24803375361737406,
      "mean_abs_epsilon_YEAST": 0.2569965494589673,
      "median_log2_empirical_ECOLI": -1.8603363037109375,
      "median_log2_empirical_HUMAN": 0.0100860595703125,
      "median_log2_empirical_YEAST": 0.9959983825683594,
      "median_abs_epsilon_precision_global": 0.169769287109375,
      "median_abs_epsilon_precision_eq_species": 0.17948834101359049,
      "median_abs_epsilon_precision_ECOLI": 0.19453048706054688,
      "median_abs_epsilon_precision_HUMAN": 0.16645050048828125,
      "median_abs_epsilon_precision_YEAST": 0.17748403549194336,
      "mean_log2_empirical_ECOLI": -1.8252789848115385,
      "mean_log2_empirical_HUMAN": -0.025216949906210543,
      "mean_log2_empirical_YEAST": 0.9647423456319504,
      "mean_abs_epsilon_precision_global": 0.25296053943136204,
      "mean_abs_epsilon_precision_eq_species": 0.26433340416903844,
      "mean_abs_epsilon_precision_ECOLI": 0.2843023530506331,
      "mean_abs_epsilon_precision_HUMAN": 0.25002266661272204,
      "mean_abs_epsilon_precision_YEAST": 0.2586751928437603,
      "CV_median": 0.1341139641788912,
      "CV_q75": 0.2315487267310034,
      "CV_q90": 0.35205544379880704,
      "CV_q95": 0.4400876811798043,
      "roc_auc": 0.9534527188580415,
      "roc_auc_directional": 0.9799309115640337,
      "nr_prec": 92452,
      "nr_prec_HUMAN": 70749,
      "nr_prec_YEAST": 18432,
      "nr_prec_ECOLI": 3271,
      "variance_epsilon_global": 0.1422658547091424
    },
    "5": {
      "median_abs_epsilon_global": 0.189208984375,
      "median_abs_epsilon_eq_species": 0.21882057189941406,
      "median_abs_epsilon_ECOLI": 0.27032470703125,
      "median_abs_epsilon_HUMAN": 0.18198204040527344,
      "median_abs_epsilon_YEAST": 0.20415496826171875,
      "mean_abs_epsilon_global": 0.28659519635111946,
      "mean_abs_epsilon_eq_species": 0.32697756767443503,
      "mean_abs_epsilon_ECOLI": 0.4024055344565621,
      "mean_abs_epsilon_HUMAN": 0.2756812935865145,
      "mean_abs_epsilon_YEAST": 0.30284587498022847,
      "median_log2_empirical_ECOLI": -1.804616928100586,
      "median_log2_empirical_HUMAN": 0.009815216064453125,
      "median_log2_empirical_YEAST": 0.9767084121704102,
      "median_abs_epsilon_precision_global": 0.18792343139648438,
      "median_abs_epsilon_precision_eq_species": 0.21089887619018555,
      "median_abs_epsilon_precision_ECOLI": 0.2454853057861328,
      "median_abs_epsilon_precision_HUMAN": 0.1809978485107422,
      "median_abs_epsilon_precision_YEAST": 0.20621347427368164,
      "mean_log2_empirical_ECOLI": -1.7245002537732683,
      "mean_log2_empirical_HUMAN": -0.025868055268418667,
      "mean_log2_empirical_YEAST": 0.9289476099062419,
      "mean_abs_epsilon_precision_global": 0.2869913260707785,
      "mean_abs_epsilon_precision_eq_species": 0.3156615172079183,
      "mean_abs_epsilon_precision_ECOLI": 0.3639953466442372,
      "mean_abs_epsilon_precision_HUMAN": 0.27756877936419,
      "mean_abs_epsilon_precision_YEAST": 0.3054204256153277,
      "CV_median": 0.1457262649612474,
      "CV_q75": 0.2548661914667689,
      "CV_q90": 0.39203476192605163,
      "CV_q95": 0.49346180832901565,
      "roc_auc": 0.9288771145595435,
      "roc_auc_directional": 0.9651118944068393,
      "nr_prec": 110148,
      "nr_prec_HUMAN": 82295,
      "nr_prec_YEAST": 23378,
      "nr_prec_ECOLI": 4475,
      "variance_epsilon_global": 0.19042306922019975
    },
    "4": {
      "median_abs_epsilon_global": 0.20507431030273438,
      "median_abs_epsilon_eq_species": 0.2548535664876302,
      "median_abs_epsilon_ECOLI": 0.34211158752441406,
      "median_abs_epsilon_HUMAN": 0.19310665130615234,
      "median_abs_epsilon_YEAST": 0.22934246063232422,
      "mean_abs_epsilon_global": 0.32353553007617963,
      "mean_abs_epsilon_eq_species": 0.39459450575713423,
      "mean_abs_epsilon_ECOLI": 0.532369760066905,
      "mean_abs_epsilon_HUMAN": 0.3020389826583931,
      "mean_abs_epsilon_YEAST": 0.34937477454610477,
      "median_log2_empirical_ECOLI": -1.7315254211425781,
      "median_log2_empirical_HUMAN": 0.009580612182617188,
      "median_log2_empirical_YEAST": 0.9631586074829102,
      "median_abs_epsilon_precision_global": 0.2049999237060547,
      "median_abs_epsilon_precision_eq_species": 0.24692710240681967,
      "median_abs_epsilon_precision_ECOLI": 0.31706809997558594,
      "median_abs_epsilon_precision_HUMAN": 0.1918659210205078,
      "median_abs_epsilon_precision_YEAST": 0.23184728622436523,
      "mean_log2_empirical_ECOLI": -1.5999169425152717,
      "mean_log2_empirical_HUMAN": -0.026679347971828322,
      "mean_log2_empirical_YEAST": 0.8990063821377998,
      "mean_abs_epsilon_precision_global": 0.32289017076961085,
      "mean_abs_epsilon_precision_eq_species": 0.37754096226067985,
      "mean_abs_epsilon_precision_ECOLI": 0.47623793127087743,
      "mean_abs_epsilon_precision_HUMAN": 0.30390456149360195,
      "mean_abs_epsilon_precision_YEAST": 0.35248039401756026,
      "CV_median": 0.1511523370593842,
      "CV_q75": 0.26594678049805204,
      "CV_q90": 0.4121241104494249,
      "CV_q95": 0.5207060837782128,
      "roc_auc": 0.9053839513058861,
      "roc_auc_directional": 0.9438609949906158,
      "nr_prec": 122373,
      "nr_prec_HUMAN": 89512,
      "nr_prec_YEAST": 26986,
      "nr_prec_ECOLI": 5875,
      "variance_epsilon_global": 0.2591990608662176
    },
    "3": {
      "median_abs_epsilon_global": 0.21352577209472656,
      "median_abs_epsilon_eq_species": 0.2656079928080241,
      "median_abs_epsilon_ECOLI": 0.3554573059082031,
      "median_abs_epsilon_HUMAN": 0.1993708610534668,
      "median_abs_epsilon_YEAST": 0.24199581146240234,
      "mean_abs_epsilon_global": 0.3453529752125966,
      "mean_abs_epsilon_eq_species": 0.4208097278179133,
      "mean_abs_epsilon_ECOLI": 0.5620347614141057,
      "mean_abs_epsilon_HUMAN": 0.32071397916311745,
      "mean_abs_epsilon_YEAST": 0.37968044287651675,
      "median_log2_empirical_ECOLI": -1.7162590026855469,
      "median_log2_empirical_HUMAN": 0.010213851928710938,
      "median_log2_empirical_YEAST": 0.9548835754394531,
      "median_abs_epsilon_precision_global": 0.21349525451660156,
      "median_abs_epsilon_precision_eq_species": 0.25765323638916016,
      "median_abs_epsilon_precision_ECOLI": 0.32904052734375,
      "median_abs_epsilon_precision_HUMAN": 0.19867992401123047,
      "median_abs_epsilon_precision_YEAST": 0.2452392578125,
      "mean_log2_empirical_ECOLI": -1.5747244229981792,
      "mean_log2_empirical_HUMAN": -0.024263678056362925,
      "mean_log2_empirical_YEAST": 0.8863969809502259,
      "mean_abs_epsilon_precision_global": 0.3443417744700943,
      "mean_abs_epsilon_precision_eq_species": 0.40251558102763824,
      "mean_abs_epsilon_precision_ECOLI": 0.502745114385077,
      "mean_abs_epsilon_precision_HUMAN": 0.3223288452688625,