{
  "old_new": "new",
  "id": "DIA-NN_20260107_154840",
  "software_name": "DIA-NN",
  "software_version": "2.3.0 Academia ",
  "search_engine": "DIA-NN",
  "search_engine_version": "2.3.0 Academia ",
  "ident_fdr_psm": "0.01",
  "ident_fdr_peptide": NaN,
  "ident_fdr_protein": NaN,
  "enable_match_between_runs": true,
  "precursor_mass_tolerance": "[-2.5 ppm, 2.5 ppm]",
  "fragment_mass_tolerance": "[-7 ppm, 7 ppm]",
  "enzyme": "Trypsin/P",
  "allowed_miscleavages": "1",
  "min_peptide_length": "6",
  "max_peptide_length": "30",
  "is_temporary": false,
  "intermediate_hash": "89d17cd4c12c9d16281960abd12c3e59706921bc",
  "results": {
    "6": {
      "median_abs_epsilon": 0.17122459411621094,
      "mean_abs_epsilon": 0.25324239148624816,
      "variance_epsilon": 0.14461923643018007,
      "nr_prec": 93351,
      "CV_median": 0.13340144137055907,
      "CV_q75": 0.2306720157404348,
      "CV_q90": 0.3511115972205781,
      "CV_q95": 0.4392845001969912
    },
    "5": {
      "median_abs_epsilon": 0.1894245147705078,
      "mean_abs_epsilon": 0.28746125044724286,
      "variance_epsilon": 0.19217738460038528,
      "nr_prec": 111111,
      "CV_median": 0.1449979464232476,
      "CV_q75": 0.2539851194984099,
      "CV_q90": 0.3911568094190979,
      "CV_q95": 0.4927772221067874
    },
    "4": {
      "median_abs_epsilon": 0.20529842376708984,
      "mean_abs_epsilon": 0.3241438760877961,
      "variance_epsilon": 0.2605913941331238,
      "nr_prec": 123369,
      "CV_median": 0.15041868944713604,
      "CV_q75": 0.26519282908463065,
      "CV_q90": 0.4112897160596821,
      "CV_q95": 0.5199025774062035
    },
    "3": {
      "median_abs_epsilon": 0.2136821746826172,
      "mean_abs_epsilon": 0.3458422736013885,
      "variance_epsilon": 0.31547156826994033,
      "nr_prec": 132926,
      "CV_median": 0.15345021767561556,
      "CV_q75": 0.27152171130939207,
      "CV_q90": 0.4229235848765826,
      "CV_q95": 0.5356223330276022
    },
    "2": {
      "median_abs_epsilon": 0.21680068969726562,
      "mean_abs_epsilon": 0.3561363200291892,
      "variance_epsilon": 0.3517338785469268,
      "nr_prec": 138275,
      "CV_median": 0.1543846874577401,
      "CV_q75": 0.2735404981490499,
      "CV_q90": 0.42670916517563695,
      "CV_q95": 0.5417836893111445
    },
    "1": {
      "median_abs_epsilon": 0.21680068969726562,
      "mean_abs_epsilon": 0.3561363200291892,
      "variance_epsilon": 0.35173387854692684,
      "nr_prec": 140945,
      "CV_median": 0.1543846874577401,
      "CV_q75": 0.2735404981490499,
      "CV_q90": 0.42670916517563695,
      "CV_q95": 0.5417836893111445
    }
  },
  "median_abs_epsilon": 0.2136821746826172,
  "mean_abs_epsilon": 0.3458422736013885,
  "nr_prec": 132926,
  "comments": "",
  "proteobench_version": "0.10.4",
  "color": "#d42f2f",
  "hover_text": "ProteoBench ID: DIA-NN_20260107_154840<br>Software tool: DIA-NN <br>Comment (private submission): ...",
  "scatter_size": 20,
  "fixed_mods": "unimod4",
  "variable_mods": "UniMod:35/15.994915/M,UniMod:1/42.010565/*n",
  "max_mods": "1",
  "min_precursor_charge": "1",
  "max_precursor_charge": "5",
  "quantification_method": "QuantUMS high-precision",
  "protein_inference": "Genes",
  "abundance_normalization_ions": null,
  "submission_comments": "\n\n ### Parameter changes detected:\n- **ident_fdr_protein**: `None` \u2192 `nan`\n- **ident_fdr_peptide**: `None` \u2192 `nan`\n\nDataset URL: https://proteobench.cubimed.rub.de/datasets/89d17cd4c12c9d16281960abd12c3e59706921bc/",
  "min_precursor_mz": "380",
  "max_precursor_mz": "980",
  "min_fragment_mz": "50",
  "max_fragment_mz": "2000",
  "predictors_library": "{'RT': 'DIANN', 'IM': 'DIANN', 'MS2_int': 'DIANN'}",
  "scan_window": "6"
}