{
  "id": "FragPipe (DIA-NN quant)_20260428_144834",
  "software_name": "FragPipe (DIA-NN quant)",
  "software_version": "24.0",
  "search_engine": "MSFragger",
  "search_engine_version": "4.4",
  "ident_fdr_psm": 0.01,
  "ident_fdr_peptide": NaN,
  "ident_fdr_protein": 0.01,
  "enable_match_between_runs": false,
  "precursor_mass_tolerance": "[-20 ppm, 20 ppm]",
  "fragment_mass_tolerance": "[-20 ppm, 20 ppm]",
  "enzyme": "Trypsin/P",
  "allowed_miscleavages": 2,
  "min_peptide_length": 7,
  "max_peptide_length": 30,
  "is_temporary": false,
  "intermediate_hash": "8aa05b0d4736dd41d37a9ac367a9b54708a7f8b0",
  "results": {
    "6": {
      "median_abs_epsilon_global": 0.16034667888353304,
      "median_abs_epsilon_eq_species": 0.18211562925165983,
      "median_abs_epsilon_ECOLI": 0.22026305963801196,
      "median_abs_epsilon_HUMAN": 0.1541426191439772,
      "median_abs_epsilon_YEAST": 0.17194120897299037,
      "mean_abs_epsilon_global": 0.2442873812343235,
      "mean_abs_epsilon_eq_species": 0.27682074469919016,
      "mean_abs_epsilon_ECOLI": 0.3419672033655584,
      "mean_abs_epsilon_HUMAN": 0.23684878424284236,
      "mean_abs_epsilon_YEAST": 0.2516462464891696,
      "median_log2_empirical_ECOLI": -1.8815733711501696,
      "median_log2_empirical_HUMAN": -0.045135231448309554,
      "median_log2_empirical_YEAST": 0.9237883148380561,
      "median_abs_epsilon_precision_global": 0.1560285944844786,
      "median_abs_epsilon_precision_eq_species": 0.17074085172754425,
      "median_abs_epsilon_precision_ECOLI": 0.19782478474520193,
      "median_abs_epsilon_precision_HUMAN": 0.1522492359466714,
      "median_abs_epsilon_precision_YEAST": 0.1621485344907594,
      "mean_log2_empirical_ECOLI": -1.8151691228278686,
      "mean_log2_empirical_HUMAN": -0.08477951054834959,
      "mean_log2_empirical_YEAST": 0.8989318648638469,
      "mean_abs_epsilon_precision_global": 0.24074887055169789,
      "mean_abs_epsilon_precision_eq_species": 0.2679076901324346,
      "mean_abs_epsilon_precision_ECOLI": 0.32585642156273975,
      "mean_abs_epsilon_precision_HUMAN": 0.2355861559040486,
      "mean_abs_epsilon_precision_YEAST": 0.24228049293051535,
      "CV_median": 0.12058183102354694,
      "CV_q75": 0.21065578896251497,
      "CV_q90": 0.328849806457448,
      "CV_q95": 0.41560392874698904,
      "variance_epsilon_global": 0.13162910113559623,
      "nr_feature": 66585,
      "roc_auc": 0.9490645022215618
    },
    "5": {
      "median_abs_epsilon_global": 0.17380927019291903,
      "median_abs_epsilon_eq_species": 0.2048515940853095,
      "median_abs_epsilon_ECOLI": 0.25879818418013034,
      "median_abs_epsilon_HUMAN": 0.16546462490279623,
      "median_abs_epsilon_YEAST": 0.19029197317300195,
      "mean_abs_epsilon_global": 0.273281569550824,
      "mean_abs_epsilon_eq_species": 0.31820933372742893,
      "mean_abs_epsilon_ECOLI": 0.4083112047386186,
      "mean_abs_epsilon_HUMAN": 0.2609208263656443,
      "mean_abs_epsilon_YEAST": 0.2853959700780238,
      "median_log2_empirical_ECOLI": -1.8479349926477457,
      "median_log2_empirical_HUMAN": -0.04793511431378761,
      "median_log2_empirical_YEAST": 0.9176413694292567,
      "median_abs_epsilon_precision_global": 0.17025958293064392,
      "median_abs_epsilon_precision_eq_species": 0.19533005315139995,
      "median_abs_epsilon_precision_ECOLI": 0.2404684286448333,
      "median_abs_epsilon_precision_HUMAN": 0.16344668387746886,
      "median_abs_epsilon_precision_YEAST": 0.1820750469318977,
      "mean_log2_empirical_ECOLI": -1.7629724758417222,
      "mean_log2_empirical_HUMAN": -0.09414665026722639,
      "mean_log2_empirical_YEAST": 0.8856005791482479,
      "mean_abs_epsilon_precision_global": 0.269776999126814,
      "mean_abs_epsilon_precision_eq_species": 0.3082968506961506,
      "mean_abs_epsilon_precision_ECOLI": 0.3887726690611129,
      "mean_abs_epsilon_precision_HUMAN": 0.26016678667686755,
      "mean_abs_epsilon_precision_YEAST": 0.2759510963504714,
      "CV_median": 0.12839234419364098,
      "CV_q75": 0.22773447590200668,
      "CV_q90": 0.3594840582767664,
      "CV_q95": 0.45751999283593103,
      "variance_epsilon_global": 0.17017703482892,
      "nr_feature": 76088,
      "roc_auc": 0.9316946485963367
    },
    "4": {
      "median_abs_epsilon_global": 0.18259161347666364,
      "median_abs_epsilon_eq_species": 0.2230378122663419,
      "median_abs_epsilon_ECOLI": 0.29557177422721104,
      "median_abs_epsilon_HUMAN": 0.17172393827968158,
      "median_abs_epsilon_YEAST": 0.20181772429213307,
      "mean_abs_epsilon_global": 0.29629235346111704,
      "mean_abs_epsilon_eq_species": 0.35601772545157423,
      "mean_abs_epsilon_ECOLI": 0.47971895839331746,
      "mean_abs_epsilon_HUMAN": 0.2784693437571831,
      "mean_abs_epsilon_YEAST": 0.3098648742042222,
      "median_log2_empirical_ECOLI": -1.8169821182640664,
      "median_log2_empirical_HUMAN": -0.05018083110973137,
      "median_log2_empirical_YEAST": 0.9141931379212966,
      "median_abs_epsilon_precision_global": 0.17890615847344193,
      "median_abs_epsilon_precision_eq_species": 0.21602682149162344,
      "median_abs_epsilon_precision_ECOLI": 0.28384315018644557,
      "median_abs_epsilon_precision_HUMAN": 0.17014872769934186,
      "median_abs_epsilon_precision_YEAST": 0.1940885865890829,
      "mean_log2_empirical_ECOLI": -1.7053798643940985,
      "mean_log2_empirical_HUMAN": -0.10147683870750965,
      "mean_log2_empirical_YEAST": 0.8768824251864784,
      "mean_abs_epsilon_precision_global": 0.2927592549088407,
      "mean_abs_epsilon_precision_eq_species": 0.34483675863237256,
      "mean_abs_epsilon_precision_ECOLI": 0.45600901188230614,
      "mean_abs_epsilon_precision_HUMAN": 0.2782331713781804,
      "mean_abs_epsilon_precision_YEAST": 0.30026809263663123,
      "CV_median": 0.13123866669549264,
      "CV_q75": 0.23410185501422337,
      "CV_q90": 0.37086261982435653,
      "CV_q95": 0.47285175981425365,
      "variance_epsilon_global": 0.20804277966519108,
      "nr_feature": 80573,
      "roc_auc": 0.9182405297331238
    },
    "3": {
      "median_abs_epsilon_global": 0.18601736810754588,
      "median_abs_epsilon_eq_species": 0.22821782487843598,
      "median_abs_epsilon_ECOLI": 0.30341736414607823,
      "median_abs_epsilon_HUMAN": 0.17437158937921104,
      "median_abs_epsilon_YEAST": 0.20686452111001863,
      "mean_abs_epsilon_global": 0.30443634217307597,
      "mean_abs_epsilon_eq_species": 0.3669711137541736,
      "mean_abs_epsilon_ECOLI": 0.4951782941046177,
      "mean_abs_epsilon_HUMAN": 0.2852881892513314,
      "mean_abs_epsilon_YEAST": 0.3204468579065717,
      "median_log2_empirical_ECOLI": -1.8103734816178445,
      "median_log2_empirical_HUMAN": -0.05054581284405657,
      "median_log2_empirical_YEAST": 0.9112324159920249,
      "median_abs_epsilon_precision_global": 0.1820959870875658,
      "median_abs_epsilon_precision_eq_species": 0.22123683458919205,
      "median_abs_epsilon_precision_ECOLI": 0.2927615812891906,
      "median_abs_epsilon_precision_HUMAN": 0.1726036145973211,
      "median_abs_epsilon_precision_YEAST": 0.19834530788106441,
      "mean_log2_empirical_ECOLI": -1.6896246101490016,
      "mean_log2_empirical_HUMAN": -0.1020671633942552,
      "mean_log2_empirical_YEAST": 0.8692451889695089,
      "mean_abs_epsilon_precision_global": 0.30086952099626324,
      "mean_abs_epsilon_precision_eq_species": 0.35576873015617944,
      "mean_abs_epsilon_precision_ECOLI": 0.4714566825145413,
      "mean_abs_epsilon_precision_HUMAN": 0.28502874162507963,
      "mean_abs_epsilon_precision_YEAST": 0.3108207663289175,
      "CV_median": 0.13233703434751048,
      "CV_q75": 0.23656091403642177,
      "CV_q90": 0.37556584951523925,
      "CV_q95": 0.4797970913172371,
      "variance_epsilon_global": 0.22117904010641073,
      "nr_feature": 83123,
      "roc_auc": 0.9127216654789074
    },
    "2": {
      "median_abs_epsilon_global": 0.18705276709837992,