{
  "old_new": "new",
  "id": "DIA-NN_20250718_140807",
  "software_name": "DIA-NN",
  "software_version": "2.2.0 Academia ",
  "search_engine": "DIA-NN",
  "search_engine_version": "2.2.0 Academia ",
  "ident_fdr_psm": "0.01",
  "ident_fdr_peptide": NaN,
  "ident_fdr_protein": NaN,
  "enable_match_between_runs": false,
  "precursor_mass_tolerance": "[-7.0 ppm, 7.0 ppm]",
  "fragment_mass_tolerance": "[-3.0 ppm, 3.0 ppm]",
  "enzyme": "Trypsin/P",
  "allowed_miscleavages": "1",
  "min_peptide_length": "6",
  "max_peptide_length": "30",
  "is_temporary": false,
  "intermediate_hash": "938e2b0d41449f269c35cbd2afd3a4151009100f",
  "results": {
    "6": {
      "median_abs_epsilon": 0.18091201782226562,
      "mean_abs_epsilon": 0.2818295157587545,
      "variance_epsilon": 0.1865414223356771,
      "nr_prec": 75149,
      "CV_median": 0.1313054901062331,
      "CV_q75": 0.23283317740531773,
      "CV_q90": 0.36321321102437315,
      "CV_q95": 0.4594062374427357
    },
    "5": {
      "median_abs_epsilon": 0.20300579071044922,
      "mean_abs_epsilon": 0.32105950216271706,
      "variance_epsilon": 0.246776805632509,
      "nr_prec": 92424,
      "CV_median": 0.14559926033661919,
      "CV_q75": 0.2622120637277492,
      "CV_q90": 0.41221332228400165,
      "CV_q95": 0.5264553045828954
    },
    "4": {
      "median_abs_epsilon": 0.22396087646484375,
      "mean_abs_epsilon": 0.36635234932556565,
      "variance_epsilon": 0.3480387258448675,
      "nr_prec": 105141,
      "CV_median": 0.15273493922807377,
      "CV_q75": 0.2772114198787952,
      "CV_q90": 0.4389885996123273,
      "CV_q95": 0.5631001404157154
    },
    "3": {
      "median_abs_epsilon": 0.2368907928466797,
      "mean_abs_epsilon": 0.39698329694191614,
      "variance_epsilon": 0.4312557041196762,
      "nr_prec": 115866,
      "CV_median": 0.1570774647743039,
      "CV_q75": 0.28628042043822144,
      "CV_q90": 0.45487724619409065,
      "CV_q95": 0.5846121475066703
    },
    "2": {
      "median_abs_epsilon": 0.2431020736694336,
      "mean_abs_epsilon": 0.41525898007238543,
      "variance_epsilon": 0.5011917092957965,
      "nr_prec": 123271,
      "CV_median": 0.158452343640464,
      "CV_q75": 0.2897791725158918,
      "CV_q90": 0.4619329349660735,
      "CV_q95": 0.5956754039221989
    },
    "1": {
      "median_abs_epsilon": 0.2431020736694336,
      "mean_abs_epsilon": 0.41525898007238543,
      "variance_epsilon": 0.5011917092957965,
      "nr_prec": 127721,
      "CV_median": 0.158452343640464,
      "CV_q75": 0.2897791725158918,
      "CV_q90": 0.4619329349660735,
      "CV_q95": 0.5956754039221989
    }
  },
  "median_abs_epsilon": 0.2368907928466797,
  "mean_abs_epsilon": 0.39698329694191614,
  "nr_prec": 115866,
  "comments": "",
  "proteobench_version": "0.8.29",
  "color": "#d42f2f",
  "hover_text": "ProteoBench ID: DIA-NN_20250718_140807<br>Software tool: DIA-NN <br>Comment (private submission): ...",
  "scatter_size": 20,
  "fixed_mods": "unimod4",
  "variable_mods": "UniMod:35/15.994915/M,UniMod:1/42.010565/*n",
  "max_mods": "1",
  "min_precursor_charge": "1",
  "max_precursor_charge": "5",
  "quantification_method": "QuantUMS high-accuracy",
  "protein_inference": "1",
  "abundance_normalization_ions": "RT-dependent",
  "submission_comments": "Scoring : peptidoforms\nProteotypicity : Protein names from Fasta\nLibrary Generation : Ids, RT & IM profiling\nSpeed and Ram usage : Optimal result\n\n\n ### Parameter changes detected:\n- **max_precursor_charge**: `None` \u2192 `5`\n- **abundance_normalization_ions**: `None` \u2192 `RT-dependent`\n- **ident_fdr_peptide**: `None` \u2192 `nan`\n- **min_precursor_charge**: `None` \u2192 `1`\n- **min_peptide_length**: `None` \u2192 `6`\n- **ident_fdr_protein**: `None` \u2192 `nan`\n- **max_peptide_length**: `None` \u2192 `30`\n\nDataset URL: https://proteobench.cubimed.rub.de/datasets/938e2b0d41449f269c35cbd2afd3a4151009100f/"
}