{
  "old_new": "new",
  "id": "DIA-NN_20251027_120524",
  "software_name": "DIA-NN",
  "software_version": "2.3.0 Academia ",
  "search_engine": "DIA-NN",
  "search_engine_version": "2.3.0 Academia ",
  "ident_fdr_psm": 0.01,
  "ident_fdr_peptide": NaN,
  "ident_fdr_protein": NaN,
  "enable_match_between_runs": true,
  "precursor_mass_tolerance": "[-2.5 ppm, 2.5 ppm]",
  "fragment_mass_tolerance": "[-4.6 ppm, 4.6 ppm]",
  "enzyme": "K*,R*,P*",
  "allowed_miscleavages": 1,
  "min_peptide_length": 6,
  "max_peptide_length": 30,
  "is_temporary": false,
  "intermediate_hash": "9493bbefad9fd38b6ac287b9a0b8c51c495b4fa5",
  "results": {
    "6": {
      "median_abs_epsilon_global": 0.1750011444091797,
      "median_abs_epsilon_eq_species": 0.1886905034383138,
      "median_abs_epsilon_ECOLI": 0.2142200469970703,
      "median_abs_epsilon_HUMAN": 0.1721820831298828,
      "median_abs_epsilon_YEAST": 0.17966938018798828,
      "mean_abs_epsilon_global": 0.2520452680722089,
      "mean_abs_epsilon_eq_species": 0.26784272126176134,
      "mean_abs_epsilon_ECOLI": 0.3007584943734541,
      "mean_abs_epsilon_HUMAN": 0.24926671006368437,
      "mean_abs_epsilon_YEAST": 0.25350295934814554,
      "median_log2_empirical_ECOLI": -1.8670101165771484,
      "median_log2_empirical_HUMAN": 0.016150474548339844,
      "median_log2_empirical_YEAST": 1.001267433166504,
      "median_abs_epsilon_precision_global": 0.1724863052368164,
      "median_abs_epsilon_precision_eq_species": 0.18053817749023438,
      "median_abs_epsilon_precision_ECOLI": 0.19214153289794922,
      "median_abs_epsilon_precision_HUMAN": 0.16984844207763672,
      "median_abs_epsilon_precision_YEAST": 0.1796245574951172,
      "mean_log2_empirical_ECOLI": -1.8241998193807123,
      "mean_log2_empirical_HUMAN": -0.01375955626863216,
      "mean_log2_empirical_YEAST": 0.9795441512975291,
      "mean_abs_epsilon_precision_global": 0.25211801589194865,
      "mean_abs_epsilon_precision_eq_species": 0.2603884099678259,
      "mean_abs_epsilon_precision_ECOLI": 0.2764965431330638,
      "mean_abs_epsilon_precision_HUMAN": 0.2503272032970983,
      "mean_abs_epsilon_precision_YEAST": 0.25434148347331553,
      "CV_median": 0.1380959533428665,
      "CV_q75": 0.23399584692401282,
      "CV_q90": 0.3526296443628839,
      "CV_q95": 0.43653177418991096,
      "roc_auc": 0.9571856683087923,
      "roc_auc_directional": 0.9813081716132689,
      "nr_prec": 69580,
      "nr_prec_HUMAN": 52834,
      "nr_prec_YEAST": 14156,
      "nr_prec_ECOLI": 2590,
      "variance_epsilon_global": 0.13898646629277162
    },
    "5": {
      "median_abs_epsilon_global": 0.19237995147705078,
      "median_abs_epsilon_eq_species": 0.21681737899780273,
      "median_abs_epsilon_ECOLI": 0.2594470977783203,
      "median_abs_epsilon_HUMAN": 0.18589496612548828,
      "median_abs_epsilon_YEAST": 0.2051100730895996,
      "mean_abs_epsilon_global": 0.28569574910862455,
      "mean_abs_epsilon_eq_species": 0.3189980182542886,
      "mean_abs_epsilon_ECOLI": 0.3818624604678323,
      "mean_abs_epsilon_HUMAN": 0.27634278776275284,
      "mean_abs_epsilon_YEAST": 0.2987888065322806,
      "median_log2_empirical_ECOLI": -1.8218955993652344,
      "median_log2_empirical_HUMAN": 0.01558685302734375,
      "median_log2_empirical_YEAST": 0.9840259552001953,
      "median_abs_epsilon_precision_global": 0.19042396545410156,
      "median_abs_epsilon_precision_eq_species": 0.2089687983194987,
      "median_abs_epsilon_precision_ECOLI": 0.23630905151367188,
      "median_abs_epsilon_precision_HUMAN": 0.18437767028808594,
      "median_abs_epsilon_precision_YEAST": 0.20621967315673828,
      "mean_log2_empirical_ECOLI": -1.7396815693632086,
      "mean_log2_empirical_HUMAN": -0.014985652023326128,
      "mean_log2_empirical_YEAST": 0.9488282686153258,
      "mean_abs_epsilon_precision_global": 0.28545260495935276,
      "mean_abs_epsilon_precision_eq_species": 0.3092188437315993,
      "mean_abs_epsilon_precision_ECOLI": 0.3500049934839652,
      "mean_abs_epsilon_precision_HUMAN": 0.27742597751046905,
      "mean_abs_epsilon_precision_YEAST": 0.30022556020036373,
      "CV_median": 0.14888494985076348,
      "CV_q75": 0.2562260098880761,
      "CV_q90": 0.3904405994104241,
      "CV_q95": 0.4892819981622706,
      "roc_auc": 0.9338056951328229,
      "roc_auc_directional": 0.9679764667236994,
      "nr_prec": 82770,
      "nr_prec_HUMAN": 61327,
      "nr_prec_YEAST": 17918,
      "nr_prec_ECOLI": 3525,
      "variance_epsilon_global": 0.18552811635389627
    },
    "4": {
      "median_abs_epsilon_global": 0.20750808715820312,
      "median_abs_epsilon_eq_species": 0.24827210108439127,
      "median_abs_epsilon_ECOLI": 0.32025814056396484,
      "median_abs_epsilon_HUMAN": 0.19643545150756836,
      "median_abs_epsilon_YEAST": 0.22812271118164062,
      "mean_abs_epsilon_global": 0.3234925143838024,
      "mean_abs_epsilon_eq_species": 0.38571182354169425,
      "mean_abs_epsilon_ECOLI": 0.5044790863990783,
      "mean_abs_epsilon_HUMAN": 0.30273888410240885,
      "mean_abs_epsilon_YEAST": 0.3499175001235955,
      "median_log2_empirical_ECOLI": -1.758458137512207,
      "median_log2_empirical_HUMAN": 0.015469551086425781,
      "median_log2_empirical_YEAST": 0.9696407318115234,
      "median_abs_epsilon_precision_global": 0.2067241668701172,
      "median_abs_epsilon_precision_eq_species": 0.24074840545654297,
      "median_abs_epsilon_precision_ECOLI": 0.2976837158203125,
      "median_abs_epsilon_precision_HUMAN": 0.19487667083740234,
      "median_abs_epsilon_precision_YEAST": 0.22968482971191406,
      "mean_log2_empirical_ECOLI": -1.6311416753478671,
      "mean_log2_empirical_HUMAN": -0.015821718718308245,
      "mean_log2_empirical_YEAST": 0.9192379990612316,
      "mean_abs_epsilon_precision_global": 0.322432340190223,
      "mean_abs_epsilon_precision_eq_species": 0.37134784161955103,
      "mean_abs_epsilon_precision_ECOLI": 0.45825445848507335,
      "mean_abs_epsilon_precision_HUMAN": 0.30384341830055417,
      "mean_abs_epsilon_precision_YEAST": 0.35194564807302575,
      "CV_median": 0.15430409237385018,
      "CV_q75": 0.2672800644364901,
      "CV_q90": 0.4094208887139315,
      "CV_q95": 0.5153537684356561,
      "roc_auc": 0.9110989382611221,
      "roc_auc_directional": 0.9469594319190837,
      "nr_prec": 91747,
      "nr_prec_HUMAN": 66458,
      "nr_prec_YEAST": 20689,
      "nr_prec_ECOLI": 4600,
      "variance_epsilon_global": 0.2610073724366374
    },
    "3": {
      "median_abs_epsilon_global": 0.21515560150146484,
      "median_abs_epsilon_eq_species": 0.2579317092895508,
      "median_abs_epsilon_ECOLI": 0.33119678497314453,
      "median_abs_epsilon_HUMAN": 0.20313262939453125,
      "median_abs_epsilon_YEAST": 0.23946571350097656,
      "mean_abs_epsilon_global": 0.3434461603018052,
      "mean_abs_epsilon_eq_species": 0.40906991071554505,
      "mean_abs_epsilon_ECOLI": 0.5302194981347947,
      "mean_abs_epsilon_HUMAN": 0.31999114605147566,
      "mean_abs_epsilon_YEAST": 0.3769990879603646,
      "median_log2_empirical_ECOLI": -1.7457056045532227,
      "median_log2_empirical_HUMAN": 0.015824317932128906,
      "median_log2_empirical_YEAST": 0.9626827239990234,
      "median_abs_epsilon_precision_global": 0.21458101272583008,
      "median_abs_epsilon_precision_eq_species": 0.2504119873046875,
      "median_abs_epsilon_precision_ECOLI": 0.30809688568115234,
      "median_abs_epsilon_precision_HUMAN": 0.20134258270263672,
      "median_abs_epsilon_precision_YEAST": 0.24179649353027344,
      "mean_log2_empirical_ECOLI": -1.6067797902561771,
      "mean_log2_empirical_HUMAN": -0.013775555391095503,
      "mean_log2_empirical_YEAST": 0.9069828806982134,
      "mean_abs_epsilon_precision_global": 0.34219676840776253,
      "mean_abs_epsilon_precision_eq_species": 0.3941725883593141,
      "mean_abs_epsilon_precision_ECOLI": 0.48266353729562295,
      "mean_abs_epsilon_precision_HUMAN": 0.32090285037818767,