{
  "old_new": "new",
  "id": "DIA-NN_20251027_120524",
  "software_name": "DIA-NN",
  "software_version": "2.3.0 Academia ",
  "search_engine": "DIA-NN",
  "search_engine_version": "2.3.0 Academia ",
  "ident_fdr_psm": "0.01",
  "ident_fdr_peptide": NaN,
  "ident_fdr_protein": NaN,
  "enable_match_between_runs": true,
  "precursor_mass_tolerance": "[-2.5 ppm, 2.5 ppm]",
  "fragment_mass_tolerance": "[-4.6 ppm, 4.6 ppm]",
  "enzyme": "K*,R*,P*",
  "allowed_miscleavages": "1",
  "min_peptide_length": "6",
  "max_peptide_length": "30",
  "is_temporary": false,
  "intermediate_hash": "9493bbefad9fd38b6ac287b9a0b8c51c495b4fa5",
  "results": {
    "6": {
      "median_abs_epsilon": 0.17551040649414062,
      "mean_abs_epsilon": 0.2534392897172802,
      "variance_epsilon": 0.14139784970607716,
      "nr_prec": 70365,
      "CV_median": 0.13724144710970163,
      "CV_q75": 0.23314417978053267,
      "CV_q90": 0.3516870694291277,
      "CV_q95": 0.4354777341572049
    },
    "5": {
      "median_abs_epsilon": 0.19269466400146484,
      "mean_abs_epsilon": 0.28673898460428426,
      "variance_epsilon": 0.18748191963812133,
      "nr_prec": 83611,
      "CV_median": 0.14817822519638085,
      "CV_q75": 0.2554178014993421,
      "CV_q90": 0.3894913742337715,
      "CV_q95": 0.48837851670520643
    },
    "4": {
      "median_abs_epsilon": 0.20772933959960938,
      "mean_abs_epsilon": 0.324245440658094,
      "variance_epsilon": 0.26256194492011925,
      "nr_prec": 92615,
      "CV_median": 0.15345892754181245,
      "CV_q75": 0.2663097496183532,
      "CV_q90": 0.4082944327352977,
      "CV_q95": 0.5141306054859709
    },
    "3": {
      "median_abs_epsilon": 0.215301513671875,
      "mean_abs_epsilon": 0.3440257291943636,
      "variance_epsilon": 0.30788070084202435,
      "nr_prec": 99299,
      "CV_median": 0.15631285990790253,
      "CV_q75": 0.2724662917188833,
      "CV_q90": 0.4183756797836737,
      "CV_q95": 0.5294952672589852
    },
    "2": {
      "median_abs_epsilon": 0.21837282180786133,
      "mean_abs_epsilon": 0.3531401281111871,
      "variance_epsilon": 0.3386129554972158,
      "nr_prec": 103015,
      "CV_median": 0.1570426537323338,
      "CV_q75": 0.274417265183306,
      "CV_q90": 0.4222595945950779,
      "CV_q95": 0.5356832782069003
    },
    "1": {
      "median_abs_epsilon": 0.21837282180786133,
      "mean_abs_epsilon": 0.3531401281111871,
      "variance_epsilon": 0.3386129554972158,
      "nr_prec": 104848,
      "CV_median": 0.1570426537323338,
      "CV_q75": 0.274417265183306,
      "CV_q90": 0.4222595945950779,
      "CV_q95": 0.5356832782069003
    }
  },
  "median_abs_epsilon": 0.215301513671875,
  "mean_abs_epsilon": 0.3440257291943636,
  "nr_prec": 99299,
  "comments": "",
  "proteobench_version": "0.10.3",
  "color": "#d42f2f",
  "hover_text": "ProteoBench ID: DIA-NN_20251027_120524<br>Software tool: DIA-NN <br>Comment (private submission): ...",
  "scatter_size": 20,
  "fixed_mods": "unimod4",
  "variable_mods": "UniMod:35/15.994915/M,UniMod:1/42.010565/*n",
  "max_mods": "1",
  "min_precursor_charge": "1",
  "max_precursor_charge": "5",
  "quantification_method": "QuantUMS high-precision",
  "protein_inference": "Genes",
  "abundance_normalization_ions": null,
  "submission_comments": "Resubmission of 9799500b32a798308dd7eaa9dbd3a5520a762ac1 after changing quant column from Precursor.Quantity -> Precursor.Normalised\n\n ### Parameter changes detected:\n- **ident_fdr_protein**: `None` \u2192 `nan`\n- **ident_fdr_peptide**: `None` \u2192 `nan`\n\nDataset URL: https://proteobench.cubimed.rub.de/datasets/9493bbefad9fd38b6ac287b9a0b8c51c495b4fa5/",
  "min_precursor_mz": "380",
  "max_precursor_mz": "980",
  "min_fragment_mz": "150",
  "max_fragment_mz": "2000",
  "predictors_library": "{'RT': 'DIANN', 'IM': 'DIANN', 'MS2_int': 'DIANN'}",
  "scan_window": "5"
}