{
  "old_new": "new",
  "id": "DIA-NN_20251027_120524",
  "software_name": "DIA-NN",
  "software_version": "2.3.0 Academia ",
  "search_engine": "DIA-NN",
  "search_engine_version": "2.3.0 Academia ",
  "ident_fdr_psm": 0.01,
  "ident_fdr_peptide": NaN,
  "ident_fdr_protein": NaN,
  "enable_match_between_runs": true,
  "precursor_mass_tolerance": "[-2.5 ppm, 2.5 ppm]",
  "fragment_mass_tolerance": "[-4.6 ppm, 4.6 ppm]",
  "enzyme": "K*,R*,P*",
  "allowed_miscleavages": 1,
  "min_peptide_length": 6,
  "max_peptide_length": 30,
  "is_temporary": false,
  "intermediate_hash": "9493bbefad9fd38b6ac287b9a0b8c51c495b4fa5",
  "results": {
    "6": {
      "median_abs_epsilon_global": 0.1750011444091797,
      "median_abs_epsilon_eq_species": 0.1886905034383138,
      "median_abs_epsilon_ECOLI": 0.2142200469970703,
      "median_abs_epsilon_HUMAN": 0.1721820831298828,
      "median_abs_epsilon_YEAST": 0.17966938018798828,
      "mean_abs_epsilon_global": 0.25204526737319494,
      "mean_abs_epsilon_eq_species": 0.26784271992085334,
      "mean_abs_epsilon_ECOLI": 0.3007584910595279,
      "mean_abs_epsilon_HUMAN": 0.2492667092875176,
      "mean_abs_epsilon_YEAST": 0.2535029594155145,
      "median_log2_empirical_ECOLI": -1.8670101165771484,
      "median_log2_empirical_HUMAN": 0.016150474548339844,
      "median_log2_empirical_YEAST": 1.001267433166504,
      "median_abs_epsilon_precision_global": 0.1724863052368164,
      "median_abs_epsilon_precision_eq_species": 0.18053817749023438,
      "median_abs_epsilon_precision_ECOLI": 0.19214153289794922,
      "median_abs_epsilon_precision_HUMAN": 0.16984844207763672,
      "median_abs_epsilon_precision_YEAST": 0.1796245574951172,
      "mean_log2_empirical_ECOLI": -1.824199815330358,
      "mean_log2_empirical_HUMAN": -0.013759557694612989,
      "mean_log2_empirical_YEAST": 0.9795441524428006,
      "mean_abs_epsilon_precision_global": 0.25211801524616256,
      "mean_abs_epsilon_precision_eq_species": 0.2603884079806607,
      "mean_abs_epsilon_precision_ECOLI": 0.27649653735821694,
      "mean_abs_epsilon_precision_HUMAN": 0.2503272025903726,
      "mean_abs_epsilon_precision_YEAST": 0.2543414839933925,
      "CV_median": 0.1380959533428665,
      "CV_q75": 0.23399584692401282,
      "CV_q90": 0.3526296443628839,
      "CV_q95": 0.43653177418991096,
      "roc_auc": 0.9571856694390446,
      "roc_auc_directional": 0.9813081706104854,
      "nr_prec": 69580,
      "nr_prec_HUMAN": 52834,
      "nr_prec_YEAST": 14156,
      "nr_prec_ECOLI": 2590,
      "variance_epsilon_global": 0.13898646654770908
    },
    "5": {
      "median_abs_epsilon_global": 0.19237995147705078,
      "median_abs_epsilon_eq_species": 0.21681737899780273,
      "median_abs_epsilon_ECOLI": 0.2594470977783203,
      "median_abs_epsilon_HUMAN": 0.18589496612548828,
      "median_abs_epsilon_YEAST": 0.2051100730895996,
      "mean_abs_epsilon_global": 0.2856957481407782,
      "mean_abs_epsilon_eq_species": 0.31899801678342465,
      "mean_abs_epsilon_ECOLI": 0.38186245749182735,
      "mean_abs_epsilon_HUMAN": 0.276342786751961,
      "mean_abs_epsilon_YEAST": 0.2987888061064856,
      "median_log2_empirical_ECOLI": -1.8218955993652344,
      "median_log2_empirical_HUMAN": 0.01558685302734375,
      "median_log2_empirical_YEAST": 0.9840259552001953,
      "median_abs_epsilon_precision_global": 0.19042396545410156,
      "median_abs_epsilon_precision_eq_species": 0.2089687983194987,
      "median_abs_epsilon_precision_ECOLI": 0.23630905151367188,
      "median_abs_epsilon_precision_HUMAN": 0.18437767028808594,
      "median_abs_epsilon_precision_YEAST": 0.20621967315673828,
      "mean_log2_empirical_ECOLI": -1.739681568010479,
      "mean_log2_empirical_HUMAN": -0.014985653096320533,
      "mean_log2_empirical_YEAST": 0.948828269786262,
      "mean_abs_epsilon_precision_global": 0.2854526040287071,
      "mean_abs_epsilon_precision_eq_species": 0.30921884205988065,
      "mean_abs_epsilon_precision_ECOLI": 0.35000498966408733,
      "mean_abs_epsilon_precision_HUMAN": 0.27742597653953033,
      "mean_abs_epsilon_precision_YEAST": 0.3002255599760242,
      "CV_median": 0.14888494985076348,
      "CV_q75": 0.2562260098880761,
      "CV_q90": 0.3904405994104241,
      "CV_q95": 0.4892819981622706,
      "roc_auc": 0.933805695893259,
      "roc_auc_directional": 0.9679764669512085,
      "nr_prec": 82770,
      "nr_prec_HUMAN": 61327,
      "nr_prec_YEAST": 17918,
      "nr_prec_ECOLI": 3525,
      "variance_epsilon_global": 0.1855281161151022
    },
    "4": {
      "median_abs_epsilon_global": 0.20750808715820312,
      "median_abs_epsilon_eq_species": 0.24827210108439127,
      "median_abs_epsilon_ECOLI": 0.32025814056396484,
      "median_abs_epsilon_HUMAN": 0.19643545150756836,
      "median_abs_epsilon_YEAST": 0.22812271118164062,
      "mean_abs_epsilon_global": 0.32349251354183894,
      "mean_abs_epsilon_eq_species": 0.3857118224263534,
      "mean_abs_epsilon_ECOLI": 0.5044790843258733,
      "mean_abs_epsilon_HUMAN": 0.30273888319835696,
      "mean_abs_epsilon_YEAST": 0.3499174997548298,
      "median_log2_empirical_ECOLI": -1.758458137512207,
      "median_log2_empirical_HUMAN": 0.015469551086425781,
      "median_log2_empirical_YEAST": 0.9696407318115234,
      "median_abs_epsilon_precision_global": 0.2067241668701172,
      "median_abs_epsilon_precision_eq_species": 0.24074840545654297,
      "median_abs_epsilon_precision_ECOLI": 0.2976837158203125,
      "median_abs_epsilon_precision_HUMAN": 0.19487667083740234,
      "median_abs_epsilon_precision_YEAST": 0.22968482971191406,
      "mean_log2_empirical_ECOLI": -1.6311416749332261,
      "mean_log2_empirical_HUMAN": -0.0158217197371604,
      "mean_log2_empirical_YEAST": 0.9192380001675288,
      "mean_abs_epsilon_precision_global": 0.32243233918165615,
      "mean_abs_epsilon_precision_eq_species": 0.37134783939308963,
      "mean_abs_epsilon_precision_ECOLI": 0.45825445318253594,
      "mean_abs_epsilon_precision_HUMAN": 0.3038434174341222,
      "mean_abs_epsilon_precision_YEAST": 0.3519456475626108,
      "CV_median": 0.15430409237385018,
      "CV_q75": 0.2672800644364901,
      "CV_q90": 0.4094208887139315,
      "CV_q95": 0.5153537684356561,
      "roc_auc": 0.9110989394511333,
      "roc_auc_directional": 0.9469594324645583,
      "nr_prec": 91747,
      "nr_prec_HUMAN": 66458,
      "nr_prec_YEAST": 20689,
      "nr_prec_ECOLI": 4600,
      "variance_epsilon_global": 0.261007372150346
    },
    "3": {
      "median_abs_epsilon_global": 0.21515560150146484,
      "median_abs_epsilon_eq_species": 0.2579323450724284,
      "median_abs_epsilon_ECOLI": 0.33119678497314453,
      "median_abs_epsilon_HUMAN": 0.20313262939453125,
      "median_abs_epsilon_YEAST": 0.23946762084960938,
      "mean_abs_epsilon_global": 0.3434461595159793,
      "mean_abs_epsilon_eq_species": 0.4090699096099904,
      "mean_abs_epsilon_ECOLI": 0.5302194961253671,
      "mean_abs_epsilon_HUMAN": 0.319991145265753,
      "mean_abs_epsilon_YEAST": 0.3769990874388511,
      "median_log2_empirical_ECOLI": -1.7457056045532227,
      "median_log2_empirical_HUMAN": 0.015824317932128906,
      "median_log2_empirical_YEAST": 0.9626827239990234,
      "median_abs_epsilon_precision_global": 0.21458101272583008,
      "median_abs_epsilon_precision_eq_species": 0.2504119873046875,
      "median_abs_epsilon_precision_ECOLI": 0.30809688568115234,
      "median_abs_epsilon_precision_HUMAN": 0.20134258270263672,
      "median_abs_epsilon_precision_YEAST": 0.24179649353027344,
      "mean_log2_empirical_ECOLI": -1.6067797898542917,
      "mean_log2_empirical_HUMAN": -0.013775556369802667,
      "mean_log2_empirical_YEAST": 0.9069828818281593,
      "mean_abs_epsilon_precision_global": 0.3421967674536133,
      "mean_abs_epsilon_precision_eq_species": 0.39417258636114977,
      "mean_abs_epsilon_precision_ECOLI": 0.4826635329624401,
      "mean_abs_epsilon_precision_HUMAN": 0.3209028496487841,