{
  "old_new": "new",
  "id": "DIA-NN_20250926_114222",
  "software_name": "DIA-NN",
  "software_version": "2.3.0 Academia ",
  "search_engine": "DIA-NN",
  "search_engine_version": "2.3.0 Academia ",
  "ident_fdr_psm": "0.01",
  "ident_fdr_peptide": NaN,
  "ident_fdr_protein": NaN,
  "enable_match_between_runs": true,
  "precursor_mass_tolerance": "[-2.5 ppm, 2.5 ppm]",
  "fragment_mass_tolerance": "[-4.6 ppm, 4.6 ppm]",
  "enzyme": "K*,R*,P*",
  "allowed_miscleavages": "1",
  "min_peptide_length": "6",
  "max_peptide_length": "30",
  "is_temporary": false,
  "intermediate_hash": "9799500b32a798308dd7eaa9dbd3a5520a762ac1",
  "results": {
    "6": {
      "median_abs_epsilon": 0.18452835083007812,
      "mean_abs_epsilon": 0.2754695297888514,
      "variance_epsilon": 0.16903036909264535,
      "nr_prec": 70365,
      "CV_median": 0.1365342874130731,
      "CV_q75": 0.23289625336706474,
      "CV_q90": 0.35217278954235254,
      "CV_q95": 0.437287819130057
    },
    "5": {
      "median_abs_epsilon": 0.20211029052734375,
      "mean_abs_epsilon": 0.30812508751570966,
      "variance_epsilon": 0.21585058029557413,
      "nr_prec": 83611,
      "CV_median": 0.1476133852055197,
      "CV_q75": 0.25535453654658047,
      "CV_q90": 0.39004247218850674,
      "CV_q95": 0.48932823938363046
    },
    "4": {
      "median_abs_epsilon": 0.21862411499023438,
      "mean_abs_epsilon": 0.34537762547327044,
      "variance_epsilon": 0.2924466129481775,
      "nr_prec": 92615,
      "CV_median": 0.15271394504675892,
      "CV_q75": 0.26628730587871974,
      "CV_q90": 0.40842434325362464,
      "CV_q95": 0.5152640236477685
    },
    "3": {
      "median_abs_epsilon": 0.22620868682861328,
      "mean_abs_epsilon": 0.3646757870234946,
      "variance_epsilon": 0.3370591557101108,
      "nr_prec": 99299,
      "CV_median": 0.15564456116719838,
      "CV_q75": 0.2725132364708779,
      "CV_q90": 0.419315947354765,
      "CV_q95": 0.5303137168049579
    },
    "2": {
      "median_abs_epsilon": 0.22905349731445312,
      "mean_abs_epsilon": 0.3736136829153541,
      "variance_epsilon": 0.36750230424192165,
      "nr_prec": 103015,
      "CV_median": 0.1565221412652972,
      "CV_q75": 0.2743410102107895,
      "CV_q90": 0.42316161021840115,
      "CV_q95": 0.5363014246875567
    },
    "1": {
      "median_abs_epsilon": 0.22905349731445312,
      "mean_abs_epsilon": 0.3736136829153541,
      "variance_epsilon": 0.36750230424192165,
      "nr_prec": 104848,
      "CV_median": 0.1565221412652972,
      "CV_q75": 0.2743410102107895,
      "CV_q90": 0.42316161021840115,
      "CV_q95": 0.5363014246875567
    }
  },
  "median_abs_epsilon": 0.22620868682861328,
  "mean_abs_epsilon": 0.3646757870234946,
  "nr_prec": 99299,
  "comments": "",
  "proteobench_version": "0.10.0",
  "color": "#d42f2f",
  "hover_text": "ProteoBench ID: DIA-NN_20250926_114222<br>Software tool: DIA-NN <br>Comment (private submission): ...",
  "scatter_size": 20,
  "fixed_mods": "unimod4",
  "variable_mods": "UniMod:35/15.994915/M,UniMod:1/42.010565/*n",
  "max_mods": "1",
  "min_precursor_charge": "1",
  "max_precursor_charge": "5",
  "quantification_method": "QuantUMS high-precision",
  "protein_inference": "Genes",
  "abundance_normalization_ions": null,
  "submission_comments": "\n\n ### Parameter changes detected:\n- **ident_fdr_protein**: `None` \u2192 `nan`\n- **ident_fdr_peptide**: `None` \u2192 `nan`\n\nDataset URL: https://proteobench.cubimed.rub.de/datasets/9799500b32a798308dd7eaa9dbd3a5520a762ac1/",
  "min_precursor_mz": "380",
  "max_precursor_mz": "980",
  "min_fragment_mz": "150",
  "max_fragment_mz": "2000",
  "predictors_library": "{'RT': 'DIANN', 'IM': 'DIANN', 'MS2_int': 'DIANN'}",
  "scan_window": "5"
}