{
  "old_new": "new",
  "id": "FragPipe (DIA-NN quant)_20250715_125850",
  "software_name": "FragPipe (DIA-NN quant)",
  "software_version": "23.0",
  "search_engine": "MSFragger",
  "search_engine_version": "4.3",
  "ident_fdr_psm": "0.01",
  "ident_fdr_peptide": null,
  "ident_fdr_protein": "0.01",
  "enable_match_between_runs": false,
  "precursor_mass_tolerance": "[-20 ppm, 20 ppm]",
  "fragment_mass_tolerance": "[-20 ppm, 20 ppm]",
  "enzyme": "Trypsin/P",
  "allowed_miscleavages": "1",
  "min_peptide_length": "6",
  "max_peptide_length": "30",
  "is_temporary": false,
  "intermediate_hash": "9f066d0d622a34678f61169a248b6a3a5bf34b3d",
  "results": {
    "6": {
      "median_abs_epsilon": 0.17000017922570443,
      "mean_abs_epsilon": 0.2642879411668753,
      "variance_epsilon": 0.1584965634964145,
      "nr_prec": 72479,
      "CV_median": 0.12038392660860917,
      "CV_q75": 0.21009575564032063,
      "CV_q90": 0.32907325030989154,
      "CV_q95": 0.415327387468413
    },
    "5": {
      "median_abs_epsilon": 0.18620051520182201,
      "mean_abs_epsilon": 0.296144986018597,
      "variance_epsilon": 0.2026096655157767,
      "nr_prec": 84351,
      "CV_median": 0.1289169511633131,
      "CV_q75": 0.22968070784787462,
      "CV_q90": 0.36223494062911976,
      "CV_q95": 0.46017007556855366
    },
    "4": {
      "median_abs_epsilon": 0.198021925529563,
      "mean_abs_epsilon": 0.3230068273522978,
      "variance_epsilon": 0.24900961089180942,
      "nr_prec": 90279,
      "CV_median": 0.13220439940154924,
      "CV_q75": 0.23718785697842842,
      "CV_q90": 0.37532127561177997,
      "CV_q95": 0.4785395016521283
    },
    "3": {
      "median_abs_epsilon": 0.2027071471011581,
      "mean_abs_epsilon": 0.3344730891681858,
      "variance_epsilon": 0.26778399838182176,
      "nr_prec": 94090,
      "CV_median": 0.13368232001066033,
      "CV_q75": 0.24051689497125245,
      "CV_q90": 0.3817833771051393,
      "CV_q95": 0.48696396992299384
    },
    "2": {
      "median_abs_epsilon": 0.20428630260360947,
      "mean_abs_epsilon": 0.33887103398514257,
      "variance_epsilon": 0.2758495010119146,
      "nr_prec": 95933,
      "CV_median": 0.13396910624299946,
      "CV_q75": 0.24134612667351912,
      "CV_q90": 0.38328686817715063,
      "CV_q95": 0.4896904020222267
    },
    "1": {
      "median_abs_epsilon": 0.20428630260360947,
      "mean_abs_epsilon": 0.3388710339851425,
      "variance_epsilon": 0.2758495010119145,
      "nr_prec": 96840,
      "CV_median": 0.13396910624299946,
      "CV_q75": 0.24134612667351912,
      "CV_q90": 0.38328686817715063,
      "CV_q95": 0.4896904020222267
    }
  },
  "median_abs_epsilon": 0.2027071471011581,
  "mean_abs_epsilon": 0.3344730891681858,
  "nr_prec": 94090,
  "comments": "",
  "proteobench_version": "0.8.29",
  "color": "#F89008",
  "hover_text": "ProteoBench ID: FragPipe (DIA-NN quant)_20250715_125850<br>Software tool: FragPipe (DIA-NN quant) <br>Comment (private submission): ...",
  "scatter_size": 20,
  "fixed_mods": "0.0,C-Term Peptide,true,-1; 0.0,N-Term Peptide,true,-1; 0.0,C-Term Protein,true,-1; 0.0,N-Term Protein,true,-1; 0.0,G (glycine),true,-1; 0.0,A (alanine),true,-1; 0.0,S (serine),true,-1; 0.0,P (proline),true,-1; 0.0,V (valine),true,-1; 0.0,T (threonine),true,-1; 57.02146,C (cysteine),true,-1; 0.0,L (leucine),true,-1; 0.0,I (isoleucine),true,-1; 0.0,N (asparagine),true,-1; 0.0,D (aspartic acid),true,-1; 0.0,Q (glutamine),true,-1; 0.0,K (lysine),true,-1; 0.0,E (glutamic acid),true,-1; 0.0,M (methionine),true,-1; 0.0,H (histidine),true,-1; 0.0,F (phenylalanine),true,-1; 0.0,R (arginine),true,-1; 0.0,Y (tyrosine),true,-1; 0.0,W (tryptophan),true,-1; 0.0,B ,true,-1; 0.0,J,true,-1; 0.0,O,true,-1; 0.0,U,true,-1; 0.0,X,true,-1; 0.0,Z,true,-1",
  "variable_mods": "15.9949,M,true,1; 42.0106,[^,true,1; 79.96633,STY,false,3; -17.0265,nQnC,false,1; -18.0106,nE,false,1; 0.0,site_06,false,1; 0.0,site_07,false,1; 0.0,site_08,false,1; 0.0,site_09,false,1; 0.0,site_10,false,1; 0.0,site_11,false,1; 0.0,site_12,false,1; 0.0,site_13,false,1; 0.0,site_14,false,1; 0.0,site_15,false,1; 0.0,site_16,false,1",
  "max_mods": "1",
  "min_precursor_charge": "1",
  "max_precursor_charge": null,
  "quantification_method": "Robust LC (high accuracy)",
  "protein_inference": "ProteinProphet: --maxppmdiff 2000000 --minprob 0.5",
  "abundance_normalization_ions": null,
  "submission_comments": "\n\n ### No parameter changes detected. \n\n\nDataset URL: https://proteobench.cubimed.rub.de/datasets/9f066d0d622a34678f61169a248b6a3a5bf34b3d/"
}