{
  "old_new": "new",
  "id": "AlphaDIA_20251017_121403",
  "software_name": "AlphaDIA",
  "software_version": "1.12.1",
  "search_engine": "AlphaDIA",
  "search_engine_version": NaN,
  "ident_fdr_psm": "0.01",
  "ident_fdr_peptide": NaN,
  "ident_fdr_protein": "0.01",
  "enable_match_between_runs": true,
  "precursor_mass_tolerance": "[-0.0 ppm, 0.0 ppm]",
  "fragment_mass_tolerance": "[-0.0 ppm, 0.0 ppm]",
  "enzyme": "trypsin/p ",
  "allowed_miscleavages": "1",
  "min_peptide_length": "6",
  "max_peptide_length": "30",
  "is_temporary": false,
  "intermediate_hash": "a1126afaaab3ecca77f373e730992f3239a5899d",
  "results": {
    "6": {
      "median_abs_epsilon": 0.21486886341245004,
      "mean_abs_epsilon": 0.3115035283211693,
      "variance_epsilon": 0.168326737384654,
      "nr_prec": 88347,
      "CV_median": 0.1309359097783982,
      "CV_q75": 0.22135348410651345,
      "CV_q90": 0.3304822290581295,
      "CV_q95": 0.4059632266108628
    },
    "5": {
      "median_abs_epsilon": 0.23156483968289265,
      "mean_abs_epsilon": 0.33662733757598345,
      "variance_epsilon": 0.19999520053871267,
      "nr_prec": 101345,
      "CV_median": 0.13801947529847436,
      "CV_q75": 0.2352352798341965,
      "CV_q90": 0.3525907179001537,
      "CV_q95": 0.4364512277259404
    },
    "4": {
      "median_abs_epsilon": 0.24337323506729902,
      "mean_abs_epsilon": 0.35780352660386944,
      "variance_epsilon": 0.23316417144038537,
      "nr_prec": 108575,
      "CV_median": 0.14060557291911116,
      "CV_q75": 0.24036108003524026,
      "CV_q90": 0.3608097911183725,
      "CV_q95": 0.4471642701937024
    },
    "3": {
      "median_abs_epsilon": 0.24781163531581551,
      "mean_abs_epsilon": 0.36538752181247913,
      "variance_epsilon": 0.24477695073227712,
      "nr_prec": 113624,
      "CV_median": 0.14190192641703045,
      "CV_q75": 0.24262783810079025,
      "CV_q90": 0.3641489641055784,
      "CV_q95": 0.4521895519661635
    },
    "2": {
      "median_abs_epsilon": 0.24927266440206175,
      "mean_abs_epsilon": 0.36814245399912887,
      "variance_epsilon": 0.24931907620154622,
      "nr_prec": 116270,
      "CV_median": 0.14211598165503153,
      "CV_q75": 0.24317422039318923,
      "CV_q90": 0.3651021906226905,
      "CV_q95": 0.4533842238181186
    },
    "1": {
      "median_abs_epsilon": 0.24927266440206175,
      "mean_abs_epsilon": 0.36814245399912887,
      "variance_epsilon": 0.24931907620154622,
      "nr_prec": 116270,
      "CV_median": 0.14211598165503153,
      "CV_q75": 0.24317422039318923,
      "CV_q90": 0.3651021906226905,
      "CV_q95": 0.4533842238181186
    }
  },
  "median_abs_epsilon": 0.24781163531581551,
  "mean_abs_epsilon": 0.36538752181247913,
  "nr_prec": 113624,
  "comments": "",
  "proteobench_version": "0.10.2",
  "color": "#1D2732",
  "hover_text": "ProteoBench ID: AlphaDIA_20251017_121403<br>Software tool: AlphaDIA <br>Comment (private submission): ...",
  "scatter_size": 20,
  "fixed_mods": "Carbamidomethyl@C",
  "variable_mods": "Oxidation@M;Acetyl@Protein_N-term",
  "max_mods": "1 ",
  "min_precursor_charge": "1",
  "max_precursor_charge": "5",
  "quantification_method": "DirectLFQ",
  "protein_inference": "heuristic",
  "abundance_normalization_ions": NaN,
  "submission_comments": "No transfer learning. Calibration batch size 200. ng backend\n\n ### Parameter changes detected:\n- **ident_fdr_peptide**: `None` \u2192 `nan`\n- **abundance_normalization_ions**: `None` \u2192 `nan`\n- **search_engine_version**: `None` \u2192 `nan`\n- **enable_match_between_runs**: `False` \u2192 `True`\n- **scan_window**: `None` \u2192 `nan`\n\nDataset URL: https://proteobench.cubimed.rub.de/datasets/a1126afaaab3ecca77f373e730992f3239a5899d/",
  "min_precursor_mz": "400",
  "max_precursor_mz": "1000",
  "min_fragment_mz": "50",
  "max_fragment_mz": "2000",
  "predictors_library": "AlphaPeptDeep",
  "scan_window": NaN
}