{
  "old_new": "new",
  "id": "AlphaDIA_20251017_121403",
  "software_name": "AlphaDIA",
  "software_version": "1.12.1",
  "search_engine": "AlphaDIA",
  "search_engine_version": NaN,
  "ident_fdr_psm": "0.01",
  "ident_fdr_peptide": NaN,
  "ident_fdr_protein": "0.01",
  "enable_match_between_runs": "True",
  "precursor_mass_tolerance": "[-0.0 ppm, 0.0 ppm]",
  "fragment_mass_tolerance": "[-0.0 ppm, 0.0 ppm]",
  "enzyme": "trypsin/p ",
  "allowed_miscleavages": "1",
  "min_peptide_length": 6,
  "max_peptide_length": 30,
  "is_temporary": false,
  "intermediate_hash": "a1126afaaab3ecca77f373e730992f3239a5899d",
  "results": {
    "6": {
      "median_abs_epsilon_global": 0.2151734034315389,
      "median_abs_epsilon_eq_species": 0.2766884168006903,
      "median_abs_epsilon_ECOLI": 0.32291920979756394,
      "median_abs_epsilon_HUMAN": 0.18955787023554116,
      "median_abs_epsilon_YEAST": 0.3175881703689658,
      "mean_abs_epsilon_global": 0.31146995728067123,
      "mean_abs_epsilon_eq_species": 0.3844209212307807,
      "mean_abs_epsilon_ECOLI": 0.46902234239949936,
      "mean_abs_epsilon_HUMAN": 0.278882382902825,
      "mean_abs_epsilon_YEAST": 0.40535803839001777,
      "median_log2_empirical_ECOLI": -1.739640553786474,
      "median_log2_empirical_HUMAN": -0.11730241775367922,
      "median_log2_empirical_YEAST": 0.692728360503672,
      "median_abs_epsilon_precision_global": 0.187661965689494,
      "median_abs_epsilon_precision_eq_species": 0.2291396988858828,
      "median_abs_epsilon_precision_ECOLI": 0.2998221715310976,
      "median_abs_epsilon_precision_HUMAN": 0.1768701871294871,
      "median_abs_epsilon_precision_YEAST": 0.21072673799706365,
      "mean_log2_empirical_ECOLI": -1.6343011857052838,
      "mean_log2_empirical_HUMAN": -0.16980516993314063,
      "mean_log2_empirical_YEAST": 0.6265889948831798,
      "mean_abs_epsilon_precision_global": 0.27066728371525023,
      "mean_abs_epsilon_precision_eq_species": 0.3184513213787497,
      "mean_abs_epsilon_precision_ECOLI": 0.40913158892046003,
      "mean_abs_epsilon_precision_HUMAN": 0.2596723814457729,
      "mean_abs_epsilon_precision_YEAST": 0.2865499937700161,
      "CV_median": 0.13114440565844265,
      "CV_q75": 0.2215821839936462,
      "CV_q90": 0.3307861287387666,
      "CV_q95": 0.4061266746560944,
      "roc_auc": 0.8601839478004644,
      "roc_auc_directional": 0.954026762573209,
      "nr_prec": 87946,
      "nr_prec_HUMAN": 66938,
      "nr_prec_YEAST": 17726,
      "nr_prec_ECOLI": 3282,
      "variance_epsilon_global": 0.16799119339471044
    },
    "5": {
      "median_abs_epsilon_global": 0.23182439800527277,
      "median_abs_epsilon_eq_species": 0.3245564566629131,
      "median_abs_epsilon_ECOLI": 0.42060565945974915,
      "median_abs_epsilon_HUMAN": 0.1995080312135613,
      "median_abs_epsilon_YEAST": 0.35355567931542886,
      "mean_abs_epsilon_global": 0.3366571448869215,
      "mean_abs_epsilon_eq_species": 0.44001190293813036,
      "mean_abs_epsilon_ECOLI": 0.5818618856706894,
      "mean_abs_epsilon_HUMAN": 0.29103364670329124,
      "mean_abs_epsilon_YEAST": 0.4471401764404104,
      "median_log2_empirical_ECOLI": -1.6184129715141093,
      "median_log2_empirical_HUMAN": -0.11859893798887455,
      "median_log2_empirical_YEAST": 0.6556091308562806,
      "median_abs_epsilon_precision_global": 0.2020096778950622,
      "median_abs_epsilon_precision_eq_species": 0.2626549402838636,
      "median_abs_epsilon_precision_ECOLI": 0.3676595687738162,
      "median_abs_epsilon_precision_HUMAN": 0.18604914347619683,
      "median_abs_epsilon_precision_YEAST": 0.23425610860157775,
      "mean_log2_empirical_ECOLI": -1.5039619440770562,
      "mean_log2_empirical_HUMAN": -0.16951168996956656,
      "mean_log2_empirical_YEAST": 0.5861328651311819,
      "mean_abs_epsilon_precision_global": 0.28973076465807845,
      "mean_abs_epsilon_precision_eq_species": 0.3540759497586879,
      "mean_abs_epsilon_precision_ECOLI": 0.47636303659484114,
      "mean_abs_epsilon_precision_HUMAN": 0.27200619137544596,
      "mean_abs_epsilon_precision_YEAST": 0.3138586213057765,
      "CV_median": 0.1382835886281602,
      "CV_q75": 0.23551557579488144,
      "CV_q90": 0.3527622026528862,
      "CV_q95": 0.43656128453687315,
      "roc_auc": 0.8339249576734493,
      "roc_auc_directional": 0.9355304818393091,
      "nr_prec": 100918,
      "nr_prec_HUMAN": 75209,
      "nr_prec_YEAST": 21323,
      "nr_prec_ECOLI": 4386,
      "variance_epsilon_global": 0.19978931804579989
    },
    "4": {
      "median_abs_epsilon_global": 0.243580818174431,
      "median_abs_epsilon_eq_species": 0.367989116236173,
      "median_abs_epsilon_ECOLI": 0.5208320617694042,
      "median_abs_epsilon_HUMAN": 0.20578161873576306,
      "median_abs_epsilon_YEAST": 0.3773536682033516,
      "mean_abs_epsilon_global": 0.3578605854134292,
      "mean_abs_epsilon_eq_species": 0.4862343003984874,
      "mean_abs_epsilon_ECOLI": 0.6803643077148037,
      "mean_abs_epsilon_HUMAN": 0.3004591372021864,
      "mean_abs_epsilon_YEAST": 0.4778794562784721,
      "median_log2_empirical_ECOLI": -1.5056006908299366,
      "median_log2_empirical_HUMAN": -0.11897595723518961,
      "median_log2_empirical_YEAST": 0.6345914204823835,
      "median_abs_epsilon_precision_global": 0.21298170090574775,
      "median_abs_epsilon_precision_eq_species": 0.2901469336569302,
      "median_abs_epsilon_precision_ECOLI": 0.42740758259283496,
      "median_abs_epsilon_precision_HUMAN": 0.19149398804091078,
      "median_abs_epsilon_precision_YEAST": 0.25153923033704473,
      "mean_log2_empirical_ECOLI": -1.3984547161864531,
      "mean_log2_empirical_HUMAN": -0.16927949703878806,
      "mean_log2_empirical_YEAST": 0.557962486208139,
      "mean_abs_epsilon_precision_global": 0.30589292835740245,
      "mean_abs_epsilon_precision_eq_species": 0.38330193025885856,
      "mean_abs_epsilon_precision_ECOLI": 0.5321893966882351,
      "mean_abs_epsilon_precision_HUMAN": 0.2817406258500952,
      "mean_abs_epsilon_precision_YEAST": 0.33597576823824554,
      "CV_median": 0.1408569094979008,
      "CV_q75": 0.2406325551244392,
      "CV_q90": 0.3609993803481021,
      "CV_q95": 0.44723748033854527,
      "roc_auc": 0.8169451766091282,
      "roc_auc_directional": 0.9157224105944841,
      "nr_prec": 108138,
      "nr_prec_HUMAN": 79221,
      "nr_prec_YEAST": 23599,
      "nr_prec_ECOLI": 5318,
      "variance_epsilon_global": 0.23298824120800307
    },
    "3": {
      "median_abs_epsilon_global": 0.24815432230810153,
      "median_abs_epsilon_eq_species": 0.3794523345141612,
      "median_abs_epsilon_ECOLI": 0.5429692268320023,
      "median_abs_epsilon_HUMAN": 0.2091007232658324,
      "median_abs_epsilon_YEAST": 0.386287053444649,
      "mean_abs_epsilon_global": 0.3654427199735787,
      "mean_abs_epsilon_eq_species": 0.49898334419529994,
      "mean_abs_epsilon_ECOLI": 0.7012973930299106,
      "mean_abs_epsilon_HUMAN": 0.30549832121438336,
      "mean_abs_epsilon_YEAST": 0.490154318341606,
      "median_log2_empirical_ECOLI": -1.4871509869747888,
      "median_log2_empirical_HUMAN": -0.11912314095702925,
      "median_log2_empirical_YEAST": 0.6267547607550963,
      "median_abs_epsilon_precision_global": 0.21709791813788826,
      "median_abs_epsilon_precision_eq_species": 0.2970568868633867,
      "median_abs_epsilon_precision_ECOLI": 0.4387167294287897,
      "median_abs_epsilon_precision_HUMAN": 0.1944398880069933,
      "median_abs_epsilon_precision_YEAST": 0.25801404315437715,
      "mean_log2_empirical_ECOLI": -1.376658372487137,
      "mean_log2_empirical_HUMAN": -0.16861091230703684,
      "mean_log2_empirical_YEAST": 0.5468803393839288,
      "mean_abs_epsilon_precision_global": 0.31251097894432356,
      "mean_abs_epsilon_precision_eq_species": 0.39296095797505753,
      "mean_abs_epsilon_precision_ECOLI": 0.5462951547435501,
      "mean_abs_epsilon_precision_HUMAN": 0.2868295746846624,