{
  "id": "AlphaDIA_20260428_142928",
  "software_name": "AlphaDIA",
  "software_version": "2.1.0",
  "search_engine": "AlphaDIA",
  "search_engine_version": NaN,
  "ident_fdr_psm": 0.01,
  "ident_fdr_peptide": NaN,
  "ident_fdr_protein": 0.01,
  "enable_match_between_runs": false,
  "precursor_mass_tolerance": "[-5 ppm, 5 ppm]",
  "fragment_mass_tolerance": "[-10 ppm, 10 ppm]",
  "enzyme": "Trypsin",
  "allowed_miscleavages": 2,
  "min_peptide_length": 7,
  "max_peptide_length": 30,
  "is_temporary": false,
  "intermediate_hash": "a17457871aa99ec961cbeef60e81f2400f95fa4e",
  "results": {
    "6": {
      "median_abs_epsilon_global": 0.15782499313354403,
      "median_abs_epsilon_eq_species": 0.17948018179999417,
      "median_abs_epsilon_ECOLI": 0.2065121332804356,
      "median_abs_epsilon_HUMAN": 0.15051651000976562,
      "median_abs_epsilon_YEAST": 0.1814119021097813,
      "mean_abs_epsilon_global": 0.243465805172389,
      "mean_abs_epsilon_eq_species": 0.2630154943615582,
      "mean_abs_epsilon_ECOLI": 0.2831543672131752,
      "mean_abs_epsilon_HUMAN": 0.2357454406607182,
      "mean_abs_epsilon_YEAST": 0.2701466752107812,
      "median_log2_empirical_ECOLI": -1.8587023417154924,
      "median_log2_empirical_HUMAN": -0.05315462748209754,
      "median_log2_empirical_YEAST": 0.8472785949707031,
      "median_abs_epsilon_precision_global": 0.15710322062174598,
      "median_abs_epsilon_precision_eq_species": 0.16447310977511798,
      "median_abs_epsilon_precision_ECOLI": 0.1785564422607404,
      "median_abs_epsilon_precision_HUMAN": 0.15568415323892992,
      "median_abs_epsilon_precision_YEAST": 0.1591787338256836,
      "mean_log2_empirical_ECOLI": -1.8287523197636217,
      "mean_log2_empirical_HUMAN": -0.11810297995005889,
      "mean_log2_empirical_YEAST": 0.7827633588290036,
      "mean_abs_epsilon_precision_global": 0.23760200672967735,
      "mean_abs_epsilon_precision_eq_species": 0.2429161831053269,
      "mean_abs_epsilon_precision_ECOLI": 0.2556080226908335,
      "mean_abs_epsilon_precision_HUMAN": 0.23737088307385776,
      "mean_abs_epsilon_precision_YEAST": 0.23576964355128938,
      "CV_median": 0.10046231184646015,
      "CV_q75": 0.1673174561468806,
      "CV_q90": 0.2501870293472198,
      "CV_q95": 0.3094103530152831,
      "variance_epsilon_global": 0.13642828985465907,
      "nr_feature": 49822,
      "roc_auc": 0.9393593033789703
    },
    "5": {
      "median_abs_epsilon_global": 0.17014280954996686,
      "median_abs_epsilon_eq_species": 0.20394150416056286,
      "median_abs_epsilon_ECOLI": 0.245819091796875,
      "median_abs_epsilon_HUMAN": 0.16021029154459576,
      "median_abs_epsilon_YEAST": 0.2057951291402178,
      "mean_abs_epsilon_global": 0.25978344107908724,
      "mean_abs_epsilon_eq_species": 0.29197053918163873,
      "mean_abs_epsilon_ECOLI": 0.3293779545943023,
      "mean_abs_epsilon_HUMAN": 0.24709633847681384,
      "mean_abs_epsilon_YEAST": 0.29943732447380006,
      "median_log2_empirical_ECOLI": -1.8048311869303362,
      "median_log2_empirical_HUMAN": -0.04945182800292969,
      "median_log2_empirical_YEAST": 0.8265800476074219,
      "median_abs_epsilon_precision_global": 0.16774670282999615,
      "median_abs_epsilon_precision_eq_species": 0.18228703074985209,
      "median_abs_epsilon_precision_ECOLI": 0.2058639526367223,
      "median_abs_epsilon_precision_HUMAN": 0.1639531453450509,
      "median_abs_epsilon_precision_YEAST": 0.17704399426778306,
      "mean_log2_empirical_ECOLI": -1.768184767869246,
      "mean_log2_empirical_HUMAN": -0.11388146270606159,
      "mean_log2_empirical_YEAST": 0.7570095821773267,
      "mean_abs_epsilon_precision_global": 0.25191834384760603,
      "mean_abs_epsilon_precision_eq_species": 0.2630194756389051,
      "mean_abs_epsilon_precision_ECOLI": 0.2817477975547709,
      "mean_abs_epsilon_precision_HUMAN": 0.2491406763555329,
      "mean_abs_epsilon_precision_YEAST": 0.2581699530064115,
      "CV_median": 0.10715211396014265,
      "CV_q75": 0.18027619595666064,
      "CV_q90": 0.2722476338217068,
      "CV_q95": 0.3388974591865479,
      "variance_epsilon_global": 0.14926396545052711,
      "nr_feature": 61800,
      "roc_auc": 0.9240100520876307
    },
    "4": {
      "median_abs_epsilon_global": 0.1841564178466797,
      "median_abs_epsilon_eq_species": 0.23538178867763962,
      "median_abs_epsilon_ECOLI": 0.3032691478729239,
      "median_abs_epsilon_HUMAN": 0.17020765940348337,
      "median_abs_epsilon_YEAST": 0.2326685587565116,
      "mean_abs_epsilon_global": 0.281953183856492,
      "mean_abs_epsilon_eq_species": 0.34151501679155255,
      "mean_abs_epsilon_ECOLI": 0.42705994202630443,
      "mean_abs_epsilon_HUMAN": 0.260576469368933,
      "mean_abs_epsilon_YEAST": 0.3369086389794203,
      "median_log2_empirical_ECOLI": -1.7357900937398254,
      "median_log2_empirical_HUMAN": -0.048850059509277344,
      "median_log2_empirical_YEAST": 0.8012784322102853,
      "median_abs_epsilon_precision_global": 0.18056027094523142,
      "median_abs_epsilon_precision_eq_species": 0.2090696758694115,
      "median_abs_epsilon_precision_ECOLI": 0.25629361470540246,
      "median_abs_epsilon_precision_HUMAN": 0.17288748423258582,
      "median_abs_epsilon_precision_YEAST": 0.1980279286702462,
      "mean_log2_empirical_ECOLI": -1.6622634637230072,
      "mean_log2_empirical_HUMAN": -0.1121283187266542,
      "mean_log2_empirical_YEAST": 0.7280876705602286,
      "mean_abs_epsilon_precision_global": 0.27113128554416815,
      "mean_abs_epsilon_precision_eq_species": 0.30202860318059505,
      "mean_abs_epsilon_precision_ECOLI": 0.354986409971985,
      "mean_abs_epsilon_precision_HUMAN": 0.26246997509264036,
      "mean_abs_epsilon_precision_YEAST": 0.28862942447715995,
      "CV_median": 0.11064305487312609,
      "CV_q75": 0.1875995035355558,
      "CV_q90": 0.2846747894542232,
      "CV_q95": 0.35421518767302573,
      "variance_epsilon_global": 0.1735002029559072,
      "nr_feature": 72177,
      "roc_auc": 0.9045558453655317
    },
    "3": {
      "median_abs_epsilon_global": 0.19512295722961426,
      "median_abs_epsilon_eq_species": 0.24738502502441437,
      "median_abs_epsilon_ECOLI": 0.31235758463541785,
      "median_abs_epsilon_HUMAN": 0.17943223317464163,
      "median_abs_epsilon_YEAST": 0.2503652572631836,
      "mean_abs_epsilon_global": 0.2968777652375841,
      "mean_abs_epsilon_eq_species": 0.35967198769842595,
      "mean_abs_epsilon_ECOLI": 0.4441032800411877,
      "mean_abs_epsilon_HUMAN": 0.2732620775971108,
      "mean_abs_epsilon_YEAST": 0.36165060545697925,
      "median_log2_empirical_ECOLI": -1.725096384684246,
      "median_log2_empirical_HUMAN": -0.04696464538574219,
      "median_log2_empirical_YEAST": 0.7843564351399728,
      "median_abs_epsilon_precision_global": 0.19029887517293265,
      "median_abs_epsilon_precision_eq_species": 0.2191701995001901,
      "median_abs_epsilon_precision_ECOLI": 0.262606620788576,
      "median_abs_epsilon_precision_HUMAN": 0.18156814575195312,
      "median_abs_epsilon_precision_YEAST": 0.21333583196004113,
      "mean_log2_empirical_ECOLI": -1.642319396273768,
      "mean_log2_empirical_HUMAN": -0.10620857859105184,
      "mean_log2_empirical_YEAST": 0.7075587464640745,
      "mean_abs_epsilon_precision_global": 0.2846809848652638,
      "mean_abs_epsilon_precision_eq_species": 0.31711518164038166,
      "mean_abs_epsilon_precision_ECOLI": 0.36834003658516257,
      "mean_abs_epsilon_precision_HUMAN": 0.2746857074232086,
      "mean_abs_epsilon_precision_YEAST": 0.3083198009127739,
      "CV_median": 0.11355895455926493,
      "CV_q75": 0.1937358405650186,
      "CV_q90": 0.2949499590653491,
      "CV_q95": 0.36761676908881713,
      "variance_epsilon_global": 0.18772883342221117,
      "nr_feature": 84145,
      "roc_auc": 0.8874843504549734
    },
    "2": {
      "median_abs_epsilon_global": 0.20431963602701853,
      "median_abs_epsilon_eq_species": 0.25691355599297366,