{
  "old_new": "new",
  "id": "AlphaDIA_20260428_142928",
  "software_name": "AlphaDIA",
  "software_version": "2.1.0",
  "search_engine": "AlphaDIA",
  "search_engine_version": NaN,
  "ident_fdr_psm": 0.01,
  "ident_fdr_peptide": NaN,
  "ident_fdr_protein": 0.01,
  "enable_match_between_runs": false,
  "precursor_mass_tolerance": "[-5ppm, 5ppm]",
  "fragment_mass_tolerance": "[-10ppm, 10ppm]",
  "enzyme": "Trypsin",
  "allowed_miscleavages": 2,
  "min_peptide_length": 7,
  "max_peptide_length": 30,
  "is_temporary": false,
  "intermediate_hash": "a17457871aa99ec961cbeef60e81f2400f95fa4e",
  "results": {
    "6": {
      "median_abs_epsilon_global": 0.17500114440917902,
      "median_abs_epsilon_eq_species": 0.188690503438313,
      "median_abs_epsilon_ECOLI": 0.21422004699707,
      "median_abs_epsilon_HUMAN": 0.172182083129882,
      "median_abs_epsilon_YEAST": 0.179669380187988,
      "mean_abs_epsilon_global": 0.252045267373194,
      "mean_abs_epsilon_eq_species": 0.267842719920853,
      "mean_abs_epsilon_ECOLI": 0.300758491059527,
      "mean_abs_epsilon_HUMAN": 0.249266709287517,
      "mean_abs_epsilon_YEAST": 0.25350295941551404,
      "median_log2_empirical_ECOLI": -1.867010116577148,
      "median_log2_empirical_HUMAN": 0.016150474548339,
      "median_log2_empirical_YEAST": 1.001267433166504,
      "median_abs_epsilon_precision_global": 0.17248630523681602,
      "median_abs_epsilon_precision_eq_species": 0.18053817749023401,
      "median_abs_epsilon_precision_ECOLI": 0.19214153289794902,
      "median_abs_epsilon_precision_HUMAN": 0.16984844207763602,
      "median_abs_epsilon_precision_YEAST": 0.17962455749511702,
      "mean_log2_empirical_ECOLI": -1.824199815330358,
      "mean_log2_empirical_HUMAN": -0.013759557694612,
      "mean_log2_empirical_YEAST": 0.9795441524428001,
      "mean_abs_epsilon_precision_global": 0.252118015246162,
      "mean_abs_epsilon_precision_eq_species": 0.26038840798066004,
      "mean_abs_epsilon_precision_ECOLI": 0.276496537358216,
      "mean_abs_epsilon_precision_HUMAN": 0.250327202590372,
      "mean_abs_epsilon_precision_YEAST": 0.254341483993392,
      "CV_median": 0.138095953342866,
      "CV_q75": 0.233995846924012,
      "CV_q90": 0.352629644362883,
      "CV_q95": 0.43653177418991,
      "roc_auc": 0.957185669439044,
      "roc_auc_directional": 0.981308170610485,
      "nr_prec": 69580,
      "nr_prec_HUMAN": 52834,
      "nr_prec_YEAST": 14156,
      "nr_prec_ECOLI": 2590,
      "variance_epsilon_global": 0.13898646654770902
    },
    "5": {
      "median_abs_epsilon_global": 0.19237995147705,
      "median_abs_epsilon_eq_species": 0.216817378997802,
      "median_abs_epsilon_ECOLI": 0.25944709777832003,
      "median_abs_epsilon_HUMAN": 0.185894966125488,
      "median_abs_epsilon_YEAST": 0.20511007308959903,
      "mean_abs_epsilon_global": 0.285695748140778,
      "mean_abs_epsilon_eq_species": 0.31899801678342404,
      "mean_abs_epsilon_ECOLI": 0.381862457491827,
      "mean_abs_epsilon_HUMAN": 0.276342786751961,
      "mean_abs_epsilon_YEAST": 0.298788806106485,
      "median_log2_empirical_ECOLI": -1.821895599365234,
      "median_log2_empirical_HUMAN": 0.015586853027343,
      "median_log2_empirical_YEAST": 0.9840259552001951,
      "median_abs_epsilon_precision_global": 0.190423965454101,
      "median_abs_epsilon_precision_eq_species": 0.20896879831949802,
      "median_abs_epsilon_precision_ECOLI": 0.23630905151367101,
      "median_abs_epsilon_precision_HUMAN": 0.18437767028808502,
      "median_abs_epsilon_precision_YEAST": 0.206219673156738,
      "mean_log2_empirical_ECOLI": -1.7396815680104791,
      "mean_log2_empirical_HUMAN": -0.01498565309632,
      "mean_log2_empirical_YEAST": 0.9488282697862621,
      "mean_abs_epsilon_precision_global": 0.28545260402870704,
      "mean_abs_epsilon_precision_eq_species": 0.30921884205988004,
      "mean_abs_epsilon_precision_ECOLI": 0.35000498966408705,
      "mean_abs_epsilon_precision_HUMAN": 0.27742597653953,
      "mean_abs_epsilon_precision_YEAST": 0.300225559976024,
      "CV_median": 0.148884949850763,
      "CV_q75": 0.25622600988807603,
      "CV_q90": 0.390440599410424,
      "CV_q95": 0.48928199816227,
      "roc_auc": 0.9338056958932591,
      "roc_auc_directional": 0.9679764669512081,
      "nr_prec": 82770,
      "nr_prec_HUMAN": 61327,
      "nr_prec_YEAST": 17918,
      "nr_prec_ECOLI": 3525,
      "variance_epsilon_global": 0.185528116115102
    },
    "4": {
      "median_abs_epsilon_global": 0.20750808715820301,
      "median_abs_epsilon_eq_species": 0.24827210108439102,
      "median_abs_epsilon_ECOLI": 0.320258140563964,
      "median_abs_epsilon_HUMAN": 0.19643545150756803,
      "median_abs_epsilon_YEAST": 0.22812271118164001,
      "mean_abs_epsilon_global": 0.323492513541838,
      "mean_abs_epsilon_eq_species": 0.38571182242635305,
      "mean_abs_epsilon_ECOLI": 0.5044790843258731,
      "mean_abs_epsilon_HUMAN": 0.302738883198356,
      "mean_abs_epsilon_YEAST": 0.34991749975482905,
      "median_log2_empirical_ECOLI": -1.758458137512207,
      "median_log2_empirical_HUMAN": 0.015469551086425,
      "median_log2_empirical_YEAST": 0.9696407318115231,
      "median_abs_epsilon_precision_global": 0.20672416687011702,
      "median_abs_epsilon_precision_eq_species": 0.24074840545654203,
      "median_abs_epsilon_precision_ECOLI": 0.297683715820312,
      "median_abs_epsilon_precision_HUMAN": 0.194876670837402,
      "median_abs_epsilon_precision_YEAST": 0.229684829711914,
      "mean_log2_empirical_ECOLI": -1.6311416749332261,
      "mean_log2_empirical_HUMAN": -0.01582171973716,
      "mean_log2_empirical_YEAST": 0.9192380001675281,
      "mean_abs_epsilon_precision_global": 0.32243233918165604,
      "mean_abs_epsilon_precision_eq_species": 0.371347839393089,
      "mean_abs_epsilon_precision_ECOLI": 0.45825445318253505,
      "mean_abs_epsilon_precision_HUMAN": 0.303843417434122,
      "mean_abs_epsilon_precision_YEAST": 0.35194564756261004,
      "CV_median": 0.15430409237385,
      "CV_q75": 0.26728006443649,
      "CV_q90": 0.409420888713931,
      "CV_q95": 0.5153537684356561,
      "roc_auc": 0.9110989394511331,
      "roc_auc_directional": 0.946959432464558,
      "nr_prec": 91747,
      "nr_prec_HUMAN": 66458,
      "nr_prec_YEAST": 20689,
      "nr_prec_ECOLI": 4600,
      "variance_epsilon_global": 0.26100737215034603
    },
    "3": {
      "median_abs_epsilon_global": 0.215155601501464,
      "median_abs_epsilon_eq_species": 0.257932345072428,
      "median_abs_epsilon_ECOLI": 0.33119678497314403,
      "median_abs_epsilon_HUMAN": 0.20313262939453103,
      "median_abs_epsilon_YEAST": 0.23946762084960901,
      "mean_abs_epsilon_global": 0.343446159515979,
      "mean_abs_epsilon_eq_species": 0.40906990960999,
      "mean_abs_epsilon_ECOLI": 0.530219496125367,
      "mean_abs_epsilon_HUMAN": 0.319991145265753,
      "mean_abs_epsilon_YEAST": 0.376999087438851,
      "median_log2_empirical_ECOLI": -1.7457056045532222,
      "median_log2_empirical_HUMAN": 0.015824317932128,
      "median_log2_empirical_YEAST": 0.9626827239990231,
      "median_abs_epsilon_precision_global": 0.21458101272583002,
      "median_abs_epsilon_precision_eq_species": 0.250411987304687,
      "median_abs_epsilon_precision_ECOLI": 0.308096885681152,
      "median_abs_epsilon_precision_HUMAN": 0.20134258270263602,
      "median_abs_epsilon_precision_YEAST": 0.24179649353027302,
      "mean_log2_empirical_ECOLI": -1.606779789854291,
      "mean_log2_empirical_HUMAN": -0.013775556369802001,
      "mean_log2_empirical_YEAST": 0.9069828818281591,
      "mean_abs_epsilon_precision_global": 0.34219676745361305,
      "mean_abs_epsilon_precision_eq_species": 0.39417258636114905,
      "mean_abs_epsilon_precision_ECOLI": 0.48266353296244,
      "mean_abs_epsilon_precision_HUMAN": 0.320902849648784,
      "mean_abs_epsilon_precision_YEAST": 0.37895137647222504,
      "CV_median": 0.15711024517229702,
      "CV_q75": 0.273373162851049,