{
  "old_new": "new",
  "id": "Spectronaut_20250710_073727",
  "software_name": "Spectronaut",
  "software_version": "20.0.250606.92449",
  "search_engine": "Spectronaut",
  "search_engine_version": "20.0.250606.92449",
  "ident_fdr_psm": "0.01",
  "ident_fdr_peptide": null,
  "ident_fdr_protein": "0.01",
  "enable_match_between_runs": false,
  "precursor_mass_tolerance": "Dynamic",
  "fragment_mass_tolerance": "Dynamic",
  "enzyme": "Trypsin/P",
  "allowed_miscleavages": "2",
  "min_peptide_length": "7",
  "max_peptide_length": "52",
  "is_temporary": false,
  "intermediate_hash": "a2c68b9d5ad8a620af53513c91a9aa2b0f2584f1",
  "results": {
    "6": {
      "median_abs_epsilon": 0.20615100550815146,
      "mean_abs_epsilon": 0.34008673479101503,
      "variance_epsilon": 0.2725844286967255,
      "nr_prec": 98263,
      "CV_median": 0.16238845967584475,
      "CV_q75": 0.30314925308342233,
      "CV_q90": 0.49772306807640054,
      "CV_q95": 0.6423106967005228
    },
    "5": {
      "median_abs_epsilon": 0.2218750490376742,
      "mean_abs_epsilon": 0.3759059906376667,
      "variance_epsilon": 0.3426058645278065,
      "nr_prec": 107445,
      "CV_median": 0.17298942104352844,
      "CV_q75": 0.32726006969120075,
      "CV_q90": 0.539314899859263,
      "CV_q95": 0.6935811900587896
    },
    "4": {
      "median_abs_epsilon": 0.2296436031006719,
      "mean_abs_epsilon": 0.39688174705047374,
      "variance_epsilon": 0.3927730830207883,
      "nr_prec": 110971,
      "CV_median": 0.1758717874252867,
      "CV_q75": 0.33387539028522384,
      "CV_q90": 0.5517955332948858,
      "CV_q95": 0.70845842393802
    },
    "3": {
      "median_abs_epsilon": 0.23153421520303752,
      "mean_abs_epsilon": 0.40407100837437265,
      "variance_epsilon": 0.4142844215526186,
      "nr_prec": 112545,
      "CV_median": 0.1768138394005415,
      "CV_q75": 0.33635989032691443,
      "CV_q90": 0.5554967734619701,
      "CV_q95": 0.7138987222049047
    },
    "2": {
      "median_abs_epsilon": 0.23195824584777114,
      "mean_abs_epsilon": 0.40619895950781043,
      "variance_epsilon": 0.42275224634580216,
      "nr_prec": 113043,
      "CV_median": 0.1770463092254036,
      "CV_q75": 0.3368871149673633,
      "CV_q90": 0.5569665174106895,
      "CV_q95": 0.71572572595033
    },
    "1": {
      "median_abs_epsilon": 0.23195824584777114,
      "mean_abs_epsilon": 0.40619895950781043,
      "variance_epsilon": 0.42275224634580205,
      "nr_prec": 113239,
      "CV_median": 0.1770463092254036,
      "CV_q75": 0.3368871149673633,
      "CV_q90": 0.5569665174106895,
      "CV_q95": 0.71572572595033
    }
  },
  "median_abs_epsilon": 0.23153421520303752,
  "mean_abs_epsilon": 0.40407100837437265,
  "nr_prec": 112545,
  "comments": "",
  "proteobench_version": "0.8.28",
  "color": "#007548",
  "hover_text": "ProteoBench ID: Spectronaut_20250710_073727<br>Software tool: Spectronaut <br>Comment (private submission): ...",
  "scatter_size": 20,
  "fixed_mods": "Carbamidomethyl (C)",
  "variable_mods": "Acetyl (Protein N-term), Oxidation (M)",
  "max_mods": "5",
  "min_precursor_charge": null,
  "max_precursor_charge": null,
  "quantification_method": "MS2",
  "protein_inference": "IDPicker",
  "abundance_normalization_ions": "True",
  "submission_comments": "\n\n ### Parameter changes detected:\n- **scan_window**: `Dynamic` \u2192 `[MISSING]`\n\nDataset URL: https://proteobench.cubimed.rub.de/datasets/a2c68b9d5ad8a620af53513c91a9aa2b0f2584f1/"
}