{
  "old_new": "new",
  "id": "Spectronaut_20250710_073727",
  "software_name": "Spectronaut",
  "software_version": "20.0.250606.92449",
  "search_engine": "Spectronaut",
  "search_engine_version": "20.0.250606.92449",
  "ident_fdr_psm": 0.01,
  "ident_fdr_peptide": null,
  "ident_fdr_protein": 0.01,
  "enable_match_between_runs": false,
  "precursor_mass_tolerance": "Dynamic",
  "fragment_mass_tolerance": "Dynamic",
  "enzyme": "Trypsin/P",
  "allowed_miscleavages": 2,
  "min_peptide_length": 7,
  "max_peptide_length": 52,
  "is_temporary": false,
  "intermediate_hash": "a2c68b9d5ad8a620af53513c91a9aa2b0f2584f1",
  "results": {
    "6": {
      "median_abs_epsilon_global": 0.2061974241198623,
      "median_abs_epsilon_eq_species": 0.22312523575268348,
      "median_abs_epsilon_ECOLI": 0.25412047323293274,
      "median_abs_epsilon_HUMAN": 0.20143986363354038,
      "median_abs_epsilon_YEAST": 0.21381537039157728,
      "mean_abs_epsilon_global": 0.34007265216616495,
      "mean_abs_epsilon_eq_species": 0.368227801631925,
      "mean_abs_epsilon_ECOLI": 0.42284263978665315,
      "mean_abs_epsilon_HUMAN": 0.3328546658629871,
      "mean_abs_epsilon_YEAST": 0.34898609924613466,
      "median_log2_empirical_ECOLI": -1.9843378032436192,
      "median_log2_empirical_HUMAN": -0.06714262441477103,
      "median_log2_empirical_YEAST": 0.9507116004209664,
      "median_abs_epsilon_precision_global": 0.20128001376001725,
      "median_abs_epsilon_precision_eq_species": 0.22009466615966064,
      "median_abs_epsilon_precision_ECOLI": 0.25279037973411,
      "median_abs_epsilon_precision_HUMAN": 0.19639292835666744,
      "median_abs_epsilon_precision_YEAST": 0.21110069038820445,
      "mean_log2_empirical_ECOLI": -1.9773456593071186,
      "mean_log2_empirical_HUMAN": -0.11185554963364952,
      "mean_log2_empirical_YEAST": 0.9612950192005483,
      "mean_abs_epsilon_precision_global": 0.33608531684081067,
      "mean_abs_epsilon_precision_eq_species": 0.36556858182163204,
      "mean_abs_epsilon_precision_ECOLI": 0.42262150674746046,
      "mean_abs_epsilon_precision_HUMAN": 0.32848475345434036,
      "mean_abs_epsilon_precision_YEAST": 0.3455994852630953,
      "CV_median": 0.16263909186555867,
      "CV_q75": 0.30342006525106796,
      "CV_q90": 0.4978288771773985,
      "CV_q95": 0.6423701488532663,
      "roc_auc": 0.9055543587073844,
      "roc_auc_directional": 0.9590635336947574,
      "nr_prec": 97980,
      "nr_prec_HUMAN": 73405,
      "nr_prec_YEAST": 20367,
      "nr_prec_ECOLI": 4208,
      "variance_epsilon_global": 0.272504216034621
    },
    "5": {
      "median_abs_epsilon_global": 0.22196530081785415,
      "median_abs_epsilon_eq_species": 0.2518632855741784,
      "median_abs_epsilon_ECOLI": 0.3073856633443892,
      "median_abs_epsilon_HUMAN": 0.2140149477872928,
      "median_abs_epsilon_YEAST": 0.2341892455908532,
      "mean_abs_epsilon_global": 0.3758968735446465,
      "mean_abs_epsilon_eq_species": 0.4190786832170274,
      "mean_abs_epsilon_ECOLI": 0.505967443960375,
      "mean_abs_epsilon_HUMAN": 0.3634303355568791,
      "mean_abs_epsilon_YEAST": 0.38783827013382816,
      "median_log2_empirical_ECOLI": -1.9743958064657043,
      "median_log2_empirical_HUMAN": -0.0692924980095384,
      "median_log2_empirical_YEAST": 0.9498829742020574,
      "median_abs_epsilon_precision_global": 0.21790734474466777,
      "median_abs_epsilon_precision_eq_species": 0.2486357715396418,
      "median_abs_epsilon_precision_ECOLI": 0.3050791519388234,
      "median_abs_epsilon_precision_HUMAN": 0.2088606616319879,
      "median_abs_epsilon_precision_YEAST": 0.23196750104811414,
      "mean_log2_empirical_ECOLI": -1.9496895429676477,
      "mean_log2_empirical_HUMAN": -0.11716441487882599,
      "mean_log2_empirical_YEAST": 0.9604408036417843,
      "mean_abs_epsilon_precision_global": 0.3721654192707838,
      "mean_abs_epsilon_precision_eq_species": 0.4165770559878091,
      "mean_abs_epsilon_precision_ECOLI": 0.5058315742027271,
      "mean_abs_epsilon_precision_HUMAN": 0.3593097538885882,
      "mean_abs_epsilon_precision_YEAST": 0.38458983987211204,
      "CV_median": 0.17325178083267045,
      "CV_q75": 0.32747850317629357,
      "CV_q90": 0.5393577296943828,
      "CV_q95": 0.6933478713084014,
      "roc_auc": 0.8899542024142302,
      "roc_auc_directional": 0.9466032134509037,
      "nr_prec": 107146,
      "nr_prec_HUMAN": 78773,
      "nr_prec_YEAST": 22928,
      "nr_prec_ECOLI": 5445,
      "variance_epsilon_global": 0.34246908578064783
    },
    "4": {
      "median_abs_epsilon_global": 0.22973849659745094,
      "median_abs_epsilon_eq_species": 0.2684007640364114,
      "median_abs_epsilon_ECOLI": 0.34180820884253293,
      "median_abs_epsilon_HUMAN": 0.21906540180031175,
      "median_abs_epsilon_YEAST": 0.24432868146638942,
      "mean_abs_epsilon_global": 0.39682658960191086,
      "mean_abs_epsilon_eq_species": 0.4522855815582154,
      "mean_abs_epsilon_ECOLI": 0.5668156330249627,
      "mean_abs_epsilon_HUMAN": 0.3799208729936814,
      "mean_abs_epsilon_YEAST": 0.41012023865600217,
      "median_log2_empirical_ECOLI": -1.9604051525583044,
      "median_log2_empirical_HUMAN": -0.07021474639760328,
      "median_log2_empirical_YEAST": 0.9489727965608541,
      "median_abs_epsilon_precision_global": 0.22510073164005195,
      "median_abs_epsilon_precision_eq_species": 0.26663682539776534,
      "median_abs_epsilon_precision_ECOLI": 0.3449138450818374,
      "median_abs_epsilon_precision_HUMAN": 0.21408665701001395,
      "median_abs_epsilon_precision_YEAST": 0.24090997410144466,
      "mean_log2_empirical_ECOLI": -1.9225016823000476,
      "mean_log2_empirical_HUMAN": -0.12048463620730916,
      "mean_log2_empirical_YEAST": 0.9575351845411729,
      "mean_abs_epsilon_precision_global": 0.3932552444515323,
      "mean_abs_epsilon_precision_eq_species": 0.4498452688299632,
      "mean_abs_epsilon_precision_ECOLI": 0.566728262382906,
      "mean_abs_epsilon_precision_HUMAN": 0.376010140633537,
      "mean_abs_epsilon_precision_YEAST": 0.40679740347344656,
      "CV_median": 0.17612696916139786,
      "CV_q75": 0.33410267384292125,
      "CV_q90": 0.5517792636463248,
      "CV_q95": 0.7082461659754816,
      "roc_auc": 0.8814952944140411,
      "roc_auc_directional": 0.9372585612294873,
      "nr_prec": 110664,
      "nr_prec_HUMAN": 80614,
      "nr_prec_YEAST": 23902,
      "nr_prec_ECOLI": 6148,
      "variance_epsilon_global": 0.3924284450012256
    },
    "3": {
      "median_abs_epsilon_global": 0.23163089938955217,
      "median_abs_epsilon_eq_species": 0.2708765842747323,
      "median_abs_epsilon_ECOLI": 0.3452573128284815,
      "median_abs_epsilon_HUMAN": 0.2207710198959134,
      "median_abs_epsilon_YEAST": 0.24660142009980213,
      "mean_abs_epsilon_global": 0.4040360741697135,
      "mean_abs_epsilon_eq_species": 0.45853838762339333,
      "mean_abs_epsilon_ECOLI": 0.5711626905811877,
      "mean_abs_epsilon_HUMAN": 0.3874084224247249,
      "mean_abs_epsilon_YEAST": 0.4170440498642674,
      "median_log2_empirical_ECOLI": -1.9572040069373866,
      "median_log2_empirical_HUMAN": -0.07005929532665256,
      "median_log2_empirical_YEAST": 0.9492060577348642,
      "median_abs_epsilon_precision_global": 0.22704100459420928,
      "median_abs_epsilon_precision_eq_species": 0.2686818810921879,
      "median_abs_epsilon_precision_ECOLI": 0.3472512876442826,
      "median_abs_epsilon_precision_HUMAN": 0.21602674605908856,
      "median_abs_epsilon_precision_YEAST": 0.24276760957319254,
      "mean_log2_empirical_ECOLI": -1.9164772076141874,
      "mean_log2_empirical_HUMAN": -0.11808896678729,
      "mean_log2_empirical_YEAST": 0.9576580813198311,
      "mean_abs_epsilon_precision_global": 0.4003047825385963,
      "mean_abs_epsilon_precision_eq_species": 0.4560522933244349,
      "mean_abs_epsilon_precision_ECOLI": 0.5711361071742806,
      "mean_abs_epsilon_precision_HUMAN": 0.38326157027375807,