{
  "old_new": "new",
  "id": "DIA-NN_20250429_142636",
  "software_name": "DIA-NN",
  "software_version": "1.9.2",
  "search_engine": "DIA-NN",
  "search_engine_version": "1.9.2",
  "ident_fdr_psm": "0.01",
  "ident_fdr_peptide": NaN,
  "ident_fdr_protein": NaN,
  "enable_match_between_runs": true,
  "precursor_mass_tolerance": "[-2.39031 ppm, 2.39031 ppm]",
  "fragment_mass_tolerance": "[-8.37286 ppm, 8.37286 ppm]",
  "enzyme": "Trypsin/P",
  "allowed_miscleavages": "1",
  "min_peptide_length": "6",
  "max_peptide_length": "30",
  "is_temporary": false,
  "intermediate_hash": "a762a3323caad86de91de85edeba7fb47689dc6f",
  "results": {
    "6": {
      "median_abs_epsilon": 0.169843852055706,
      "mean_abs_epsilon": 0.266905603522063,
      "variance_epsilon": 0.18110858118474402,
      "nr_prec": 74949,
      "CV_median": 0.11938514942778201,
      "CV_q90": 0.316567250568482,
      "CV_q75": 0.20702769715712102,
      "CV_q95": 0.39905564082549305
    },
    "5": {
      "median_abs_epsilon": 0.19064490716430701,
      "mean_abs_epsilon": 0.31976195081546605,
      "variance_epsilon": 0.29249864805090703,
      "nr_prec": 90894,
      "CV_median": 0.131715511238846,
      "CV_q90": 0.364435337370474,
      "CV_q75": 0.23281172896375601,
      "CV_q95": 0.476778238801903
    },
    "4": {
      "median_abs_epsilon": 0.21108830007030802,
      "mean_abs_epsilon": 0.383332176360752,
      "variance_epsilon": 0.472782992258291,
      "nr_prec": 102492,
      "CV_median": 0.138228113955323,
      "CV_q90": 0.39578761820100006,
      "CV_q75": 0.246994412957721,
      "CV_q95": 0.539634943343844
    },
    "3": {
      "median_abs_epsilon": 0.22269345532968501,
      "mean_abs_epsilon": 0.4312291891689,
      "variance_epsilon": 0.6449810923661731,
      "nr_prec": 112215,
      "CV_median": 0.14219561801431702,
      "CV_q90": 0.418769274446377,
      "CV_q75": 0.25634850748847204,
      "CV_q95": 0.590942051938778
    },
    "2": {
      "median_abs_epsilon": 0.22855396843695502,
      "mean_abs_epsilon": 0.45523484999963404,
      "variance_epsilon": 0.7512554237583761,
      "nr_prec": 118510,
      "CV_median": 0.143579716163722,
      "CV_q90": 0.429033174543169,
      "CV_q75": 0.25991396396591504,
      "CV_q95": 0.6165135232894451
    },
    "1": {
      "median_abs_epsilon": 0.22855396843695502,
      "mean_abs_epsilon": 0.45523484999963404,
      "variance_epsilon": 0.7512554237583761,
      "nr_prec": 122188,
      "CV_median": 0.143579716163722,
      "CV_q90": 0.429033174543169,
      "CV_q75": 0.25991396396591504,
      "CV_q95": 0.6165135232894451
    }
  },
  "median_abs_epsilon": 0.22269345532968501,
  "mean_abs_epsilon": 0.4312291891689,
  "nr_prec": 112215,
  "comments": "",
  "proteobench_version": "0.8.6",
  "color": "#8c564b",
  "hover_text": "ProteoBench ID: DIA-NN_20250429_142636<br>Software tool: DIA-NN 1.9.2<br>Search engine: DIA-NN 1.9.2<br>FDR psm: 0.01<br>MBR: True<br>Precursor Tolerance: [-2.39031 ppm, 2.39031 ppm]<br>Fragment Tolerance: [-8.37286 ppm, 8.37286 ppm]<br>Enzyme: Trypsin/P <br>Missed Cleavages: 1<br>Min peptide length: 6<br>Max peptide length: 30<br>Comment (public submission): Conservati......",
  "scatter_size": 10,
  "fixed_mods": "unimod4",
  "variable_mods": "UniMod:35/15.994915/M,UniMod:1/42.010565/*n",
  "max_mods": "1",
  "min_precursor_charge": "1",
  "max_precursor_charge": "4",
  "quantification_method": "QuantUMS high-precision",
  "protein_inference": "Genes",
  "abundance_normalization_ions": null,
  "submission_comments": "\n\n ### Parameter changes detected:\n- **ident_fdr_protein**: `None` \u2192 `nan`\n- **ident_fdr_peptide**: `None` \u2192 `nan`\n\nDataset URL: https://proteobench.cubimed.rub.de/datasets/a762a3323caad86de91de85edeba7fb47689dc6f/"
}