{
  "old_new": "new",
  "id": "DIA-NN_20250429_142636",
  "software_name": "DIA-NN",
  "software_version": "1.9.2",
  "search_engine": "DIA-NN",
  "search_engine_version": "1.9.2",
  "ident_fdr_psm": "0.01",
  "ident_fdr_peptide": NaN,
  "ident_fdr_protein": NaN,
  "enable_match_between_runs": true,
  "precursor_mass_tolerance": "[-2.39031 ppm, 2.39031 ppm]",
  "fragment_mass_tolerance": "[-8.37286 ppm, 8.37286 ppm]",
  "enzyme": "Trypsin/P",
  "allowed_miscleavages": "1",
  "min_peptide_length": "6",
  "max_peptide_length": "30",
  "is_temporary": false,
  "intermediate_hash": "a762a3323caad86de91de85edeba7fb47689dc6f",
  "results": {
    "6": {
      "median_abs_epsilon": 0.16984385205570618,
      "mean_abs_epsilon": 0.2669056035220634,
      "variance_epsilon": 0.1811085811847448,
      "nr_prec": 74949,
      "CV_median": 0.11938514942778222,
      "CV_q90": 0.31656725056848245,
      "CV_q75": 0.20702769715712196,
      "CV_q95": 0.39905564082549305
    },
    "5": {
      "median_abs_epsilon": 0.19064490716430704,
      "mean_abs_epsilon": 0.3197619508154661,
      "variance_epsilon": 0.2924986480509078,
      "nr_prec": 90894,
      "CV_median": 0.1317155112388468,
      "CV_q90": 0.3644353373704745,
      "CV_q75": 0.23281172896375607,
      "CV_q95": 0.476778238801903
    },
    "4": {
      "median_abs_epsilon": 0.21108830007030832,
      "mean_abs_epsilon": 0.3833321763607521,
      "variance_epsilon": 0.47278299225829196,
      "nr_prec": 102492,
      "CV_median": 0.13822811395532394,
      "CV_q90": 0.3957876182010008,
      "CV_q75": 0.24699441295772162,
      "CV_q95": 0.5396349433438441
    },
    "3": {
      "median_abs_epsilon": 0.22269345532968554,
      "mean_abs_epsilon": 0.43122918916890074,
      "variance_epsilon": 0.6449810923661738,
      "nr_prec": 112215,
      "CV_median": 0.1421956180143178,
      "CV_q90": 0.41876927444637724,
      "CV_q75": 0.2563485074884723,
      "CV_q95": 0.5909420519387782
    },
    "2": {
      "median_abs_epsilon": 0.2285539684369553,
      "mean_abs_epsilon": 0.4552348499996343,
      "variance_epsilon": 0.7512554237583764,
      "nr_prec": 118510,
      "CV_median": 0.14357971616372242,
      "CV_q90": 0.42903317454316925,
      "CV_q75": 0.25991396396591565,
      "CV_q95": 0.6165135232894451
    },
    "1": {
      "median_abs_epsilon": 0.2285539684369553,
      "mean_abs_epsilon": 0.4552348499996343,
      "variance_epsilon": 0.7512554237583763,
      "nr_prec": 122188,
      "CV_median": 0.14357971616372242,
      "CV_q90": 0.42903317454316925,
      "CV_q75": 0.25991396396591565,
      "CV_q95": 0.6165135232894451
    }
  },
  "median_abs_epsilon": 0.22269345532968554,
  "mean_abs_epsilon": 0.43122918916890074,
  "nr_prec": 112215,
  "comments": "",
  "proteobench_version": "0.8.6",
  "color": "#8c564b",
  "hover_text": "ProteoBench ID: DIA-NN_20250429_142636<br>Software tool: DIA-NN <br>Comment (private submission): ...",
  "scatter_size": 20,
  "fixed_mods": "unimod4",
  "variable_mods": "UniMod:35/15.994915/M,UniMod:1/42.010565/*n",
  "max_mods": "1",
  "min_precursor_charge": "1",
  "max_precursor_charge": "4",
  "quantification_method": "QuantUMS high-precision",
  "protein_inference": "Genes",
  "abundance_normalization_ions": null,
  "submission_comments": "Conservative NN classifier\n\n ### Parameter changes Detected:\n- **ident_fdr_protein**: `None` \u2192 `nan`\n- **ident_fdr_peptide**: `None` \u2192 `nan`\n\nDataset URL: https://proteobench.cubimed.rub.de/datasets/a762a3323caad86de91de85edeba7fb47689dc6f/"
}