{
  "old_new": "new",
  "id": "PEAKS_20250605_172158",
  "software_name": "PEAKS",
  "software_version": "13 20250515",
  "search_engine": "PEAKS",
  "search_engine_version": "13 20250515",
  "ident_fdr_psm": null,
  "ident_fdr_peptide": "1.0%",
  "ident_fdr_protein": null,
  "enable_match_between_runs": true,
  "precursor_mass_tolerance": "Auto Detected",
  "fragment_mass_tolerance": "Auto Detected",
  "enzyme": "Specified by each sample",
  "allowed_miscleavages": 1,
  "min_peptide_length": 6,
  "max_peptide_length": 30,
  "is_temporary": false,
  "intermediate_hash": "aa1d53e859aae10d0f5b991862bc2dedbf2f79f6",
  "results": {
    "6": {
      "median_abs_epsilon_global": 0.1979527792992748,
      "median_abs_epsilon_eq_species": 0.206811372495606,
      "median_abs_epsilon_ECOLI": 0.2221146033542718,
      "median_abs_epsilon_HUMAN": 0.1958964408227004,
      "median_abs_epsilon_YEAST": 0.20242307330984577,
      "mean_abs_epsilon_global": 0.2999101261205817,
      "mean_abs_epsilon_eq_species": 0.3053270784876703,
      "mean_abs_epsilon_ECOLI": 0.3179104505467684,
      "mean_abs_epsilon_HUMAN": 0.29945861152979664,
      "mean_abs_epsilon_YEAST": 0.2986121733864459,
      "median_log2_empirical_ECOLI": -1.9176916040581933,
      "median_log2_empirical_HUMAN": -0.026746378549619365,
      "median_log2_empirical_YEAST": 0.9460486342425289,
      "median_abs_epsilon_precision_global": 0.19798371405713588,
      "median_abs_epsilon_precision_eq_species": 0.2017132761348206,
      "median_abs_epsilon_precision_ECOLI": 0.20661211640169252,
      "median_abs_epsilon_precision_HUMAN": 0.19696503658788345,
      "median_abs_epsilon_precision_YEAST": 0.20156267541488582,
      "mean_log2_empirical_ECOLI": -1.9071061480103702,
      "mean_log2_empirical_HUMAN": -0.08738561647832249,
      "mean_log2_empirical_YEAST": 0.900838462132816,
      "mean_abs_epsilon_precision_global": 0.3023168001802944,
      "mean_abs_epsilon_precision_eq_species": 0.30316259499139525,
      "mean_abs_epsilon_precision_ECOLI": 0.3088930572372168,
      "mean_abs_epsilon_precision_HUMAN": 0.30328898290474104,
      "mean_abs_epsilon_precision_YEAST": 0.297305744832228,
      "CV_median": 0.1531408723953308,
      "CV_q75": 0.2716513144572855,
      "CV_q90": 0.41654952720005617,
      "CV_q95": 0.5193931881233431,
      "roc_auc": 0.9174786131076926,
      "roc_auc_directional": 0.9697253519808222,
      "nr_prec": 89817,
      "nr_prec_HUMAN": 69421,
      "nr_prec_YEAST": 17400,
      "nr_prec_ECOLI": 2996,
      "variance_epsilon_global": 0.19611068533611264
    },
    "5": {
      "median_abs_epsilon_global": 0.20878680796313098,
      "median_abs_epsilon_eq_species": 0.22177502599019436,
      "median_abs_epsilon_ECOLI": 0.241753459122668,
      "median_abs_epsilon_HUMAN": 0.204958271459585,
      "median_abs_epsilon_YEAST": 0.21861334738833005,
      "mean_abs_epsilon_global": 0.3178675850483041,
      "mean_abs_epsilon_eq_species": 0.32945564013754086,
      "mean_abs_epsilon_ECOLI": 0.3491365873988714,
      "mean_abs_epsilon_HUMAN": 0.3147469803662867,
      "mean_abs_epsilon_YEAST": 0.3244833526474647,
      "median_log2_empirical_ECOLI": -1.9046174297370282,
      "median_log2_empirical_HUMAN": -0.027024882435615183,
      "median_log2_empirical_YEAST": 0.9385869166299718,
      "median_abs_epsilon_precision_global": 0.20912863975645557,
      "median_abs_epsilon_precision_eq_species": 0.2151575816759168,
      "median_abs_epsilon_precision_ECOLI": 0.22229595841104022,
      "median_abs_epsilon_precision_HUMAN": 0.206447881844932,
      "median_abs_epsilon_precision_YEAST": 0.2167289047717782,
      "mean_log2_empirical_ECOLI": -1.8810448451065647,
      "mean_log2_empirical_HUMAN": -0.08749604634571112,
      "mean_log2_empirical_YEAST": 0.8843327153882998,
      "mean_abs_epsilon_precision_global": 0.31994633140622186,
      "mean_abs_epsilon_precision_eq_species": 0.32639030865760615,
      "mean_abs_epsilon_precision_ECOLI": 0.3380313568015435,
      "mean_abs_epsilon_precision_HUMAN": 0.3184127266054147,
      "mean_abs_epsilon_precision_YEAST": 0.3227268425658602,
      "CV_median": 0.1602444454429211,
      "CV_q75": 0.2855320175262892,
      "CV_q90": 0.4385900256700463,
      "CV_q95": 0.5455234548504303,
      "roc_auc": 0.9035818406279726,
      "roc_auc_directional": 0.9623331498443479,
      "nr_prec": 99499,
      "nr_prec_HUMAN": 76286,
      "nr_prec_YEAST": 19786,
      "nr_prec_ECOLI": 3427,
      "variance_epsilon_global": 0.21857934480893879
    },
    "4": {
      "median_abs_epsilon_global": 0.21329375388158667,
      "median_abs_epsilon_eq_species": 0.22759089103755178,
      "median_abs_epsilon_ECOLI": 0.2492274251596429,
      "median_abs_epsilon_HUMAN": 0.208805514053636,
      "median_abs_epsilon_YEAST": 0.2247397338993764,
      "mean_abs_epsilon_global": 0.3262048547758408,
      "mean_abs_epsilon_eq_species": 0.34369120407745285,
      "mean_abs_epsilon_ECOLI": 0.3733267749878942,
      "mean_abs_epsilon_HUMAN": 0.32141738239936907,
      "mean_abs_epsilon_YEAST": 0.3363294548450953,
      "median_log2_empirical_ECOLI": -1.8983338894865112,
      "median_log2_empirical_HUMAN": -0.02685921051754203,
      "median_log2_empirical_YEAST": 0.9342563237585875,
      "median_abs_epsilon_precision_global": 0.21330214178230644,
      "median_abs_epsilon_precision_eq_species": 0.22125851666152632,
      "median_abs_epsilon_precision_ECOLI": 0.23082449617387724,
      "median_abs_epsilon_precision_HUMAN": 0.21017428261568494,
      "median_abs_epsilon_precision_YEAST": 0.22277677119501682,
      "mean_log2_empirical_ECOLI": -1.856843371174699,
      "mean_log2_empirical_HUMAN": -0.08654565162147382,
      "mean_log2_empirical_YEAST": 0.8740970934063316,
      "mean_abs_epsilon_precision_global": 0.3281087106035321,
      "mean_abs_epsilon_precision_eq_species": 0.34036884568278375,
      "mean_abs_epsilon_precision_ECOLI": 0.36176313088678674,
      "mean_abs_epsilon_precision_HUMAN": 0.3249317213276744,
      "mean_abs_epsilon_precision_YEAST": 0.3344116848338901,
      "CV_median": 0.16160064666598623,
      "CV_q75": 0.288495563113191,
      "CV_q90": 0.4437281037998071,
      "CV_q95": 0.5521272924657037,
      "roc_auc": 0.8969952453944166,
      "roc_auc_directional": 0.9565322149872099,
      "nr_prec": 102531,
      "nr_prec_HUMAN": 78476,
      "nr_prec_YEAST": 20483,
      "nr_prec_ECOLI": 3572,
      "variance_epsilon_global": 0.23121054588711903
    },
    "3": {
      "median_abs_epsilon_global": 0.21442895518620375,
      "median_abs_epsilon_eq_species": 0.22908405215201513,
      "median_abs_epsilon_ECOLI": 0.2510316413171019,
      "median_abs_epsilon_HUMAN": 0.21007486869099967,
      "median_abs_epsilon_YEAST": 0.22614564644794388,
      "mean_abs_epsilon_global": 0.3285861245678174,
      "mean_abs_epsilon_eq_species": 0.3464576389409679,
      "mean_abs_epsilon_ECOLI": 0.3758641798583261,
      "mean_abs_epsilon_HUMAN": 0.3234404785555908,
      "mean_abs_epsilon_YEAST": 0.34006825840898686,
      "median_log2_empirical_ECOLI": -1.8980461082344018,
      "median_log2_empirical_HUMAN": -0.026839779702682698,
      "median_log2_empirical_YEAST": 0.932990471760041,
      "median_abs_epsilon_precision_global": 0.21452383446788925,
      "median_abs_epsilon_precision_eq_species": 0.2223299415100636,
      "median_abs_epsilon_precision_ECOLI": 0.23143367292691686,
      "median_abs_epsilon_precision_HUMAN": 0.21127561117133808,
      "median_abs_epsilon_precision_YEAST": 0.2242805404319359,
      "mean_log2_empirical_ECOLI": -1.855207631361474,
      "mean_log2_empirical_HUMAN": -0.08647331511521167,
      "mean_log2_empirical_YEAST": 0.8705334131541046,
      "mean_abs_epsilon_precision_global": 0.33049247493128875,
      "mean_abs_epsilon_precision_eq_species": 0.3431106381972325,
      "mean_abs_epsilon_precision_ECOLI": 0.3641710889122109,
      "mean_abs_epsilon_precision_HUMAN": 0.3269464956356611,