{
  "old_new": "new",
  "id": "PEAKS_20250605_172158",
  "software_name": "PEAKS",
  "software_version": "13 20250515",
  "search_engine": "PEAKS",
  "search_engine_version": "13 20250515",
  "ident_fdr_psm": null,
  "ident_fdr_peptide": "1.0%",
  "ident_fdr_protein": null,
  "enable_match_between_runs": true,
  "precursor_mass_tolerance": "Auto Detected",
  "fragment_mass_tolerance": "Auto Detected",
  "enzyme": "Specified by each sample",
  "allowed_miscleavages": "1",
  "min_peptide_length": "6",
  "max_peptide_length": "30",
  "is_temporary": false,
  "intermediate_hash": "aa1d53e859aae10d0f5b991862bc2dedbf2f79f6",
  "results": {
    "6": {
      "median_abs_epsilon": 0.19783502923215135,
      "mean_abs_epsilon": 0.3002212013928471,
      "variance_epsilon": 0.19714621115189015,
      "nr_prec": 90718,
      "CV_median": 0.15270923675312637,
      "CV_q90": 0.4161948732487551,
      "CV_q75": 0.2711694315220633,
      "CV_q95": 0.5193429887966752
    },
    "5": {
      "median_abs_epsilon": 0.20874367008168448,
      "mean_abs_epsilon": 0.31827743280626564,
      "variance_epsilon": 0.22027399629475347,
      "nr_prec": 100461,
      "CV_median": 0.1598740964460687,
      "CV_q90": 0.43831123707904074,
      "CV_q75": 0.28510029385039337,
      "CV_q95": 0.5455944609485462
    },
    "4": {
      "median_abs_epsilon": 0.2132093054435824,
      "mean_abs_epsilon": 0.326537468404261,
      "variance_epsilon": 0.2327479248183999,
      "nr_prec": 103507,
      "CV_median": 0.16120437047756314,
      "CV_q90": 0.4434802128825388,
      "CV_q75": 0.28801829701864445,
      "CV_q95": 0.5520712346795812
    },
    "3": {
      "median_abs_epsilon": 0.21435465208240778,
      "mean_abs_epsilon": 0.3289087573038641,
      "variance_epsilon": 0.23660812889196617,
      "nr_prec": 132484,
      "CV_median": 0.17512355893372486,
      "CV_q90": 0.47352024263511283,
      "CV_q75": 0.3121044141203445,
      "CV_q95": 0.5831438937277809
    },
    "2": {
      "median_abs_epsilon": 0.21456835809953745,
      "mean_abs_epsilon": 0.329405278958523,
      "variance_epsilon": 0.2375460090550799,
      "nr_prec": 140894,
      "CV_median": 0.17715719429292356,
      "CV_q90": 0.48134630427271924,
      "CV_q75": 0.31671257564355315,
      "CV_q95": 0.5927426965606992
    },
    "1": {
      "median_abs_epsilon": 0.21456835809953745,
      "mean_abs_epsilon": 0.32940527895852295,
      "variance_epsilon": 0.2375460090550799,
      "nr_prec": 141676,
      "CV_median": 0.17715719429292356,
      "CV_q90": 0.48134630427271924,
      "CV_q75": 0.31671257564355315,
      "CV_q95": 0.5927426965606992
    }
  },
  "median_abs_epsilon": 0.21435465208240778,
  "mean_abs_epsilon": 0.3289087573038641,
  "nr_prec": 132484,
  "comments": "",
  "proteobench_version": "0.8.19",
  "color": "#f781bf",
  "hover_text": "ProteoBench ID: PEAKS_20250605_172158<br>Software tool: PEAKS <br>Comment (private submission): ...",
  "scatter_size": 20,
  "fixed_mods": "Carbamidomethylation (+57.02)",
  "variable_mods": "Acetylation (Protein N-term) (+42.01) ,Oxidation (M) (+15.99)",
  "max_mods": "1",
  "min_precursor_charge": "1",
  "max_precursor_charge": "5",
  "quantification_method": "Identification Directed Quantification",
  "protein_inference": null,
  "abundance_normalization_ions": "No Normalization",
  "submission_comments": "\n\n ### No parameter changes detected. \n\n\nDataset URL: https://proteobench.cubimed.rub.de/datasets/aa1d53e859aae10d0f5b991862bc2dedbf2f79f6/"
}