{
  "old_new": "new",
  "id": "DIA-NN_20250429_143617",
  "software_name": "DIA-NN",
  "software_version": "1.9.2",
  "search_engine": "DIA-NN",
  "search_engine_version": "1.9.2",
  "ident_fdr_psm": "0.01",
  "ident_fdr_peptide": NaN,
  "ident_fdr_protein": NaN,
  "enable_match_between_runs": true,
  "precursor_mass_tolerance": "[-2.42372 ppm, 2.42372 ppm]",
  "fragment_mass_tolerance": "[-8.32578 ppm, 8.32578 ppm]",
  "enzyme": "Trypsin/P",
  "allowed_miscleavages": "1",
  "min_peptide_length": "6",
  "max_peptide_length": "30",
  "is_temporary": false,
  "intermediate_hash": "aafc180406c591069dc562edbefa52f40d6d494e",
  "results": {
    "6": {
      "median_abs_epsilon": 0.12679814792075916,
      "mean_abs_epsilon": 0.1853577644117968,
      "variance_epsilon": 0.07734072049487001,
      "nr_prec": 43503,
      "CV_median": 0.08331830245413133,
      "CV_q90": 0.19995039114594856,
      "CV_q75": 0.13603334834377584,
      "CV_q95": 0.24576260285224713
    },
    "5": {
      "median_abs_epsilon": 0.13737855030442425,
      "mean_abs_epsilon": 0.20247570984807411,
      "variance_epsilon": 0.09223543021569774,
      "nr_prec": 52690,
      "CV_median": 0.08942522704169806,
      "CV_q90": 0.22286727710152937,
      "CV_q75": 0.14893937453621237,
      "CV_q95": 0.27617386597179744
    },
    "4": {
      "median_abs_epsilon": 0.1486773995059032,
      "mean_abs_epsilon": 0.22327044966337736,
      "variance_epsilon": 0.11465020391898334,
      "nr_prec": 60045,
      "CV_median": 0.09303845577646806,
      "CV_q90": 0.2346398447092462,
      "CV_q75": 0.15645800384737069,
      "CV_q95": 0.29185913072541936
    },
    "3": {
      "median_abs_epsilon": 0.15640992495657535,
      "mean_abs_epsilon": 0.2362420191099288,
      "variance_epsilon": 0.1274735439449371,
      "nr_prec": 68390,
      "CV_median": 0.09580476599732687,
      "CV_q90": 0.24433510751003346,
      "CV_q75": 0.16195096089699812,
      "CV_q95": 0.3050601026600983
    },
    "2": {
      "median_abs_epsilon": 0.16066835935296453,
      "mean_abs_epsilon": 0.24552358462249751,
      "variance_epsilon": 0.14186317723897895,
      "nr_prec": 75277,
      "CV_median": 0.09692854022088311,
      "CV_q90": 0.24949589309907166,
      "CV_q75": 0.16467113326472937,
      "CV_q95": 0.31276101027804404
    },
    "1": {
      "median_abs_epsilon": 0.16066835935296453,
      "mean_abs_epsilon": 0.24552358462249751,
      "variance_epsilon": 0.14186317723897895,
      "nr_prec": 81570,
      "CV_median": 0.09692854022088311,
      "CV_q90": 0.24949589309907166,
      "CV_q75": 0.16467113326472937,
      "CV_q95": 0.31276101027804404
    }
  },
  "median_abs_epsilon": 0.15640992495657535,
  "mean_abs_epsilon": 0.2362420191099288,
  "nr_prec": 68390,
  "comments": "",
  "proteobench_version": "0.8.6",
  "color": "#d30067",
  "hover_text": "ProteoBench ID: DIA-NN_20250429_143617<br>Software tool: DIA-NN <br>Comment (private submission): ...",
  "scatter_size": 40,
  "fixed_mods": "unimod4",
  "variable_mods": "UniMod:35/15.994915/M,UniMod:1/42.010565/*n",
  "max_mods": "1",
  "min_precursor_charge": "1",
  "max_precursor_charge": "4",
  "quantification_method": "QuantUMS high-precision",
  "protein_inference": "Genes",
  "abundance_normalization_ions": null,
  "submission_comments": "Linear NN classifier\n\n ### Parameter changes Detected:\n- **ident_fdr_protein**: `None` \u2192 `nan`\n- **ident_fdr_peptide**: `None` \u2192 `nan`\n\nDataset URL: https://proteobench.cubimed.rub.de/datasets/aafc180406c591069dc562edbefa52f40d6d494e/"
}