{
  "old_new": "new",
  "id": "AlphaDIA_20250502_142502",
  "software_name": "AlphaDIA",
  "software_version": "1.10.3",
  "search_engine": "AlphaDIA",
  "search_engine_version": NaN,
  "ident_fdr_psm": "0.01",
  "ident_fdr_peptide": NaN,
  "ident_fdr_protein": "0.01",
  "enable_match_between_runs": true,
  "precursor_mass_tolerance": "[-10 ppm, 10 ppm]",
  "fragment_mass_tolerance": "[-15 ppm, 15 ppm]",
  "enzyme": "trypsin/p ",
  "allowed_miscleavages": "1",
  "min_peptide_length": "6",
  "max_peptide_length": "30",
  "is_temporary": false,
  "intermediate_hash": "afce629e2b84217ac1f8f61a98f56bb3b9437e33",
  "results": {
    "6": {
      "median_abs_epsilon": 0.26212120056121613,
      "mean_abs_epsilon": 0.49661904655622396,
      "variance_epsilon": 0.7741478591906598,
      "nr_prec": 12668,
      "CV_median": 0.19825991833748885,
      "CV_q90": 0.4581809009630263,
      "CV_q75": 0.31465238439351567,
      "CV_q95": 0.597266519644467
    },
    "5": {
      "median_abs_epsilon": 0.28859329223480756,
      "mean_abs_epsilon": 0.5850159909513285,
      "variance_epsilon": 1.0654595805722709,
      "nr_prec": 17215,
      "CV_median": 0.20297591875758297,
      "CV_q90": 0.48683976565684095,
      "CV_q75": 0.32687416952389936,
      "CV_q95": 0.6446108060958831
    },
    "4": {
      "median_abs_epsilon": 0.3268210093174204,
      "mean_abs_epsilon": 0.7241671503884557,
      "variance_epsilon": 1.516788473844288,
      "nr_prec": 20223,
      "CV_median": 0.2043999262352102,
      "CV_q90": 0.4924017638608036,
      "CV_q75": 0.3302459660345548,
      "CV_q95": 0.6527162785164697
    },
    "3": {
      "median_abs_epsilon": 0.33130757013965173,
      "mean_abs_epsilon": 0.7336550761630289,
      "variance_epsilon": 1.5491568860242735,
      "nr_prec": 30113,
      "CV_median": 0.20446302561224006,
      "CV_q90": 0.49057588306046873,
      "CV_q75": 0.32924457179501465,
      "CV_q95": 0.6513891114244541
    },
    "2": {
      "median_abs_epsilon": 0.33403682708743077,
      "mean_abs_epsilon": 0.7372277186913363,
      "variance_epsilon": 1.5623494153037756,
      "nr_prec": 31671,
      "CV_median": 0.20434430118944194,
      "CV_q90": 0.49418938024054115,
      "CV_q75": 0.33050318211547913,
      "CV_q95": 0.6576801660367622
    },
    "1": {
      "median_abs_epsilon": 0.33403682708743077,
      "mean_abs_epsilon": 0.7372277186913363,
      "variance_epsilon": 1.5623494153037756,
      "nr_prec": 31671,
      "CV_median": 0.20434430118944194,
      "CV_q90": 0.49418938024054115,
      "CV_q75": 0.33050318211547913,
      "CV_q95": 0.6576801660367622
    }
  },
  "median_abs_epsilon": 0.33130757013965173,
  "mean_abs_epsilon": 0.7336550761630289,
  "nr_prec": 30113,
  "comments": "",
  "proteobench_version": "0.8.7",
  "color": "#4daf4a",
  "hover_text": "ProteoBench ID: AlphaDIA_20250502_142502<br>Software tool: AlphaDIA <br>Comment (private submission): ...",
  "scatter_size": 20,
  "fixed_mods": "Carbamidomethyl@C",
  "variable_mods": "Oxidation@M;Acetyl@Protein_N-term",
  "max_mods": "1 ",
  "min_precursor_charge": "1",
  "max_precursor_charge": "4",
  "quantification_method": "DirectLFQ",
  "protein_inference": "heuristic",
  "abundance_normalization_ions": NaN,
  "submission_comments": "\n\n ### Parameter changes Detected:\n- **search_engine_version**: `None` \u2192 `nan`\n- **abundance_normalization_ions**: `None` \u2192 `nan`\n- **ident_fdr_peptide**: `None` \u2192 `nan`\n\nDataset URL: https://proteobench.cubimed.rub.de/datasets/afce629e2b84217ac1f8f61a98f56bb3b9437e33/"
}