{
  "old_new": "new",
  "id": "AlphaDIA_20250605_170458",
  "software_name": "AlphaDIA",
  "software_version": "1.10.3",
  "search_engine": "AlphaDIA",
  "search_engine_version": NaN,
  "ident_fdr_psm": "0.01",
  "ident_fdr_peptide": NaN,
  "ident_fdr_protein": "0.01",
  "enable_match_between_runs": true,
  "precursor_mass_tolerance": "[-10 ppm, 10 ppm]",
  "fragment_mass_tolerance": "[-15 ppm, 15 ppm]",
  "enzyme": "trypsin/p ",
  "allowed_miscleavages": "1",
  "min_peptide_length": 6,
  "max_peptide_length": 30,
  "is_temporary": false,
  "intermediate_hash": "afce629e2b84217ac1f8f61a98f56bb3b9437e33",
  "results": {
    "6": {
      "median_abs_epsilon_global": 0.26207097371414534,
      "median_abs_epsilon_eq_species": 0.29198582967048853,
      "median_abs_epsilon_ECOLI": 0.3357432683308694,
      "median_abs_epsilon_HUMAN": 0.2519340515125741,
      "median_abs_epsilon_YEAST": 0.2882801691680221,
      "mean_abs_epsilon_global": 0.49416092044392324,
      "mean_abs_epsilon_eq_species": 0.5052852303150902,
      "mean_abs_epsilon_ECOLI": 0.48647885506870814,
      "mean_abs_epsilon_HUMAN": 0.4800172907571201,
      "mean_abs_epsilon_YEAST": 0.5493595451194423,
      "median_log2_empirical_ECOLI": -1.78861618042008,
      "median_log2_empirical_HUMAN": -0.06721242268879024,
      "median_log2_empirical_YEAST": 0.838802655539304,
      "median_abs_epsilon_precision_global": 0.258523305266646,
      "median_abs_epsilon_precision_eq_species": 0.2729558944709864,
      "median_abs_epsilon_precision_ECOLI": 0.2893606821710577,
      "median_abs_epsilon_precision_HUMAN": 0.25328445434547575,
      "median_abs_epsilon_precision_YEAST": 0.27622254689642567,
      "mean_log2_empirical_ECOLI": -1.7961654743710407,
      "mean_log2_empirical_HUMAN": -0.21704196503385564,
      "mean_log2_empirical_YEAST": 0.6488175825184425,
      "mean_abs_epsilon_precision_global": 0.5091573060671577,
      "mean_abs_epsilon_precision_eq_species": 0.5001321643354156,
      "mean_abs_epsilon_precision_ECOLI": 0.44631489584508754,
      "mean_abs_epsilon_precision_HUMAN": 0.4989809753532034,
      "mean_abs_epsilon_precision_YEAST": 0.5551006218079558,
      "CV_median": 0.19835427825297708,
      "CV_q75": 0.31461357824772473,
      "CV_q90": 0.45752136443542823,
      "CV_q95": 0.5949110009244634,
      "roc_auc": 0.8316307787169555,
      "roc_auc_directional": 0.8978957301979076,
      "nr_prec": 12579,
      "nr_prec_HUMAN": 9763,
      "nr_prec_YEAST": 2540,
      "nr_prec_ECOLI": 276,
      "variance_epsilon_global": 0.763221656681259
    },
    "5": {
      "median_abs_epsilon_global": 0.288511594135457,
      "median_abs_epsilon_eq_species": 0.3314522637264628,
      "median_abs_epsilon_ECOLI": 0.3949313163749988,
      "median_abs_epsilon_HUMAN": 0.27878475189371166,
      "median_abs_epsilon_YEAST": 0.320640722910678,
      "mean_abs_epsilon_global": 0.582769809868842,
      "mean_abs_epsilon_eq_species": 0.6120798335280707,
      "mean_abs_epsilon_ECOLI": 0.6288794410389265,
      "mean_abs_epsilon_HUMAN": 0.5664091539255801,
      "mean_abs_epsilon_YEAST": 0.6409509056197056,
      "median_log2_empirical_ECOLI": -1.7512553532914286,
      "median_log2_empirical_HUMAN": -0.08066050211661491,
      "median_log2_empirical_YEAST": 0.8149375120803821,
      "median_abs_epsilon_precision_global": 0.28642733891743344,
      "median_abs_epsilon_precision_eq_species": 0.31708465682109715,
      "median_abs_epsilon_precision_ECOLI": 0.36074431737273116,
      "median_abs_epsilon_precision_HUMAN": 0.27922709782952815,
      "median_abs_epsilon_precision_YEAST": 0.3112825552610321,
      "mean_log2_empirical_ECOLI": -1.776854600150272,
      "mean_log2_empirical_HUMAN": -0.2905995601355158,
      "mean_log2_empirical_YEAST": 0.5626497614456206,
      "mean_abs_epsilon_precision_global": 0.6117796544285213,
      "mean_abs_epsilon_precision_eq_species": 0.6144515375904179,
      "mean_abs_epsilon_precision_ECOLI": 0.5824252027648095,
      "mean_abs_epsilon_precision_HUMAN": 0.600394375730747,
      "mean_abs_epsilon_precision_YEAST": 0.6605350342756974,
      "CV_median": 0.2031002499196275,
      "CV_q75": 0.3268520983580806,
      "CV_q90": 0.48621964202667795,
      "CV_q95": 0.6419699227723958,
      "roc_auc": 0.8013773814937004,
      "roc_auc_directional": 0.8695641192327664,
      "nr_prec": 17106,
      "nr_prec_HUMAN": 13278,
      "nr_prec_YEAST": 3374,
      "nr_prec_ECOLI": 454,
      "variance_epsilon_global": 1.0547344654384356
    },
    "4": {
      "median_abs_epsilon_global": 0.32672627767251505,
      "median_abs_epsilon_eq_species": 0.3933358457353151,
      "median_abs_epsilon_ECOLI": 0.5155576864854652,
      "median_abs_epsilon_HUMAN": 0.31422821681124447,
      "median_abs_epsilon_YEAST": 0.35022163390923566,
      "mean_abs_epsilon_global": 0.7221601813548681,
      "mean_abs_epsilon_eq_species": 0.763406152300958,
      "mean_abs_epsilon_ECOLI": 0.8083594605140989,
      "mean_abs_epsilon_HUMAN": 0.7048499616093317,
      "mean_abs_epsilon_YEAST": 0.7770090347794434,
      "median_log2_empirical_ECOLI": -1.6753897666913016,
      "median_log2_empirical_HUMAN": -0.10919952392593402,
      "median_log2_empirical_YEAST": 0.778910954793286,
      "median_abs_epsilon_precision_global": 0.3287855784151308,
      "median_abs_epsilon_precision_eq_species": 0.3758992089141137,
      "median_abs_epsilon_precision_ECOLI": 0.45960489908750723,
      "median_abs_epsilon_precision_HUMAN": 0.3192634582514948,
      "median_abs_epsilon_precision_YEAST": 0.348829269403339,
      "mean_log2_empirical_ECOLI": -1.6871750447994838,
      "mean_log2_empirical_HUMAN": -0.4259383755036328,
      "mean_log2_empirical_YEAST": 0.4231566203437513,
      "mean_abs_epsilon_precision_global": 0.7756231409511029,
      "mean_abs_epsilon_precision_eq_species": 0.7762161688130801,
      "mean_abs_epsilon_precision_ECOLI": 0.7445978370780731,
      "mean_abs_epsilon_precision_HUMAN": 0.7666795771179076,
      "mean_abs_epsilon_precision_YEAST": 0.8173710922432594,
      "CV_median": 0.20444818750546603,
      "CV_q75": 0.33019362288141685,
      "CV_q90": 0.4919790924153725,
      "CV_q95": 0.6496223198596536,
      "roc_auc": 0.7600308935319062,
      "roc_auc_directional": 0.8253328546394658,
      "nr_prec": 20098,
      "nr_prec_HUMAN": 15573,
      "nr_prec_YEAST": 3843,
      "nr_prec_ECOLI": 682,
      "variance_epsilon_global": 1.5068133306270832
    },
    "3": {
      "median_abs_epsilon_global": 0.3310203552231883,
      "median_abs_epsilon_eq_species": 0.40339321560428115,
      "median_abs_epsilon_ECOLI": 0.5375847021763356,
      "median_abs_epsilon_HUMAN": 0.31817650795020924,
      "median_abs_epsilon_YEAST": 0.3544184366862986,
      "mean_abs_epsilon_global": 0.7317594939618577,
      "mean_abs_epsilon_eq_species": 0.7761440563553824,
      "mean_abs_epsilon_ECOLI": 0.828310296519935,
      "mean_abs_epsilon_HUMAN": 0.7141445872830317,
      "mean_abs_epsilon_YEAST": 0.7859772852631803,
      "median_log2_empirical_ECOLI": -1.6645011901858524,
      "median_log2_empirical_HUMAN": -0.1091324488348775,
      "median_log2_empirical_YEAST": 0.7717081705711415,
      "median_abs_epsilon_precision_global": 0.3339106241830123,
      "median_abs_epsilon_precision_eq_species": 0.38206349479032536,
      "median_abs_epsilon_precision_ECOLI": 0.46902354558286774,
      "median_abs_epsilon_precision_HUMAN": 0.32393932343339316,
      "median_abs_epsilon_precision_YEAST": 0.35322761535471514,
      "mean_log2_empirical_ECOLI": -1.668159271803865,
      "mean_log2_empirical_HUMAN": -0.4246483527659719,
      "mean_log2_empirical_YEAST": 0.41528623886316407,
      "mean_abs_epsilon_precision_global": 0.7838877122474835,
      "mean_abs_epsilon_precision_eq_species": 0.7869031239881931,
      "mean_abs_epsilon_precision_ECOLI": 0.7618054618271759,
      "mean_abs_epsilon_precision_HUMAN": 0.7749838639362947,
      "mean_abs_epsilon_precision_YEAST": 0.8239200462011083,