{
  "old_new": "new",
  "id": "AlphaDIA_20251017_120858",
  "software_name": "AlphaDIA",
  "software_version": "1.12.1",
  "search_engine": "AlphaDIA",
  "search_engine_version": NaN,
  "ident_fdr_psm": "0.01",
  "ident_fdr_peptide": NaN,
  "ident_fdr_protein": "0.01",
  "enable_match_between_runs": "True",
  "precursor_mass_tolerance": "[-5ppm, 5ppm]",
  "fragment_mass_tolerance": "[-10ppm, 10ppm]",
  "enzyme": "trypsin/p ",
  "allowed_miscleavages": "1",
  "min_peptide_length": 6,
  "max_peptide_length": 30,
  "is_temporary": false,
  "intermediate_hash": "b12fd924fec2bb8b71310a0243b700355a379c6a",
  "results": {
    "6": {
      "median_abs_epsilon_global": 0.188650449117846,
      "median_abs_epsilon_eq_species": 0.2638268470650269,
      "median_abs_epsilon_ECOLI": 0.37946367263701486,
      "median_abs_epsilon_HUMAN": 0.17346700032555518,
      "median_abs_epsilon_YEAST": 0.23854986823251068,
      "mean_abs_epsilon_global": 0.2781489345077989,
      "mean_abs_epsilon_eq_species": 0.3692439446976605,
      "mean_abs_epsilon_ECOLI": 0.5243553841250524,
      "mean_abs_epsilon_HUMAN": 0.2520654690733161,
      "mean_abs_epsilon_YEAST": 0.3313109808946128,
      "median_log2_empirical_ECOLI": -1.643919944758328,
      "median_log2_empirical_HUMAN": -0.018002827980978964,
      "median_log2_empirical_YEAST": 0.7940677006942458,
      "median_abs_epsilon_precision_global": 0.18519846595920608,
      "median_abs_epsilon_precision_eq_species": 0.22243007023882702,
      "median_abs_epsilon_precision_ECOLI": 0.2875135739523662,
      "median_abs_epsilon_precision_HUMAN": 0.17503897349477704,
      "median_abs_epsilon_precision_YEAST": 0.20473766326933784,
      "mean_log2_empirical_ECOLI": -1.5369353141693824,
      "mean_log2_empirical_HUMAN": -0.06895601993800893,
      "mean_log2_empirical_YEAST": 0.7299931712231268,
      "mean_abs_epsilon_precision_global": 0.2662635422450756,
      "mean_abs_epsilon_precision_eq_species": 0.313696372052758,
      "mean_abs_epsilon_precision_ECOLI": 0.4047279280304175,
      "mean_abs_epsilon_precision_HUMAN": 0.2555569073091461,
      "mean_abs_epsilon_precision_YEAST": 0.28080428081871045,
      "CV_median": 0.12907258372436842,
      "CV_q75": 0.2183402796206994,
      "CV_q90": 0.3259460726051889,
      "CV_q95": 0.40298376269088126,
      "roc_auc": 0.9036721800215831,
      "roc_auc_directional": 0.9558853002866616,
      "nr_prec": 84598,
      "nr_prec_HUMAN": 64665,
      "nr_prec_YEAST": 16685,
      "nr_prec_ECOLI": 3248,
      "variance_epsilon_global": 0.1602397255791004
    },
    "5": {
      "median_abs_epsilon_global": 0.20466423034137282,
      "median_abs_epsilon_eq_species": 0.31987296210001376,
      "median_abs_epsilon_ECOLI": 0.5050964355351635,
      "median_abs_epsilon_HUMAN": 0.1828047434490152,
      "median_abs_epsilon_YEAST": 0.27171770731586253,
      "mean_abs_epsilon_global": 0.3048448052731793,
      "mean_abs_epsilon_eq_species": 0.429609323210435,
      "mean_abs_epsilon_ECOLI": 0.6518923401880733,
      "mean_abs_epsilon_HUMAN": 0.2650592092472665,
      "mean_abs_epsilon_YEAST": 0.37187642019596534,
      "median_log2_empirical_ECOLI": -1.5118182500594184,
      "median_log2_empirical_HUMAN": -0.018436431911949214,
      "median_log2_empirical_YEAST": 0.7569309870394711,
      "median_abs_epsilon_precision_global": 0.1997375488565103,
      "median_abs_epsilon_precision_eq_species": 0.25963285232852645,
      "median_abs_epsilon_precision_ECOLI": 0.3653837839664238,
      "median_abs_epsilon_precision_HUMAN": 0.18438084916178354,
      "median_abs_epsilon_precision_YEAST": 0.22913392385737197,
      "mean_log2_empirical_ECOLI": -1.3998824593172556,
      "mean_log2_empirical_HUMAN": -0.06826817245100401,
      "mean_log2_empirical_YEAST": 0.6889552107996104,
      "mean_abs_epsilon_precision_global": 0.2858608020158558,
      "mean_abs_epsilon_precision_eq_species": 0.35034665074875915,
      "mean_abs_epsilon_precision_ECOLI": 0.4749093443692422,
      "mean_abs_epsilon_precision_HUMAN": 0.26819613153170496,
      "mean_abs_epsilon_precision_YEAST": 0.30793447634533017,
      "CV_median": 0.13586740218698654,
      "CV_q75": 0.23249827719708904,
      "CV_q90": 0.34803719139552536,
      "CV_q95": 0.4334058799714833,
      "roc_auc": 0.8799137220267752,
      "roc_auc_directional": 0.9370451442487076,
      "nr_prec": 97048,
      "nr_prec_HUMAN": 72501,
      "nr_prec_YEAST": 20122,
      "nr_prec_ECOLI": 4425,
      "variance_epsilon_global": 0.1942328862332499
    },
    "4": {
      "median_abs_epsilon_global": 0.21571755409229354,
      "median_abs_epsilon_eq_species": 0.36230304503418687,
      "median_abs_epsilon_ECOLI": 0.6060541470257874,
      "median_abs_epsilon_HUMAN": 0.18847497302197702,
      "median_abs_epsilon_YEAST": 0.29238001505479616,
      "mean_abs_epsilon_global": 0.3261697758674844,
      "mean_abs_epsilon_eq_species": 0.4755252861768711,
      "mean_abs_epsilon_ECOLI": 0.7520884289351163,
      "mean_abs_epsilon_HUMAN": 0.2743506106860993,
      "mean_abs_epsilon_YEAST": 0.400136818909398,
      "median_log2_empirical_ECOLI": -1.4056042035599408,
      "median_log2_empirical_HUMAN": -0.018286705045817087,
      "median_log2_empirical_YEAST": 0.7369798024494614,
      "median_abs_epsilon_precision_global": 0.210197289789388,
      "median_abs_epsilon_precision_eq_species": 0.2856295903555228,
      "median_abs_epsilon_precision_ECOLI": 0.4218638737964575,
      "median_abs_epsilon_precision_HUMAN": 0.1894229253423667,
      "median_abs_epsilon_precision_YEAST": 0.24560197192774424,
      "mean_log2_empirical_ECOLI": -1.2936021701991571,
      "mean_log2_empirical_HUMAN": -0.06743066735657151,
      "mean_log2_empirical_YEAST": 0.6637889550482204,
      "mean_abs_epsilon_precision_global": 0.3013867348069282,
      "mean_abs_epsilon_precision_eq_species": 0.37749543204607167,
      "mean_abs_epsilon_precision_ECOLI": 0.526009802263665,
      "mean_abs_epsilon_precision_HUMAN": 0.27732550000507566,
      "mean_abs_epsilon_precision_YEAST": 0.32915099386947433,
      "CV_median": 0.13842800756939655,
      "CV_q75": 0.23755663181002912,
      "CV_q90": 0.3564656937881224,
      "CV_q95": 0.4456787039163784,
      "roc_auc": 0.8642665688640245,
      "roc_auc_directional": 0.9181849745425947,
      "nr_prec": 103812,
      "nr_prec_HUMAN": 76233,
      "nr_prec_YEAST": 22151,
      "nr_prec_ECOLI": 5428,
      "variance_epsilon_global": 0.22649991600926542
    },
    "3": {
      "median_abs_epsilon_global": 0.2198123932458671,
      "median_abs_epsilon_eq_species": 0.37055770555992734,
      "median_abs_epsilon_ECOLI": 0.6209208965268296,
      "median_abs_epsilon_HUMAN": 0.1917279561354519,
      "median_abs_epsilon_YEAST": 0.2990242640175005,
      "mean_abs_epsilon_global": 0.3340257895865267,
      "mean_abs_epsilon_eq_species": 0.48764863487531734,
      "mean_abs_epsilon_ECOLI": 0.7707943731662644,
      "mean_abs_epsilon_HUMAN": 0.28007457349045417,
      "mean_abs_epsilon_YEAST": 0.4120769579692334,
      "median_log2_empirical_ECOLI": -1.3893036842435285,
      "median_log2_empirical_HUMAN": -0.018021424619090176,
      "median_log2_empirical_YEAST": 0.7285213470458487,
      "median_abs_epsilon_precision_global": 0.21421861647610374,
      "median_abs_epsilon_precision_eq_species": 0.29229646260150616,
      "median_abs_epsilon_precision_ECOLI": 0.4321568807253193,
      "median_abs_epsilon_precision_HUMAN": 0.19255431493171837,
      "median_abs_epsilon_precision_YEAST": 0.25217819214748083,
      "mean_log2_empirical_ECOLI": -1.274901237837847,
      "mean_log2_empirical_HUMAN": -0.06587795170544412,
      "mean_log2_empirical_YEAST": 0.652413762288233,
      "mean_abs_epsilon_precision_global": 0.30817195118822854,
      "mean_abs_epsilon_precision_eq_species": 0.3866097298634374,
      "mean_abs_epsilon_precision_ECOLI": 0.538285953106704,
      "mean_abs_epsilon_precision_HUMAN": 0.28285161810849446,