{
  "old_new": "new",
  "id": "AlphaDIA_20251017_120858",
  "software_name": "AlphaDIA",
  "software_version": "1.12.1",
  "search_engine": "AlphaDIA",
  "search_engine_version": NaN,
  "ident_fdr_psm": "0.01",
  "ident_fdr_peptide": NaN,
  "ident_fdr_protein": "0.01",
  "enable_match_between_runs": true,
  "precursor_mass_tolerance": "[-5ppm, 5ppm]",
  "fragment_mass_tolerance": "[-10ppm, 10ppm]",
  "enzyme": "trypsin/p ",
  "allowed_miscleavages": "1",
  "min_peptide_length": "6",
  "max_peptide_length": "30",
  "is_temporary": false,
  "intermediate_hash": "b12fd924fec2bb8b71310a0243b700355a379c6a",
  "results": {
    "6": {
      "median_abs_epsilon": 0.1883999506726184,
      "mean_abs_epsilon": 0.2781779881860101,
      "variance_epsilon": 0.16057418318927735,
      "nr_prec": 84973,
      "CV_median": 0.12887751333117034,
      "CV_q75": 0.2181211885859073,
      "CV_q90": 0.3257701825266416,
      "CV_q95": 0.4027556396377915
    },
    "5": {
      "median_abs_epsilon": 0.20437089601283454,
      "mean_abs_epsilon": 0.3047996246693855,
      "variance_epsilon": 0.19442635739598846,
      "nr_prec": 97450,
      "CV_median": 0.1356680702517834,
      "CV_q75": 0.232251528170773,
      "CV_q90": 0.3478688802360631,
      "CV_q95": 0.4333028417497714
    },
    "4": {
      "median_abs_epsilon": 0.21548302969063826,
      "mean_abs_epsilon": 0.3261271121215809,
      "variance_epsilon": 0.22673112629974893,
      "nr_prec": 104229,
      "CV_median": 0.1382230623118041,
      "CV_q75": 0.23729581371858033,
      "CV_q90": 0.356266807015166,
      "CV_q95": 0.44552250066955784
    },
    "3": {
      "median_abs_epsilon": 0.21954456964607605,
      "mean_abs_epsilon": 0.33402001568364875,
      "variance_epsilon": 0.23904665558600147,
      "nr_prec": 108619,
      "CV_median": 0.1393736438388249,
      "CV_q75": 0.23961178971985436,
      "CV_q90": 0.36043724073794725,
      "CV_q95": 0.45093395925928287
    },
    "2": {
      "median_abs_epsilon": 0.22124433518213316,
      "mean_abs_epsilon": 0.33722617890555473,
      "variance_epsilon": 0.24425227193057333,
      "nr_prec": 110998,
      "CV_median": 0.13956945425964282,
      "CV_q75": 0.24015742993015723,
      "CV_q90": 0.3614150234535961,
      "CV_q95": 0.4521035921381594
    },
    "1": {
      "median_abs_epsilon": 0.22124433518213316,
      "mean_abs_epsilon": 0.3372261789055548,
      "variance_epsilon": 0.24425227193057328,
      "nr_prec": 111002,
      "CV_median": 0.13956945425964282,
      "CV_q75": 0.24015742993015723,
      "CV_q90": 0.3614150234535961,
      "CV_q95": 0.4521035921381594
    }
  },
  "median_abs_epsilon": 0.21954456964607605,
  "mean_abs_epsilon": 0.33402001568364875,
  "nr_prec": 108619,
  "comments": "",
  "proteobench_version": "0.10.2",
  "color": "#1D2732",
  "hover_text": "ProteoBench ID: AlphaDIA_20251017_120858<br>Software tool: AlphaDIA <br>Comment (private submission): ...",
  "scatter_size": 20,
  "fixed_mods": "Carbamidomethyl@C",
  "variable_mods": "Oxidation@M;Acetyl@Protein_N-term",
  "max_mods": "1 ",
  "min_precursor_charge": "1",
  "max_precursor_charge": "5",
  "quantification_method": "DirectLFQ",
  "protein_inference": "heuristic",
  "abundance_normalization_ions": NaN,
  "submission_comments": "No transfer learning. Calibration batch size 200. ng backend\n\n ### Parameter changes detected:\n- **ident_fdr_peptide**: `None` \u2192 `nan`\n- **abundance_normalization_ions**: `None` \u2192 `nan`\n- **search_engine_version**: `None` \u2192 `nan`\n- **enable_match_between_runs**: `False` \u2192 `True`\n- **scan_window**: `None` \u2192 `nan`\n- **fragment_mass_tolerance**: `[-10, 10.0ppm, 10, 10.0ppm]` \u2192 `[-10ppm, 10ppm]`\n\nDataset URL: https://proteobench.cubimed.rub.de/datasets/b12fd924fec2bb8b71310a0243b700355a379c6a/",
  "min_precursor_mz": "400",
  "max_precursor_mz": "1000",
  "min_fragment_mz": "50",
  "max_fragment_mz": "2000",
  "predictors_library": "AlphaPeptDeep",
  "scan_window": NaN
}