{
  "old_new": "new",
  "id": "PEAKS_20250608_161554",
  "software_name": "PEAKS",
  "software_version": "13 20250520",
  "search_engine": "PEAKS",
  "search_engine_version": "13 20250520",
  "ident_fdr_psm": "1.0%",
  "ident_fdr_peptide": "1.0%",
  "ident_fdr_protein": null,
  "enable_match_between_runs": true,
  "precursor_mass_tolerance": "Auto Detected",
  "fragment_mass_tolerance": "Auto Detected",
  "enzyme": "Trypsin",
  "allowed_miscleavages": 1,
  "min_peptide_length": 6,
  "max_peptide_length": 30,
  "is_temporary": false,
  "intermediate_hash": "b342522520beee8fa15304c6683eed7a2f68e01f",
  "results": {
    "6": {
      "median_abs_epsilon_global": 0.1882313019730999,
      "median_abs_epsilon_eq_species": 0.195131320322291,
      "median_abs_epsilon_ECOLI": 0.2086897128426486,
      "median_abs_epsilon_HUMAN": 0.1867221677193438,
      "median_abs_epsilon_YEAST": 0.18998208040488063,
      "mean_abs_epsilon_global": 0.2841693916891806,
      "mean_abs_epsilon_eq_species": 0.2875585407639143,
      "mean_abs_epsilon_ECOLI": 0.29691980867636175,
      "mean_abs_epsilon_HUMAN": 0.28429165121084904,
      "mean_abs_epsilon_YEAST": 0.28146416240453215,
      "median_log2_empirical_ECOLI": -1.9212941435315187,
      "median_log2_empirical_HUMAN": -0.024193589751902778,
      "median_log2_empirical_YEAST": 0.9497127749696208,
      "median_abs_epsilon_precision_global": 0.18857160308071386,
      "median_abs_epsilon_precision_eq_species": 0.19101290822546702,
      "median_abs_epsilon_precision_ECOLI": 0.1956949787473139,
      "median_abs_epsilon_precision_HUMAN": 0.18791748478804848,
      "median_abs_epsilon_precision_YEAST": 0.18942626114103867,
      "mean_log2_empirical_ECOLI": -1.9129610919683693,
      "mean_log2_empirical_HUMAN": -0.08497868121916533,
      "mean_log2_empirical_YEAST": 0.9029186668029964,
      "mean_abs_epsilon_precision_global": 0.2869843491352643,
      "mean_abs_epsilon_precision_eq_species": 0.28565841165158506,
      "mean_abs_epsilon_precision_ECOLI": 0.2878165969209933,
      "mean_abs_epsilon_precision_HUMAN": 0.28848529677965445,
      "mean_abs_epsilon_precision_YEAST": 0.28067334125410737,
      "CV_median": 0.14455790739694413,
      "CV_q75": 0.25448582580911555,
      "CV_q90": 0.3881393786452316,
      "CV_q95": 0.483021543737176,
      "roc_auc": 0.9271463544736072,
      "roc_auc_directional": 0.974253880591988,
      "nr_prec": 82510,
      "nr_prec_HUMAN": 64189,
      "nr_prec_YEAST": 15622,
      "nr_prec_ECOLI": 2699,
      "variance_epsilon_global": 0.1775640643514595
    },
    "5": {
      "median_abs_epsilon_global": 0.20246530459687317,
      "median_abs_epsilon_eq_species": 0.21490807733753078,
      "median_abs_epsilon_ECOLI": 0.2348457839918261,
      "median_abs_epsilon_HUMAN": 0.19896868222868136,
      "median_abs_epsilon_YEAST": 0.21090976579208487,
      "mean_abs_epsilon_global": 0.3068458964371468,
      "mean_abs_epsilon_eq_species": 0.3184406926735903,
      "mean_abs_epsilon_ECOLI": 0.3386079824366994,
      "mean_abs_epsilon_HUMAN": 0.3039002481612075,
      "mean_abs_epsilon_YEAST": 0.31281384742286417,
      "median_log2_empirical_ECOLI": -1.906002132448947,
      "median_log2_empirical_HUMAN": -0.024605539650099928,
      "median_log2_empirical_YEAST": 0.9400268979170452,
      "median_abs_epsilon_precision_global": 0.2026890150149958,
      "median_abs_epsilon_precision_eq_species": 0.2093623652716016,
      "median_abs_epsilon_precision_ECOLI": 0.21819172892637972,
      "median_abs_epsilon_precision_HUMAN": 0.20028006757242522,
      "median_abs_epsilon_precision_YEAST": 0.20961529931599987,
      "mean_log2_empirical_ECOLI": -1.8789119044411786,
      "mean_log2_empirical_HUMAN": -0.08525910270146728,
      "mean_log2_empirical_YEAST": 0.8852036437875711,
      "mean_abs_epsilon_precision_global": 0.3092048379053967,
      "mean_abs_epsilon_precision_eq_species": 0.31562296834390785,
      "mean_abs_epsilon_precision_ECOLI": 0.3277517897062432,
      "mean_abs_epsilon_precision_HUMAN": 0.3078451331140095,
      "mean_abs_epsilon_precision_YEAST": 0.3112719822114708,
      "CV_median": 0.15372538736250047,
      "CV_q75": 0.2723982601551601,
      "CV_q90": 0.41692476371474846,
      "CV_q95": 0.5187446490607828,
      "roc_auc": 0.910852323756329,
      "roc_auc_directional": 0.9655332616346459,
      "nr_prec": 95396,
      "nr_prec_HUMAN": 73429,
      "nr_prec_YEAST": 18664,
      "nr_prec_ECOLI": 3303,
      "variance_epsilon_global": 0.2044532772551246
    },
    "4": {
      "median_abs_epsilon_global": 0.20995403001557733,
      "median_abs_epsilon_eq_species": 0.22501418934007975,
      "median_abs_epsilon_ECOLI": 0.2483314587905152,
      "median_abs_epsilon_HUMAN": 0.2056860018607427,
      "median_abs_epsilon_YEAST": 0.2210251073689813,
      "mean_abs_epsilon_global": 0.3203629632721965,
      "mean_abs_epsilon_eq_species": 0.340154303239483,
      "mean_abs_epsilon_ECOLI": 0.37404146470318833,
      "mean_abs_epsilon_HUMAN": 0.31506541810982125,
      "mean_abs_epsilon_YEAST": 0.33135602690543947,
      "median_log2_empirical_ECOLI": -1.89249604441176,
      "median_log2_empirical_HUMAN": -0.024069646991048188,
      "median_log2_empirical_YEAST": 0.933191202639402,
      "median_abs_epsilon_precision_global": 0.21023201665532376,
      "median_abs_epsilon_precision_eq_species": 0.21881033270947695,
      "median_abs_epsilon_precision_ECOLI": 0.23015895333694836,
      "median_abs_epsilon_precision_HUMAN": 0.20713692522784477,
      "median_abs_epsilon_precision_YEAST": 0.21913511956363774,
      "mean_log2_empirical_ECOLI": -1.8459812071977464,
      "mean_log2_empirical_HUMAN": -0.08238694563946346,
      "mean_log2_empirical_YEAST": 0.8711882349854693,
      "mean_abs_epsilon_precision_global": 0.32231284341242383,
      "mean_abs_epsilon_precision_eq_species": 0.3367014085169817,
      "mean_abs_epsilon_precision_ECOLI": 0.3619549287767128,
      "mean_abs_epsilon_precision_HUMAN": 0.3186374303805589,
      "mean_abs_epsilon_precision_YEAST": 0.32951186639367336,
      "CV_median": 0.15615173647357167,
      "CV_q75": 0.27712815654497897,
      "CV_q90": 0.42476371378357536,
      "CV_q95": 0.5294970229884235,
      "roc_auc": 0.9000667178249657,
      "roc_auc_directional": 0.9574141021897165,
      "nr_prec": 100753,
      "nr_prec_HUMAN": 77291,
      "nr_prec_YEAST": 19912,
      "nr_prec_ECOLI": 3550,
      "variance_epsilon_global": 0.22505651331378387
    },
    "3": {
      "median_abs_epsilon_global": 0.21293566228442007,
      "median_abs_epsilon_eq_species": 0.22821220766312886,
      "median_abs_epsilon_ECOLI": 0.2512962851263909,
      "median_abs_epsilon_HUMAN": 0.20816612777232812,
      "median_abs_epsilon_YEAST": 0.22517421009066751,
      "mean_abs_epsilon_global": 0.3256386560817029,
      "mean_abs_epsilon_eq_species": 0.3466090305871134,
      "mean_abs_epsilon_ECOLI": 0.3816676526258859,
      "mean_abs_epsilon_HUMAN": 0.31979607459571946,
      "mean_abs_epsilon_YEAST": 0.3383633645397348,
      "median_log2_empirical_ECOLI": -1.8898714643096302,
      "median_log2_empirical_HUMAN": -0.023959655596916818,
      "median_log2_empirical_YEAST": 0.9295650960490347,
      "median_abs_epsilon_precision_global": 0.21289799155244626,
      "median_abs_epsilon_precision_eq_species": 0.22167090895263364,
      "median_abs_epsilon_precision_ECOLI": 0.23215307840127508,
      "median_abs_epsilon_precision_HUMAN": 0.20972083086495097,
      "median_abs_epsilon_precision_YEAST": 0.22313881759167487,
      "mean_log2_empirical_ECOLI": -1.838052930045083,
      "mean_log2_empirical_HUMAN": -0.08139144212521265,
      "mean_log2_empirical_YEAST": 0.8644061867809244,
      "mean_abs_epsilon_precision_global": 0.3274694964402152,
      "mean_abs_epsilon_precision_eq_species": 0.3430990481122538,
      "mean_abs_epsilon_precision_ECOLI": 0.369631641135592,
      "mean_abs_epsilon_precision_HUMAN": 0.32323050107698353,