{
  "old_new": "new",
  "id": "PEAKS_20250605_171008",
  "software_name": "PEAKS",
  "software_version": "13 20250520",
  "search_engine": "PEAKS",
  "search_engine_version": "13 20250520",
  "ident_fdr_psm": null,
  "ident_fdr_peptide": "1.0%",
  "ident_fdr_protein": null,
  "enable_match_between_runs": true,
  "precursor_mass_tolerance": "Auto Detected",
  "fragment_mass_tolerance": "Auto Detected",
  "enzyme": "Trypsin",
  "allowed_miscleavages": "1",
  "min_peptide_length": "6",
  "max_peptide_length": "30",
  "is_temporary": false,
  "intermediate_hash": "b342522520beee8fa15304c6683eed7a2f68e01f",
  "results": {
    "6": {
      "median_abs_epsilon": 0.18818242191631107,
      "mean_abs_epsilon": 0.28455503259412185,
      "variance_epsilon": 0.17866085201712226,
      "nr_prec": 83387,
      "CV_median": 0.14413949492591033,
      "CV_q90": 0.3878994932549948,
      "CV_q75": 0.2540111478837963,
      "CV_q95": 0.4830294708658909
    },
    "5": {
      "median_abs_epsilon": 0.20242050121161625,
      "mean_abs_epsilon": 0.3071968957249988,
      "variance_epsilon": 0.20549040690192474,
      "nr_prec": 96360,
      "CV_median": 0.15335995399459873,
      "CV_q90": 0.41669889474170796,
      "CV_q75": 0.27204666957684964,
      "CV_q95": 0.5187331611575599
    },
    "4": {
      "median_abs_epsilon": 0.2098840774230446,
      "mean_abs_epsilon": 0.32066207104715483,
      "variance_epsilon": 0.22631740758551047,
      "nr_prec": 101743,
      "CV_median": 0.1557916997152159,
      "CV_q90": 0.42448504878734294,
      "CV_q75": 0.27677879591359744,
      "CV_q95": 0.529450842866853
    },
    "3": {
      "median_abs_epsilon": 0.2128585979898734,
      "mean_abs_epsilon": 0.32590339654042455,
      "variance_epsilon": 0.2341166217808621,
      "nr_prec": 124763,
      "CV_median": 0.16594241509912513,
      "CV_q90": 0.44738727412847534,
      "CV_q75": 0.29439039308494575,
      "CV_q95": 0.5515506788321836
    },
    "2": {
      "median_abs_epsilon": 0.21347568117584714,
      "mean_abs_epsilon": 0.3273354857628405,
      "variance_epsilon": 0.23669922812303526,
      "nr_prec": 137946,
      "CV_median": 0.16914307125470465,
      "CV_q90": 0.45922898568718307,
      "CV_q75": 0.3016032665398163,
      "CV_q95": 0.5667813880398845
    },
    "1": {
      "median_abs_epsilon": 0.21347568117584714,
      "mean_abs_epsilon": 0.3273354857628405,
      "variance_epsilon": 0.2366992281230353,
      "nr_prec": 140525,
      "CV_median": 0.16914307125470465,
      "CV_q90": 0.45922898568718307,
      "CV_q75": 0.3016032665398163,
      "CV_q95": 0.5667813880398845
    }
  },
  "median_abs_epsilon": 0.2128585979898734,
  "mean_abs_epsilon": 0.32590339654042455,
  "nr_prec": 124763,
  "comments": "",
  "proteobench_version": "0.8.19",
  "color": "#f781bf",
  "hover_text": "ProteoBench ID: PEAKS_20250605_171008<br>Software tool: PEAKS <br>Comment (private submission): ...",
  "scatter_size": 20,
  "fixed_mods": "Carbamidomethylation (+57.02)",
  "variable_mods": "Oxidation (M) (+15.99) ,Acetylation (Protein N-term) (+42.01)",
  "max_mods": "1",
  "min_precursor_charge": "1",
  "max_precursor_charge": "5",
  "quantification_method": "Identification Directed Quantification",
  "protein_inference": null,
  "abundance_normalization_ions": "No Normalization",
  "submission_comments": "\n\n ### No parameter changes detected. \n\n\nDataset URL: https://proteobench.cubimed.rub.de/datasets/b342522520beee8fa15304c6683eed7a2f68e01f/"
}