{
  "old_new": "new",
  "id": "DIA-NN_20250429_143808",
  "software_name": "DIA-NN",
  "software_version": "2.0 Academia ",
  "search_engine": "DIA-NN",
  "search_engine_version": "2.0 Academia ",
  "ident_fdr_psm": "0.01",
  "ident_fdr_peptide": NaN,
  "ident_fdr_protein": NaN,
  "enable_match_between_runs": true,
  "precursor_mass_tolerance": "[-2.6 ppm, 2.6 ppm]",
  "fragment_mass_tolerance": "[-8 ppm, 8 ppm]",
  "enzyme": "Trypsin/P",
  "allowed_miscleavages": "1",
  "min_peptide_length": "6",
  "max_peptide_length": "30",
  "is_temporary": false,
  "intermediate_hash": "b780df14f19ded81670746c127aefc8985e0740f",
  "results": {
    "6": {
      "median_abs_epsilon": 0.18008995056152344,
      "mean_abs_epsilon": 0.268078413316652,
      "variance_epsilon": 0.15493324993347624,
      "nr_prec": 83219,
      "CV_median": 0.13031603694023097,
      "CV_q90": 0.32910322792358215,
      "CV_q75": 0.22028910864728396,
      "CV_q95": 0.4057397980981532
    },
    "5": {
      "median_abs_epsilon": 0.19864177703857422,
      "mean_abs_epsilon": 0.29981996164809144,
      "variance_epsilon": 0.1982855636465049,
      "nr_prec": 99782,
      "CV_median": 0.14066763662747522,
      "CV_q90": 0.36418981810059936,
      "CV_q75": 0.24112922971776968,
      "CV_q95": 0.45279134580484137
    },
    "4": {
      "median_abs_epsilon": 0.21551990509033203,
      "mean_abs_epsilon": 0.3373265730612853,
      "variance_epsilon": 0.2700771140100184,
      "nr_prec": 111640,
      "CV_median": 0.1459272976148132,
      "CV_q90": 0.3825359950294519,
      "CV_q75": 0.25181251421491124,
      "CV_q95": 0.4806978259035339
    },
    "3": {
      "median_abs_epsilon": 0.22490501403808594,
      "mean_abs_epsilon": 0.3625233583213301,
      "variance_epsilon": 0.34082088046266196,
      "nr_prec": 121521,
      "CV_median": 0.14912906528281725,
      "CV_q90": 0.3945866539385103,
      "CV_q75": 0.25836484139432553,
      "CV_q95": 0.49851756670716796
    },
    "2": {
      "median_abs_epsilon": 0.2291889190673828,
      "mean_abs_epsilon": 0.3765762426457301,
      "variance_epsilon": 0.391123795581162,
      "nr_prec": 127857,
      "CV_median": 0.1500510508423853,
      "CV_q90": 0.3996877066596752,
      "CV_q75": 0.26058759570714735,
      "CV_q95": 0.5076235952649368
    },
    "1": {
      "median_abs_epsilon": 0.2291889190673828,
      "mean_abs_epsilon": 0.3765762426457301,
      "variance_epsilon": 0.391123795581162,
      "nr_prec": 131738,
      "CV_median": 0.1500510508423853,
      "CV_q90": 0.3996877066596752,
      "CV_q75": 0.26058759570714735,
      "CV_q95": 0.5076235952649368
    }
  },
  "median_abs_epsilon": 0.22490501403808594,
  "mean_abs_epsilon": 0.3625233583213301,
  "nr_prec": 121521,
  "comments": "",
  "proteobench_version": "0.8.6",
  "color": "#d30067",
  "hover_text": "ProteoBench ID: DIA-NN_20250429_143808<br>Software tool: DIA-NN <br>Comment (private submission): ...",
  "scatter_size": 40,
  "fixed_mods": "unimod4",
  "variable_mods": "UniMod:35/15.994915/M,UniMod:1/42.010565/*n",
  "max_mods": "1",
  "min_precursor_charge": "1",
  "max_precursor_charge": "4",
  "quantification_method": "QuantUMS high-precision",
  "protein_inference": "Genes",
  "abundance_normalization_ions": null,
  "submission_comments": "\n\n ### Parameter changes Detected:\n- **ident_fdr_protein**: `None` \u2192 `nan`\n- **ident_fdr_peptide**: `None` \u2192 `nan`\n\nDataset URL: https://proteobench.cubimed.rub.de/datasets/b780df14f19ded81670746c127aefc8985e0740f/"
}