{
  "old_new": "new",
  "id": "DIA-NN_20251027_114513",
  "software_name": "DIA-NN",
  "software_version": "1.9.2",
  "search_engine": "DIA-NN",
  "search_engine_version": "1.9.2",
  "ident_fdr_psm": "0.01",
  "ident_fdr_peptide": NaN,
  "ident_fdr_protein": null,
  "enable_match_between_runs": true,
  "precursor_mass_tolerance": "[-2.31639 ppm, 2.31639 ppm]",
  "fragment_mass_tolerance": "[-8.45298 ppm, 8.45298 ppm]",
  "enzyme": "K*,R*,!",
  "allowed_miscleavages": "1",
  "min_peptide_length": "6",
  "max_peptide_length": "30",
  "is_temporary": false,
  "intermediate_hash": "b7bcb3f0255bffe938adb144015bdcd73165144c",
  "results": {
    "6": {
      "median_abs_epsilon": 0.1757564273511818,
      "mean_abs_epsilon": 0.25518997935304655,
      "variance_epsilon": 0.12579201307691573,
      "nr_prec": 79833,
      "CV_median": 0.1286837009610435,
      "CV_q75": 0.22527936339343257,
      "CV_q90": 0.34673032787797275,
      "CV_q95": 0.43466273526953814
    },
    "5": {
      "median_abs_epsilon": 0.19436435799410212,
      "mean_abs_epsilon": 0.2890527109616408,
      "variance_epsilon": 0.1673080090611786,
      "nr_prec": 96253,
      "CV_median": 0.14075166587625618,
      "CV_q75": 0.25046985784833387,
      "CV_q90": 0.38865343831491783,
      "CV_q95": 0.48993916229055473
    },
    "4": {
      "median_abs_epsilon": 0.21033547416604126,
      "mean_abs_epsilon": 0.322687704716207,
      "variance_epsilon": 0.21844798631965884,
      "nr_prec": 107542,
      "CV_median": 0.14664341037487932,
      "CV_q75": 0.262970313441744,
      "CV_q90": 0.40982995165312247,
      "CV_q95": 0.5167172574493772
    },
    "3": {
      "median_abs_epsilon": 0.21967096912850081,
      "mean_abs_epsilon": 0.3413129266968876,
      "variance_epsilon": 0.2474094386038275,
      "nr_prec": 116034,
      "CV_median": 0.1495802437893119,
      "CV_q75": 0.26923900303090276,
      "CV_q90": 0.42097377077729836,
      "CV_q95": 0.5311412212381245
    },
    "2": {
      "median_abs_epsilon": 0.22302399755279367,
      "mean_abs_epsilon": 0.34910920846578525,
      "variance_epsilon": 0.2615971607201331,
      "nr_prec": 121035,
      "CV_median": 0.15039889305540155,
      "CV_q75": 0.27121723141781073,
      "CV_q90": 0.4248393675995429,
      "CV_q95": 0.5361969937527338
    },
    "1": {
      "median_abs_epsilon": 0.22302399755279367,
      "mean_abs_epsilon": 0.34910920846578525,
      "variance_epsilon": 0.2615971607201331,
      "nr_prec": 123664,
      "CV_median": 0.15039889305540155,
      "CV_q75": 0.27121723141781073,
      "CV_q90": 0.4248393675995429,
      "CV_q95": 0.5361969937527338
    }
  },
  "median_abs_epsilon": 0.21967096912850081,
  "mean_abs_epsilon": 0.3413129266968876,
  "nr_prec": 116034,
  "comments": "",
  "proteobench_version": "0.10.3",
  "color": "#d42f2f",
  "hover_text": "ProteoBench ID: DIA-NN_20251027_114513<br>Software tool: DIA-NN <br>Comment (private submission): ...",
  "scatter_size": 20,
  "fixed_mods": "UniMod:4",
  "variable_mods": "UniMod:35,UniMod:1",
  "max_mods": "2",
  "min_precursor_charge": "1",
  "max_precursor_charge": "4",
  "quantification_method": "Legacy (direct)",
  "protein_inference": "Genes",
  "abundance_normalization_ions": null,
  "submission_comments": "Resubmission of 2e11c7b3045fe05d9ad8131acd3cb6c43bcd886c after changing quant column from Precursor.Quantity -> Precursor.Normalised\n\n ### Parameter changes detected:\n- **ident_fdr_peptide**: `None` \u2192 `nan`\n\nDataset URL: https://proteobench.cubimed.rub.de/datasets/b7bcb3f0255bffe938adb144015bdcd73165144c/",
  "min_precursor_mz": "400",
  "max_precursor_mz": "1000",
  "min_fragment_mz": "50",
  "max_fragment_mz": "2000",
  "predictors_library": null,
  "scan_window": "6"
}