{
  "old_new": "new",
  "id": "DIA-NN_20251027_114513",
  "software_name": "DIA-NN",
  "software_version": "1.9.2",
  "search_engine": "DIA-NN",
  "search_engine_version": "1.9.2",
  "ident_fdr_psm": 0.01,
  "ident_fdr_peptide": NaN,
  "ident_fdr_protein": null,
  "enable_match_between_runs": true,
  "precursor_mass_tolerance": "[-2.31639 ppm, 2.31639 ppm]",
  "fragment_mass_tolerance": "[-8.45298 ppm, 8.45298 ppm]",
  "enzyme": "K*,R*,!",
  "allowed_miscleavages": 1,
  "min_peptide_length": 6,
  "max_peptide_length": 30,
  "is_temporary": false,
  "intermediate_hash": "b7bcb3f0255bffe938adb144015bdcd73165144c",
  "results": {
    "6": {
      "median_abs_epsilon_global": 0.17591761349075963,
      "median_abs_epsilon_eq_species": 0.1853000573463417,
      "median_abs_epsilon_ECOLI": 0.19506524625227062,
      "median_abs_epsilon_HUMAN": 0.1710076328637733,
      "median_abs_epsilon_YEAST": 0.18982729292298117,
      "mean_abs_epsilon_global": 0.25526283976798225,
      "mean_abs_epsilon_eq_species": 0.2728358498996295,
      "mean_abs_epsilon_ECOLI": 0.30208197803216635,
      "mean_abs_epsilon_HUMAN": 0.2503433091585021,
      "mean_abs_epsilon_YEAST": 0.2660822625082199,
      "median_log2_empirical_ECOLI": -1.918684668362678,
      "median_log2_empirical_HUMAN": -0.0841117705812664,
      "median_log2_empirical_YEAST": 0.883030512700989,
      "median_abs_epsilon_precision_global": 0.16308009224651077,
      "median_abs_epsilon_precision_eq_species": 0.17136667888352206,
      "median_abs_epsilon_precision_ECOLI": 0.18637048462987416,
      "median_abs_epsilon_precision_HUMAN": 0.16142417957016342,
      "median_abs_epsilon_precision_YEAST": 0.16630537245052857,
      "mean_log2_empirical_ECOLI": -1.8726428503699677,
      "mean_log2_empirical_HUMAN": -0.11425745712607534,
      "mean_log2_empirical_YEAST": 0.8590816905698707,
      "mean_abs_epsilon_precision_global": 0.2416471349343783,
      "mean_abs_epsilon_precision_eq_species": 0.2591640451331294,
      "mean_abs_epsilon_precision_ECOLI": 0.2951845937868197,
      "mean_abs_epsilon_precision_HUMAN": 0.2387519714790638,
      "mean_abs_epsilon_precision_YEAST": 0.24355557013350465,
      "CV_median": 0.12908896408565043,
      "CV_q75": 0.22577891105201728,
      "CV_q90": 0.3471038624466624,
      "CV_q95": 0.4351936130032834,
      "roc_auc": 0.9409645845539513,
      "roc_auc_directional": 0.979247687931472,
      "nr_prec": 79318,
      "nr_prec_HUMAN": 60747,
      "nr_prec_YEAST": 15851,
      "nr_prec_ECOLI": 2720,
      "variance_epsilon_global": 0.12576148060347897
    },
    "5": {
      "median_abs_epsilon_global": 0.19462724328505843,
      "median_abs_epsilon_eq_species": 0.21339052781699497,
      "median_abs_epsilon_ECOLI": 0.238595230371919,
      "median_abs_epsilon_HUMAN": 0.18659631624040252,
      "median_abs_epsilon_YEAST": 0.2149800368386634,
      "mean_abs_epsilon_global": 0.28912799936717065,
      "mean_abs_epsilon_eq_species": 0.32212956113439833,
      "mean_abs_epsilon_ECOLI": 0.37933007727178436,
      "mean_abs_epsilon_HUMAN": 0.27856252644020757,
      "mean_abs_epsilon_YEAST": 0.308496079691203,
      "median_log2_empirical_ECOLI": -1.8775220076586416,
      "median_log2_empirical_HUMAN": -0.08504625859817772,
      "median_log2_empirical_YEAST": 0.8728973996107721,
      "median_abs_epsilon_precision_global": 0.18150895609344886,
      "median_abs_epsilon_precision_eq_species": 0.2002992888688464,
      "median_abs_epsilon_precision_ECOLI": 0.2318968266978212,
      "median_abs_epsilon_precision_HUMAN": 0.17639804557433258,
      "median_abs_epsilon_precision_YEAST": 0.19260299433438544,
      "mean_log2_empirical_ECOLI": -1.807106863929876,
      "mean_log2_empirical_HUMAN": -0.11846138286643731,
      "mean_log2_empirical_YEAST": 0.8402022808655799,
      "mean_abs_epsilon_precision_global": 0.27586750504646457,
      "mean_abs_epsilon_precision_eq_species": 0.30733966619219394,
      "mean_abs_epsilon_precision_ECOLI": 0.36856633876169054,
      "mean_abs_epsilon_precision_HUMAN": 0.2679240380943009,
      "mean_abs_epsilon_precision_YEAST": 0.28552862172059035,
      "CV_median": 0.14111672446296414,
      "CV_q75": 0.2510123903583301,
      "CV_q90": 0.38913312438331493,
      "CV_q95": 0.49037106379628,
      "roc_auc": 0.9150828984394845,
      "roc_auc_directional": 0.9671022743297455,
      "nr_prec": 95691,
      "nr_prec_HUMAN": 71381,
      "nr_prec_YEAST": 20310,
      "nr_prec_ECOLI": 4000,
      "variance_epsilon_global": 0.16722427470067588
    },
    "4": {
      "median_abs_epsilon_global": 0.2105708106270523,
      "median_abs_epsilon_eq_species": 0.24489748889984764,
      "median_abs_epsilon_ECOLI": 0.2955509709392521,
      "median_abs_epsilon_HUMAN": 0.19830677879302172,
      "median_abs_epsilon_YEAST": 0.2408347169672691,
      "mean_abs_epsilon_global": 0.3228660140766526,
      "mean_abs_epsilon_eq_species": 0.37844664487071195,
      "mean_abs_epsilon_ECOLI": 0.48002532179274987,
      "mean_abs_epsilon_HUMAN": 0.3032522101165259,
      "mean_abs_epsilon_YEAST": 0.35206240270286,
      "median_log2_empirical_ECOLI": -1.8312728814021364,
      "median_log2_empirical_HUMAN": -0.08640835957561421,
      "median_log2_empirical_YEAST": 0.8611989976092431,
      "median_abs_epsilon_precision_global": 0.19770041407042438,
      "median_abs_epsilon_precision_eq_species": 0.2331100347554882,
      "median_abs_epsilon_precision_ECOLI": 0.293310412479312,
      "median_abs_epsilon_precision_HUMAN": 0.18759753507102594,
      "median_abs_epsilon_precision_YEAST": 0.21842215671612664,
      "mean_log2_empirical_ECOLI": -1.7208069471501903,
      "mean_log2_empirical_HUMAN": -0.12343769691135627,
      "mean_log2_empirical_YEAST": 0.8210966489791708,
      "mean_abs_epsilon_precision_global": 0.3092345876487874,
      "mean_abs_epsilon_precision_eq_species": 0.3608479169670094,
      "mean_abs_epsilon_precision_ECOLI": 0.4615537394148536,
      "mean_abs_epsilon_precision_HUMAN": 0.2931671758662758,
      "mean_abs_epsilon_precision_YEAST": 0.32782283561989894,
      "CV_median": 0.14702403987996893,
      "CV_q75": 0.2635109655712751,
      "CV_q90": 0.41032730696122166,
      "CV_q95": 0.5170875106199115,
      "roc_auc": 0.8920824793819966,
      "roc_auc_directional": 0.9507300012835611,
      "nr_prec": 106958,
      "nr_prec_HUMAN": 77983,
      "nr_prec_YEAST": 23633,
      "nr_prec_ECOLI": 5342,
      "variance_epsilon_global": 0.21848714847339937
    },
    "3": {
      "median_abs_epsilon_global": 0.22001359027909118,
      "median_abs_epsilon_eq_species": 0.2564140692747481,
      "median_abs_epsilon_ECOLI": 0.3094394859149885,
      "median_abs_epsilon_HUMAN": 0.2056797823012637,
      "median_abs_epsilon_YEAST": 0.25412293960799204,
      "mean_abs_epsilon_global": 0.3415306393291541,
      "mean_abs_epsilon_eq_species": 0.40147521991719654,
      "mean_abs_epsilon_ECOLI": 0.5077802456054351,
      "mean_abs_epsilon_HUMAN": 0.3190104228181723,
      "mean_abs_epsilon_YEAST": 0.3776349913279821,
      "median_log2_empirical_ECOLI": -1.8160118156490226,
      "median_log2_empirical_HUMAN": -0.08683795825011309,
      "median_log2_empirical_YEAST": 0.8555535765907294,
      "median_abs_epsilon_precision_global": 0.20713557591591503,
      "median_abs_epsilon_precision_eq_species": 0.2457421918574608,
      "median_abs_epsilon_precision_ECOLI": 0.3105028826723597,
      "median_abs_epsilon_precision_HUMAN": 0.1950046150052458,
      "median_abs_epsilon_precision_YEAST": 0.23171907789477686,
      "mean_log2_empirical_ECOLI": -1.6905193545035635,
      "mean_log2_empirical_HUMAN": -0.12341780840457375,
      "mean_log2_empirical_YEAST": 0.8082096929527725,
      "mean_abs_epsilon_precision_global": 0.32776957692845515,
      "mean_abs_epsilon_precision_eq_species": 0.3834257355211941,
      "mean_abs_epsilon_precision_ECOLI": 0.4883420406380607,
      "mean_abs_epsilon_precision_HUMAN": 0.3090276092373085,