{
  "old_new": "new",
  "id": "DIA-NN_20250704_085203",
  "software_name": "DIA-NN",
  "software_version": "2.2.0 Academia ",
  "search_engine": "DIA-NN",
  "search_engine_version": "2.2.0 Academia ",
  "ident_fdr_psm": "0.01",
  "ident_fdr_peptide": NaN,
  "ident_fdr_protein": NaN,
  "enable_match_between_runs": true,
  "precursor_mass_tolerance": "[-2.6 ppm, 2.6 ppm]",
  "fragment_mass_tolerance": "[-7 ppm, 7 ppm]",
  "enzyme": "K*,R*,!P*",
  "allowed_miscleavages": "1",
  "min_peptide_length": "6",
  "max_peptide_length": "30",
  "is_temporary": false,
  "intermediate_hash": "b83068514db5dcfe144cb5fc3384584b5fe10d66",
  "results": {
    "6": {
      "median_abs_epsilon": 0.1780099868774414,
      "mean_abs_epsilon": 0.2717844355664457,
      "variance_epsilon": 0.16718383104999385,
      "nr_prec": 89070,
      "CV_median": 0.1289612461442051,
      "CV_q75": 0.2234089308639216,
      "CV_q90": 0.34051545053112986,
      "CV_q95": 0.42446505580292504
    },
    "5": {
      "median_abs_epsilon": 0.19699668884277344,
      "mean_abs_epsilon": 0.3029077360502542,
      "variance_epsilon": 0.20921803364407845,
      "nr_prec": 106106,
      "CV_median": 0.14003756758390878,
      "CV_q75": 0.2455299709725348,
      "CV_q90": 0.3796552063515053,
      "CV_q95": 0.4764418270851051
    },
    "4": {
      "median_abs_epsilon": 0.21353721618652344,
      "mean_abs_epsilon": 0.33907334988089066,
      "variance_epsilon": 0.2767419343702442,
      "nr_prec": 118135,
      "CV_median": 0.14539438074484012,
      "CV_q75": 0.2566050404577638,
      "CV_q90": 0.397848547478311,
      "CV_q95": 0.5033829110702296
    },
    "3": {
      "median_abs_epsilon": 0.2222275733947754,
      "mean_abs_epsilon": 0.36157319084630707,
      "variance_epsilon": 0.33543843374582216,
      "nr_prec": 128119,
      "CV_median": 0.1484394258605589,
      "CV_q75": 0.26335273182526336,
      "CV_q90": 0.4093349856033275,
      "CV_q95": 0.520992570223984
    },
    "2": {
      "median_abs_epsilon": 0.22622919082641602,
      "mean_abs_epsilon": 0.374240573766133,
      "variance_epsilon": 0.3789419844895244,
      "nr_prec": 134492,
      "CV_median": 0.1494989414675188,
      "CV_q75": 0.2659314903695551,
      "CV_q90": 0.4148650652653947,
      "CV_q95": 0.5293237731315137
    },
    "1": {
      "median_abs_epsilon": 0.22622919082641602,
      "mean_abs_epsilon": 0.374240573766133,
      "variance_epsilon": 0.3789419844895245,
      "nr_prec": 138246,
      "CV_median": 0.1494989414675188,
      "CV_q75": 0.2659314903695551,
      "CV_q90": 0.4148650652653947,
      "CV_q95": 0.5293237731315137
    }
  },
  "median_abs_epsilon": 0.2222275733947754,
  "mean_abs_epsilon": 0.36157319084630707,
  "nr_prec": 128119,
  "comments": "",
  "proteobench_version": "0.8.28",
  "color": "#d42f2f",
  "hover_text": "ProteoBench ID: DIA-NN_20250704_085203<br>Software tool: DIA-NN <br>Comment (private submission): ...",
  "scatter_size": 20,
  "fixed_mods": "unimod4",
  "variable_mods": "UniMod:35/15.994915/M,UniMod:1/42.010565/*n",
  "max_mods": "1",
  "min_precursor_charge": "1",
  "max_precursor_charge": "5",
  "quantification_method": "QuantUMS high-precision",
  "protein_inference": "Genes",
  "abundance_normalization_ions": null,
  "submission_comments": "\n\n ### Parameter changes detected:\n- **ident_fdr_protein**: `None` \u2192 `nan`\n- **ident_fdr_peptide**: `None` \u2192 `nan`\n\nDataset URL: https://proteobench.cubimed.rub.de/datasets/b83068514db5dcfe144cb5fc3384584b5fe10d66/"
}