{
  "old_new": "new",
  "id": "MSAID_20250524_114946",
  "software_name": "MSAID",
  "software_version": "1.0",
  "search_engine": "CHIMERYS",
  "search_engine_version": "4.3.0",
  "ident_fdr_psm": "0.01",
  "ident_fdr_peptide": "0.01",
  "ident_fdr_protein": "0.01",
  "enable_match_between_runs": true,
  "precursor_mass_tolerance": NaN,
  "fragment_mass_tolerance": "[-20 ppm, 20 ppm]",
  "enzyme": "Trypsin/P",
  "allowed_miscleavages": "1",
  "min_peptide_length": "7",
  "max_peptide_length": "30",
  "is_temporary": false,
  "intermediate_hash": "bc08b3abb61c411c7deaf3920cd26b5ca45bb58b",
  "results": {
    "6": {
      "median_abs_epsilon": 0.40462830288684515,
      "mean_abs_epsilon": 0.6322419059305738,
      "variance_epsilon": 0.840206665093737,
      "nr_prec": 26195,
      "CV_median": 0.25289731369267077,
      "CV_q90": 0.7658769053199794,
      "CV_q75": 0.5261146524657301,
      "CV_q95": 0.9128700638730742
    },
    "5": {
      "median_abs_epsilon": 0.48799572881799413,
      "mean_abs_epsilon": 0.7351013790220532,
      "variance_epsilon": 1.1033440572643953,
      "nr_prec": 34644,
      "CV_median": 0.30638904999738803,
      "CV_q90": 0.8334278544197535,
      "CV_q75": 0.5902131318823742,
      "CV_q95": 0.9921564177155517
    },
    "4": {
      "median_abs_epsilon": 0.5495407325682073,
      "mean_abs_epsilon": 0.8087352579993734,
      "variance_epsilon": 1.3316878377394008,
      "nr_prec": 41907,
      "CV_median": 0.3295910248417422,
      "CV_q90": 0.8599167035291054,
      "CV_q75": 0.6132911817025993,
      "CV_q95": 1.0198316489047548
    },
    "3": {
      "median_abs_epsilon": 0.5863661324433984,
      "mean_abs_epsilon": 0.8515970057012734,
      "variance_epsilon": 1.4714180588931782,
      "nr_prec": 49479,
      "CV_median": 0.33820801988265836,
      "CV_q90": 0.8698986983166743,
      "CV_q75": 0.6228241362090101,
      "CV_q95": 1.0267106838557987
    },
    "2": {
      "median_abs_epsilon": 0.6031320554348092,
      "mean_abs_epsilon": 0.8802163704492382,
      "variance_epsilon": 1.5822099269516345,
      "nr_prec": 57240,
      "CV_median": 0.3385995612704076,
      "CV_q90": 0.8727614405025363,
      "CV_q75": 0.6243315383228664,
      "CV_q95": 1.029030162110072
    },
    "1": {
      "median_abs_epsilon": 0.6031320554348092,
      "mean_abs_epsilon": 0.8802163704492383,
      "variance_epsilon": 1.5822099269516345,
      "nr_prec": 67008,
      "CV_median": 0.3385995612704076,
      "CV_q90": 0.8727614405025363,
      "CV_q75": 0.6243315383228664,
      "CV_q95": 1.029030162110072
    }
  },
  "median_abs_epsilon": 0.5863661324433984,
  "mean_abs_epsilon": 0.8515970057012734,
  "nr_prec": 49479,
  "comments": "",
  "proteobench_version": "0.8.13",
  "color": "#afff57",
  "hover_text": "ProteoBench ID: MSAID_20250524_114946<br>Software tool: MSAID <br>Comment (private submission): ...",
  "scatter_size": 20,
  "fixed_mods": "C[UNIMOD:4]",
  "variable_mods": "M[UNIMOD:35], Protein_N-term[UNIMOD:1]",
  "max_mods": "1",
  "min_precursor_charge": "1",
  "max_precursor_charge": "4",
  "quantification_method": "MS1 Area (MBR)",
  "protein_inference": NaN,
  "abundance_normalization_ions": NaN,
  "submission_comments": "TEST\n\n ### Parameter changes detected:\n- **abundance_normalization_ions**: `None` \u2192 `nan`\n- **precursor_mass_tolerance**: `None` \u2192 `nan`\n- **protein_inference**: `None` \u2192 `nan`\n\nDataset URL: https://proteobench.cubimed.rub.de/datasets/bc08b3abb61c411c7deaf3920cd26b5ca45bb58b/"
}