{
  "old_new": "new",
  "id": "DIA-NN_20250527_105700",
  "software_name": "DIA-NN",
  "software_version": "2.1.0 Academia ",
  "search_engine": "DIA-NN",
  "search_engine_version": "2.1.0 Academia ",
  "ident_fdr_psm": "0.01",
  "ident_fdr_peptide": NaN,
  "ident_fdr_protein": NaN,
  "enable_match_between_runs": true,
  "precursor_mass_tolerance": "[-10.0 ppm, 10.0 ppm]",
  "fragment_mass_tolerance": "[-20.0 ppm, 20.0 ppm]",
  "enzyme": "Trypsin/P",
  "allowed_miscleavages": "1",
  "min_peptide_length": "7",
  "max_peptide_length": "30",
  "is_temporary": false,
  "intermediate_hash": "bc742c20518b411689e8eec2204349d9c0c3796d",
  "results": {
    "6": {
      "median_abs_epsilon": 0.17819595336914062,
      "mean_abs_epsilon": 0.2635415098879727,
      "variance_epsilon": 0.14682377492432372,
      "nr_prec": 78115,
      "CV_median": 0.12503858987485045,
      "CV_q90": 0.31384182336520716,
      "CV_q75": 0.21064127608736755,
      "CV_q95": 0.38702422486686283
    },
    "5": {
      "median_abs_epsilon": 0.19562721252441406,
      "mean_abs_epsilon": 0.29255057273386187,
      "variance_epsilon": 0.1841417356894198,
      "nr_prec": 94602,
      "CV_median": 0.1343283803471294,
      "CV_q90": 0.3444894698585518,
      "CV_q75": 0.2286090453975085,
      "CV_q95": 0.42813259438774054
    },
    "4": {
      "median_abs_epsilon": 0.21203994750976562,
      "mean_abs_epsilon": 0.32704774791227725,
      "variance_epsilon": 0.24700021164683603,
      "nr_prec": 106519,
      "CV_median": 0.13869571312781953,
      "CV_q90": 0.3610587366230913,
      "CV_q75": 0.23807788626603366,
      "CV_q95": 0.4498861733611205
    },
    "3": {
      "median_abs_epsilon": 0.22072505950927734,
      "mean_abs_epsilon": 0.3481332806735172,
      "variance_epsilon": 0.29719263765196535,
      "nr_prec": 116314,
      "CV_median": 0.14147979224630314,
      "CV_q90": 0.37120020775011875,
      "CV_q75": 0.24399322598180495,
      "CV_q95": 0.46446870731755513
    },
    "2": {
      "median_abs_epsilon": 0.22481346130371094,
      "mean_abs_epsilon": 0.3612785332955192,
      "variance_epsilon": 0.3403817063785742,
      "nr_prec": 122785,
      "CV_median": 0.14232758589632996,
      "CV_q90": 0.37585349982593164,
      "CV_q75": 0.24612966451421175,
      "CV_q95": 0.47187235198613586
    },
    "1": {
      "median_abs_epsilon": 0.22481346130371094,
      "mean_abs_epsilon": 0.3612785332955192,
      "variance_epsilon": 0.34038170637857407,
      "nr_prec": 126705,
      "CV_median": 0.14232758589632996,
      "CV_q90": 0.37585349982593164,
      "CV_q75": 0.24612966451421175,
      "CV_q95": 0.47187235198613586
    }
  },
  "median_abs_epsilon": 0.22072505950927734,
  "mean_abs_epsilon": 0.3481332806735172,
  "nr_prec": 116314,
  "comments": "",
  "proteobench_version": "0.8.15",
  "color": "#8c564b",
  "hover_text": "ProteoBench ID: DIA-NN_20250527_105700<br>Software tool: DIA-NN <br>Comment (private submission): ...",
  "scatter_size": 20,
  "fixed_mods": "unimod4",
  "variable_mods": "UniMod:35/15.994915/M",
  "max_mods": "1",
  "min_precursor_charge": "1",
  "max_precursor_charge": "4",
  "quantification_method": "QuantUMS high-precision",
  "protein_inference": "Genes",
  "abundance_normalization_ions": null,
  "submission_comments": "\n\n ### Parameter changes detected:\n- **ident_fdr_protein**: `None` \u2192 `nan`\n- **ident_fdr_peptide**: `None` \u2192 `nan`\n\nDataset URL: https://proteobench.cubimed.rub.de/datasets/bc742c20518b411689e8eec2204349d9c0c3796d/"
}