{
  "Highlight": false,
  "old_new": "new",
  "id": "MaxQuant_20250505_193256",
  "software_name": "MaxQuant",
  "software_version": "2.6.3.0",
  "search_engine": "Andromeda",
  "search_engine_version": "nan",
  "ident_fdr_psm": "0.01",
  "ident_fdr_peptide": null,
  "ident_fdr_protein": "0.01",
  "enable_match_between_runs": true,
  "precursor_mass_tolerance": "[-4.5 ppm, 4.5 ppm]",
  "fragment_mass_tolerance": "[-20 ppm, 20 ppm]",
  "enzyme": "Trypsin/P",
  "allowed_miscleavages": "1",
  "min_peptide_length": "6",
  "max_peptide_length": null,
  "is_temporary": false,
  "intermediate_hash": "be39a8defd1e85b69bcad3896a82e721e1bdfb0c",
  "results": {
    "6": {
      "median_abs_epsilon": 0.16213338654447895,
      "mean_abs_epsilon": 0.25682844608151445,
      "variance_epsilon": 0.16075887803815053,
      "nr_prec": 13361,
      "CV_median": 0.09531183239661448,
      "CV_q90": 0.22714556529436425,
      "CV_q75": 0.15239998259716286,
      "CV_q95": 0.293425524606477
    },
    "5": {
      "median_abs_epsilon": 0.17358397420449023,
      "mean_abs_epsilon": 0.2765545547833692,
      "variance_epsilon": 0.1904795907270144,
      "nr_prec": 17384,
      "CV_median": 0.09966116498163886,
      "CV_q90": 0.24406269230922123,
      "CV_q75": 0.16226583798608385,
      "CV_q95": 0.3230969759943704
    },
    "4": {
      "median_abs_epsilon": 0.1830390067240284,
      "mean_abs_epsilon": 0.29791489451977765,
      "variance_epsilon": 0.2264176382226689,
      "nr_prec": 19788,
      "CV_median": 0.10207613468351523,
      "CV_q90": 0.2537295484674298,
      "CV_q75": 0.16691162373235308,
      "CV_q95": 0.33830915204888423
    },
    "3": {
      "median_abs_epsilon": 0.18781577939858884,
      "mean_abs_epsilon": 0.30838388516299897,
      "variance_epsilon": 0.24472649235874477,
      "nr_prec": 21801,
      "CV_median": 0.10345442242149137,
      "CV_q90": 0.25919306046331936,
      "CV_q75": 0.1695708566449515,
      "CV_q95": 0.34994388308789315
    },
    "2": {
      "median_abs_epsilon": 0.19036771708304379,
      "mean_abs_epsilon": 0.31417466402948063,
      "variance_epsilon": 0.2563316368754538,
      "nr_prec": 23164,
      "CV_median": 0.10370880570793771,
      "CV_q90": 0.26216451997079915,
      "CV_q75": 0.17070632621815116,
      "CV_q95": 0.35514413205594375
    },
    "1": {
      "median_abs_epsilon": 0.19036771708304379,
      "mean_abs_epsilon": 0.3141746640294807,
      "variance_epsilon": 0.2563316368754538,
      "nr_prec": 24199,
      "CV_median": 0.10370880570793771,
      "CV_q90": 0.26216451997079915,
      "CV_q75": 0.17070632621815116,
      "CV_q95": 0.35514413205594375
    }
  },
  "median_abs_epsilon": 0.18781577939858884,
  "mean_abs_epsilon": 0.30838388516299897,
  "nr_prec": 21801,
  "comments": "",
  "proteobench_version": "0.8.7",
  "color": "#377eb8",
  "hover_text": "ProteoBench ID: MaxQuant_20250505_193256<br>Software tool: MaxQuant <br>Comment (private submission): ...",
  "scatter_size": 20,
  "fixed_mods": "Carbamidomethyl (C)",
  "variable_mods": "Oxidation (M),Acetyl (Protein N-term)",
  "max_mods": "1",
  "min_precursor_charge": null,
  "max_precursor_charge": "4",
  "quantification_method": "nan",
  "protein_inference": "nan",
  "abundance_normalization_ions": "nan",
  "submission_comments": "\n\n ### No parameter changes detected. \n\n\nDataset URL: https://proteobench.cubimed.rub.de/datasets/be39a8defd1e85b69bcad3896a82e721e1bdfb0c/"
}