{
  "id": "MaxQuant_20250605_175429",
  "software_name": "MaxQuant",
  "software_version": "2.6.3.0",
  "search_engine": "Andromeda",
  "search_engine_version": NaN,
  "ident_fdr_psm": 0.01,
  "ident_fdr_peptide": NaN,
  "ident_fdr_protein": 0.01,
  "enable_match_between_runs": true,
  "precursor_mass_tolerance": "[-4.5 ppm, 4.5 ppm]",
  "fragment_mass_tolerance": "[-20 ppm, 20 ppm]",
  "enzyme": "Trypsin/P",
  "allowed_miscleavages": 1,
  "min_peptide_length": 6,
  "max_peptide_length": NaN,
  "is_temporary": false,
  "intermediate_hash": "be39a8defd1e85b69bcad3896a82e721e1bdfb0c",
  "results": {
    "6": {
      "median_abs_epsilon_global": 0.16261752065518387,
      "median_abs_epsilon_eq_species": 0.1650395337726008,
      "median_abs_epsilon_ECOLI": 0.16644546183410824,
      "median_abs_epsilon_HUMAN": 0.1608838688480212,
      "median_abs_epsilon_YEAST": 0.16778927063567295,
      "mean_abs_epsilon_global": 0.2563136265385615,
      "mean_abs_epsilon_eq_species": 0.27844320076849144,
      "mean_abs_epsilon_ECOLI": 0.31989737184356715,
      "mean_abs_epsilon_HUMAN": 0.25211703203266767,
      "mean_abs_epsilon_YEAST": 0.26331519842923945,
      "median_log2_empirical_ECOLI": -1.9289625038766953,
      "median_log2_empirical_HUMAN": -0.035389339336273196,
      "median_log2_empirical_YEAST": 0.9549068541728545,
      "median_abs_epsilon_precision_global": 0.16680821474352392,
      "median_abs_epsilon_precision_eq_species": 0.16290960713178512,
      "median_abs_epsilon_precision_ECOLI": 0.15101895699332601,
      "median_abs_epsilon_precision_HUMAN": 0.16619964119727726,
      "median_abs_epsilon_precision_YEAST": 0.17151022320475207,
      "mean_log2_empirical_ECOLI": -1.809738433140884,
      "mean_log2_empirical_HUMAN": -0.09207263772477561,
      "mean_log2_empirical_YEAST": 0.893084707008293,
      "mean_abs_epsilon_precision_global": 0.2592166098914047,
      "mean_abs_epsilon_precision_eq_species": 0.28315635956114493,
      "mean_abs_epsilon_precision_ECOLI": 0.32924479975760695,
      "mean_abs_epsilon_precision_HUMAN": 0.2550256643172974,
      "mean_abs_epsilon_precision_YEAST": 0.26519861460853045,
      "CV_median": 0.096153010791934,
      "CV_q75": 0.15321658683690853,
      "CV_q90": 0.22821984245033478,
      "CV_q95": 0.29498936576210755,
      "variance_epsilon_global": 0.15825095342560894,
      "nr_feature": 13160,
      "roc_auc": 0.9394848200139488
    },
    "5": {
      "median_abs_epsilon_global": 0.1742473299351346,
      "median_abs_epsilon_eq_species": 0.18063677412400617,
      "median_abs_epsilon_ECOLI": 0.18901418438378315,
      "median_abs_epsilon_HUMAN": 0.17116848178824817,
      "median_abs_epsilon_YEAST": 0.1817276561999872,
      "mean_abs_epsilon_global": 0.27615929921022925,
      "mean_abs_epsilon_eq_species": 0.3089194697978646,
      "mean_abs_epsilon_ECOLI": 0.37265694316884096,
      "mean_abs_epsilon_HUMAN": 0.2694730698137562,
      "mean_abs_epsilon_YEAST": 0.28462839641099674,
      "median_log2_empirical_ECOLI": -1.8889651292243848,
      "median_log2_empirical_HUMAN": -0.036709015644595056,
      "median_log2_empirical_YEAST": 0.9431315358657368,
      "median_abs_epsilon_precision_global": 0.17850137238379737,
      "median_abs_epsilon_precision_eq_species": 0.1824427883758387,
      "median_abs_epsilon_precision_ECOLI": 0.18250694476716234,
      "median_abs_epsilon_precision_HUMAN": 0.17607963886749545,
      "median_abs_epsilon_precision_YEAST": 0.18874178149285825,
      "mean_log2_empirical_ECOLI": -1.7626384762923009,
      "mean_log2_empirical_HUMAN": -0.0887930415232444,
      "mean_log2_empirical_YEAST": 0.884949969844576,
      "mean_abs_epsilon_precision_global": 0.27781453399684275,
      "mean_abs_epsilon_precision_eq_species": 0.31140773119470033,
      "mean_abs_epsilon_precision_ECOLI": 0.37850314412990566,
      "mean_abs_epsilon_precision_HUMAN": 0.27145369426257926,
      "mean_abs_epsilon_precision_YEAST": 0.2842663551916161,
      "CV_median": 0.1005159453082228,
      "CV_q75": 0.16299637023150004,
      "CV_q90": 0.24567387751061753,
      "CV_q95": 0.32556409511471596,
      "variance_epsilon_global": 0.18798790902487883,
      "nr_feature": 17153,
      "roc_auc": 0.9289953026445316
    },
    "4": {
      "median_abs_epsilon_global": 0.18364588651892788,
      "median_abs_epsilon_eq_species": 0.19526842065805106,
      "median_abs_epsilon_ECOLI": 0.2120175245577105,
      "median_abs_epsilon_HUMAN": 0.1797709205154021,
      "median_abs_epsilon_YEAST": 0.19401681690104056,
      "mean_abs_epsilon_global": 0.29738917066771203,
      "mean_abs_epsilon_eq_species": 0.33472520740935807,
      "mean_abs_epsilon_ECOLI": 0.4078685650021965,
      "mean_abs_epsilon_HUMAN": 0.288597265716267,
      "mean_abs_epsilon_YEAST": 0.3077097915096108,
      "median_log2_empirical_ECOLI": -1.8721654433990818,
      "median_log2_empirical_HUMAN": -0.039977638953732964,
      "median_log2_empirical_YEAST": 0.9365105176239545,
      "median_abs_epsilon_precision_global": 0.18787227872881296,
      "median_abs_epsilon_precision_eq_species": 0.19801196128468312,
      "median_abs_epsilon_precision_ECOLI": 0.2081422698433908,
      "median_abs_epsilon_precision_HUMAN": 0.18333687767769646,
      "median_abs_epsilon_precision_YEAST": 0.20255673633296212,
      "mean_log2_empirical_ECOLI": -1.7524380367924557,
      "mean_log2_empirical_HUMAN": -0.09481092562182071,
      "mean_log2_empirical_YEAST": 0.8783604489159506,
      "mean_abs_epsilon_precision_global": 0.29843455176548556,
      "mean_abs_epsilon_precision_eq_species": 0.33373761998416,
      "mean_abs_epsilon_precision_ECOLI": 0.4042824974907597,
      "mean_abs_epsilon_precision_HUMAN": 0.2905224621286266,
      "mean_abs_epsilon_precision_YEAST": 0.30640790033309384,
      "CV_median": 0.10288765665656215,
      "CV_q75": 0.1676815857438535,
      "CV_q90": 0.25476044390342845,
      "CV_q95": 0.34074606065982244,
      "variance_epsilon_global": 0.22323201821276087,
      "nr_feature": 19546,
      "roc_auc": 0.9165608204417282
    },
    "3": {
      "median_abs_epsilon_global": 0.18846714407427,
      "median_abs_epsilon_eq_species": 0.20137439839930119,
      "median_abs_epsilon_ECOLI": 0.22155294369904155,
      "median_abs_epsilon_HUMAN": 0.18425761770755145,
      "median_abs_epsilon_YEAST": 0.1983126337913106,
      "mean_abs_epsilon_global": 0.30786285581873807,
      "mean_abs_epsilon_eq_species": 0.34749879912449444,
      "mean_abs_epsilon_ECOLI": 0.4248382436947839,
      "mean_abs_epsilon_HUMAN": 0.2984460573824271,
      "mean_abs_epsilon_YEAST": 0.3192120962962723,
      "median_log2_empirical_ECOLI": -1.8574378598072876,
      "median_log2_empirical_HUMAN": -0.040460897851136934,
      "median_log2_empirical_YEAST": 0.9342132027522467,
      "median_abs_epsilon_precision_global": 0.19296037085093332,
      "median_abs_epsilon_precision_eq_species": 0.20478386643015037,
      "median_abs_epsilon_precision_ECOLI": 0.2195514672332557,
      "median_abs_epsilon_precision_HUMAN": 0.18784422463193096,
      "median_abs_epsilon_precision_YEAST": 0.20695590742526448,
      "mean_log2_empirical_ECOLI": -1.7381744331635918,
      "mean_log2_empirical_HUMAN": -0.09376523399405283,
      "mean_log2_empirical_YEAST": 0.8724687256084123,
      "mean_abs_epsilon_precision_global": 0.3085705597624548,
      "mean_abs_epsilon_precision_eq_species": 0.34562529234462325,
      "mean_abs_epsilon_precision_ECOLI": 0.4188976043250895,
      "mean_abs_epsilon_precision_HUMAN": 0.3000479883088437,
      "mean_abs_epsilon_precision_YEAST": 0.31793028439993665,
      "CV_median": 0.10403350051993296,
      "CV_q75": 0.17047931765625643,
      "CV_q90": 0.26017035541468836,
      "CV_q95": 0.3518255438583515,
      "variance_epsilon_global": 0.24179755980665602,
      "nr_feature": 21541,
      "roc_auc": 0.9100734445063113
    },
    "2": {
      "median_abs_epsilon_global": 0.19115335349739837,