{
  "old_new": "new",
  "id": "MaxQuant_20250605_175429",
  "software_name": "MaxQuant",
  "software_version": "2.6.3.0",
  "search_engine": "Andromeda",
  "search_engine_version": NaN,
  "ident_fdr_psm": 0.01,
  "ident_fdr_peptide": null,
  "ident_fdr_protein": 0.01,
  "enable_match_between_runs": true,
  "precursor_mass_tolerance": "[-4.5 ppm, 4.5 ppm]",
  "fragment_mass_tolerance": "[-20 ppm, 20 ppm]",
  "enzyme": "Trypsin/P",
  "allowed_miscleavages": 1,
  "min_peptide_length": 6,
  "max_peptide_length": null,
  "is_temporary": false,
  "intermediate_hash": "be39a8defd1e85b69bcad3896a82e721e1bdfb0c",
  "results": {
    "6": {
      "median_abs_epsilon_global": 0.16233664613349852,
      "median_abs_epsilon_eq_species": 0.1649152006697546,
      "median_abs_epsilon_ECOLI": 0.16644546183410824,
      "median_abs_epsilon_HUMAN": 0.16066782168472038,
      "median_abs_epsilon_YEAST": 0.16763231849043514,
      "mean_abs_epsilon_global": 0.25544552503198154,
      "mean_abs_epsilon_eq_species": 0.27760655518738325,
      "mean_abs_epsilon_ECOLI": 0.31989737184356715,
      "mean_abs_epsilon_HUMAN": 0.251460484066786,
      "mean_abs_epsilon_YEAST": 0.26146180965179655,
      "median_log2_empirical_ECOLI": -1.9289625038766953,
      "median_log2_empirical_HUMAN": -0.03566611055820701,
      "median_log2_empirical_YEAST": 0.955901882166275,
      "median_abs_epsilon_precision_global": 0.16651047121429485,
      "median_abs_epsilon_precision_eq_species": 0.16259796553265046,
      "median_abs_epsilon_precision_ECOLI": 0.15101895699332601,
      "median_abs_epsilon_precision_HUMAN": 0.16612573176126233,
      "median_abs_epsilon_precision_YEAST": 0.17064920784336302,
      "mean_log2_empirical_ECOLI": -1.809738433140884,
      "mean_log2_empirical_HUMAN": -0.09292535044280098,
      "mean_log2_empirical_YEAST": 0.895092884736088,
      "mean_abs_epsilon_precision_global": 0.25840257208364914,
      "mean_abs_epsilon_precision_eq_species": 0.2823392298128544,
      "mean_abs_epsilon_precision_ECOLI": 0.32924479975760695,
      "mean_abs_epsilon_precision_HUMAN": 0.25444118729142334,
      "mean_abs_epsilon_precision_YEAST": 0.26333170238953296,
      "CV_median": 0.09605718340822295,
      "CV_q75": 0.15304750851333843,
      "CV_q90": 0.22760938122524146,
      "CV_q95": 0.2936106570784738,
      "roc_auc": 0.9406547428368514,
      "roc_auc_directional": 0.9685142164968468,
      "nr_prec": 13136,
      "nr_prec_HUMAN": 10204,
      "nr_prec_YEAST": 2538,
      "nr_prec_ECOLI": 394,
      "variance_epsilon_global": 0.1569419319974226
    },
    "5": {
      "median_abs_epsilon_global": 0.17404233155122384,
      "median_abs_epsilon_eq_species": 0.18054938663674372,
      "median_abs_epsilon_ECOLI": 0.18901418438378315,
      "median_abs_epsilon_HUMAN": 0.17107655231457386,
      "median_abs_epsilon_YEAST": 0.18155742321187418,
      "mean_abs_epsilon_global": 0.2754859447013836,
      "mean_abs_epsilon_eq_species": 0.3082959548196702,
      "mean_abs_epsilon_ECOLI": 0.37265694316884096,
      "mean_abs_epsilon_HUMAN": 0.26893548852328336,
      "mean_abs_epsilon_YEAST": 0.28329543276688623,
      "median_log2_empirical_ECOLI": -1.8889651292243848,
      "median_log2_empirical_HUMAN": -0.036970033535414615,
      "median_log2_empirical_YEAST": 0.9438597530916581,
      "median_abs_epsilon_precision_global": 0.17833903975716936,
      "median_abs_epsilon_precision_eq_species": 0.18218317995299907,
      "median_abs_epsilon_precision_ECOLI": 0.18250694476716234,
      "median_abs_epsilon_precision_HUMAN": 0.17614028554157102,
      "median_abs_epsilon_precision_YEAST": 0.18790230955026388,
      "mean_log2_empirical_ECOLI": -1.7626384762923009,
      "mean_log2_empirical_HUMAN": -0.08955374292775801,
      "mean_log2_empirical_YEAST": 0.8864340296492055,
      "mean_abs_epsilon_precision_global": 0.2771822755787962,
      "mean_abs_epsilon_precision_eq_species": 0.310808117572485,
      "mean_abs_epsilon_precision_ECOLI": 0.37850314412990566,
      "mean_abs_epsilon_precision_HUMAN": 0.27096214238685923,
      "mean_abs_epsilon_precision_YEAST": 0.28295906620069,
      "CV_median": 0.10044278303239804,
      "CV_q75": 0.1628351748766688,
      "CV_q90": 0.24474798766263833,
      "CV_q95": 0.3232490110756122,
      "roc_auc": 0.9298782036307208,
      "roc_auc_directional": 0.9621789041739048,
      "nr_prec": 17127,
      "nr_prec_HUMAN": 13129,
      "nr_prec_YEAST": 3385,
      "nr_prec_ECOLI": 613,
      "variance_epsilon_global": 0.1869932953643227
    },
    "4": {
      "median_abs_epsilon_global": 0.18343027624524488,
      "median_abs_epsilon_eq_species": 0.19477917483848373,
      "median_abs_epsilon_ECOLI": 0.21157141165104676,
      "median_abs_epsilon_HUMAN": 0.17957408764620908,
      "median_abs_epsilon_YEAST": 0.19319202521819534,
      "mean_abs_epsilon_global": 0.2966113331332679,
      "mean_abs_epsilon_eq_species": 0.3334948658123378,
      "mean_abs_epsilon_ECOLI": 0.4058980518562291,
      "mean_abs_epsilon_HUMAN": 0.28796922853295676,
      "mean_abs_epsilon_YEAST": 0.30661731704782746,
      "median_log2_empirical_ECOLI": -1.8728062737753461,
      "median_log2_empirical_HUMAN": -0.04027679817837537,
      "median_log2_empirical_YEAST": 0.9374661079204643,
      "median_abs_epsilon_precision_global": 0.1877255025466038,
      "median_abs_epsilon_precision_eq_species": 0.1975328660756901,
      "median_abs_epsilon_precision_ECOLI": 0.20767869651226434,
      "median_abs_epsilon_precision_HUMAN": 0.18328311697583644,
      "median_abs_epsilon_precision_YEAST": 0.2016367847389695,
      "mean_log2_empirical_ECOLI": -1.754607195045975,
      "mean_log2_empirical_HUMAN": -0.09549332114605494,
      "mean_log2_empirical_YEAST": 0.87962040748202,
      "mean_abs_epsilon_precision_global": 0.297677794115782,
      "mean_abs_epsilon_precision_eq_species": 0.3324266697446529,
      "mean_abs_epsilon_precision_ECOLI": 0.4019933974044369,
      "mean_abs_epsilon_precision_HUMAN": 0.2899276394256649,
      "mean_abs_epsilon_precision_YEAST": 0.30535897240385673,
      "CV_median": 0.10281464238911336,
      "CV_q75": 0.1675040857919941,
      "CV_q90": 0.2542353898186192,
      "CV_q95": 0.3384019719626783,
      "roc_auc": 0.9175833363778391,
      "roc_auc_directional": 0.9569976491362819,
      "nr_prec": 19514,
      "nr_prec_HUMAN": 14767,
      "nr_prec_YEAST": 3940,
      "nr_prec_ECOLI": 807,
      "variance_epsilon_global": 0.22205990577477022
    },
    "3": {
      "median_abs_epsilon_global": 0.18815713322075567,
      "median_abs_epsilon_eq_species": 0.2011224434277299,
      "median_abs_epsilon_ECOLI": 0.22150172895934617,
      "median_abs_epsilon_HUMAN": 0.1839988478085246,
      "median_abs_epsilon_YEAST": 0.1978667535153189,
      "mean_abs_epsilon_global": 0.30710159425749284,
      "mean_abs_epsilon_eq_species": 0.3462725064720989,
      "mean_abs_epsilon_ECOLI": 0.42299604881175923,
      "mean_abs_epsilon_HUMAN": 0.2978792166347649,
      "mean_abs_epsilon_YEAST": 0.3179422539697726,
      "median_log2_empirical_ECOLI": -1.8580531958874147,
      "median_log2_empirical_HUMAN": -0.04080816442780666,
      "median_log2_empirical_YEAST": 0.9349877476123893,
      "median_abs_epsilon_precision_global": 0.192600698558417,
      "median_abs_epsilon_precision_eq_species": 0.2046410795131859,
      "median_abs_epsilon_precision_ECOLI": 0.21958286981541875,
      "median_abs_epsilon_precision_HUMAN": 0.18768276177088516,
      "median_abs_epsilon_precision_YEAST": 0.20665760695325375,
      "mean_log2_empirical_ECOLI": -1.7402075094012515,
      "mean_log2_empirical_HUMAN": -0.0943894016366863,
      "mean_log2_empirical_YEAST": 0.8739547863975445,
      "mean_abs_epsilon_precision_global": 0.30782808938706985,
      "mean_abs_epsilon_precision_eq_species": 0.34433095280311793,
      "mean_abs_epsilon_precision_ECOLI": 0.4167901355565895,
      "mean_abs_epsilon_precision_HUMAN": 0.2995121639400364,