{
  "old_new": "new",
  "id": "DIA-NN_20251027_123747",
  "software_name": "DIA-NN",
  "software_version": "1.9.2",
  "search_engine": "DIA-NN",
  "search_engine_version": "1.9.2",
  "ident_fdr_psm": "0.01",
  "ident_fdr_peptide": NaN,
  "ident_fdr_protein": null,
  "enable_match_between_runs": true,
  "precursor_mass_tolerance": "[-2.35337 ppm, 2.35337 ppm]",
  "fragment_mass_tolerance": "[-8.67093 ppm, 8.67093 ppm]",
  "enzyme": "K*,R*,!",
  "allowed_miscleavages": "1",
  "min_peptide_length": "7",
  "max_peptide_length": "30",
  "is_temporary": false,
  "intermediate_hash": "be4d3e067a35ae1e2cca00cdfaae525268bbde90",
  "results": {
    "6": {
      "median_abs_epsilon": 0.17713765630949752,
      "mean_abs_epsilon": 0.2758546174821918,
      "variance_epsilon": 0.18551054670807895,
      "nr_prec": 82559,
      "CV_median": 0.12953386823005042,
      "CV_q75": 0.2287450581083209,
      "CV_q90": 0.3579342703754732,
      "CV_q95": 0.45979637441958704
    },
    "5": {
      "median_abs_epsilon": 0.19948008522894867,
      "mean_abs_epsilon": 0.3341212091910563,
      "variance_epsilon": 0.309440570564806,
      "nr_prec": 100459,
      "CV_median": 0.14289246650594317,
      "CV_q75": 0.2578423336187876,
      "CV_q90": 0.41481418895490985,
      "CV_q95": 0.5602401793993893
    },
    "4": {
      "median_abs_epsilon": 0.22035163244470368,
      "mean_abs_epsilon": 0.40126586245314266,
      "variance_epsilon": 0.5049411023483171,
      "nr_prec": 113243,
      "CV_median": 0.1498751812864504,
      "CV_q75": 0.27423565700070235,
      "CV_q90": 0.4505630439413931,
      "CV_q95": 0.6364554384341798
    },
    "3": {
      "median_abs_epsilon": 0.23203094873302277,
      "mean_abs_epsilon": 0.45009443144196154,
      "variance_epsilon": 0.6809562451449217,
      "nr_prec": 123793,
      "CV_median": 0.15415840174184414,
      "CV_q75": 0.28383953584697075,
      "CV_q90": 0.4736807999213948,
      "CV_q95": 0.69373024740563
    },
    "2": {
      "median_abs_epsilon": 0.23745663988650012,
      "mean_abs_epsilon": 0.4741044945752116,
      "variance_epsilon": 0.7839204073724083,
      "nr_prec": 130520,
      "CV_median": 0.15558277997214598,
      "CV_q75": 0.2875700311031938,
      "CV_q90": 0.4839127868987657,
      "CV_q95": 0.7177714099396098
    },
    "1": {
      "median_abs_epsilon": 0.23745663988650012,
      "mean_abs_epsilon": 0.4741044945752116,
      "variance_epsilon": 0.7839204073724083,
      "nr_prec": 134425,
      "CV_median": 0.15558277997214598,
      "CV_q75": 0.2875700311031938,
      "CV_q90": 0.4839127868987657,
      "CV_q95": 0.7177714099396098
    }
  },
  "median_abs_epsilon": 0.23203094873302277,
  "mean_abs_epsilon": 0.45009443144196154,
  "nr_prec": 123793,
  "comments": "",
  "proteobench_version": "0.10.3",
  "color": "#d42f2f",
  "hover_text": "ProteoBench ID: DIA-NN_20251027_123747<br>Software tool: DIA-NN <br>Comment (private submission): ...",
  "scatter_size": 20,
  "fixed_mods": "UniMod:4",
  "variable_mods": "UniMod:35,UniMod:1",
  "max_mods": "3",
  "min_precursor_charge": "2",
  "max_precursor_charge": "4",
  "quantification_method": "High accuracy",
  "protein_inference": "Genes",
  "abundance_normalization_ions": null,
  "submission_comments": "Resubmission of e216b3a382d287aba603b5c0133ee8c5a876ab8d after changing quant column from Precursor.Quantity -> Precursor.Normalised\n\n ### Parameter changes detected:\n- **ident_fdr_peptide**: `None` \u2192 `nan`\n\nDataset URL: https://proteobench.cubimed.rub.de/datasets/be4d3e067a35ae1e2cca00cdfaae525268bbde90/",
  "min_precursor_mz": "200",
  "max_precursor_mz": "1800",
  "min_fragment_mz": "200",
  "max_fragment_mz": "1800",
  "predictors_library": null,
  "scan_window": "6"
}