{
  "old_new": "new",
  "id": "DIA-NN_20251027_123747",
  "software_name": "DIA-NN",
  "software_version": "1.9.2",
  "search_engine": "DIA-NN",
  "search_engine_version": "1.9.2",
  "ident_fdr_psm": 0.01,
  "ident_fdr_peptide": NaN,
  "ident_fdr_protein": null,
  "enable_match_between_runs": true,
  "precursor_mass_tolerance": "[-2.35337 ppm, 2.35337 ppm]",
  "fragment_mass_tolerance": "[-8.67093 ppm, 8.67093 ppm]",
  "enzyme": "K*,R*,!",
  "allowed_miscleavages": 1,
  "min_peptide_length": 7,
  "max_peptide_length": 30,
  "is_temporary": false,
  "intermediate_hash": "be4d3e067a35ae1e2cca00cdfaae525268bbde90",
  "results": {
    "6": {
      "median_abs_epsilon_global": 0.17726390934353908,
      "median_abs_epsilon_eq_species": 0.18352893247257107,
      "median_abs_epsilon_ECOLI": 0.1925420071012489,
      "median_abs_epsilon_HUMAN": 0.17524914901424538,
      "median_abs_epsilon_YEAST": 0.18279564130221893,
      "mean_abs_epsilon_global": 0.2755843686866696,
      "mean_abs_epsilon_eq_species": 0.28700897676847564,
      "mean_abs_epsilon_ECOLI": 0.3043074252890552,
      "mean_abs_epsilon_HUMAN": 0.2718715478630791,
      "mean_abs_epsilon_YEAST": 0.2848479571532926,
      "median_log2_empirical_ECOLI": -1.9636805511263873,
      "median_log2_empirical_HUMAN": -0.08275955287869508,
      "median_log2_empirical_YEAST": 0.9146975066505814,
      "median_abs_epsilon_precision_global": 0.16730495094492426,
      "median_abs_epsilon_precision_eq_species": 0.17597518046203428,
      "median_abs_epsilon_precision_ECOLI": 0.18907223358869274,
      "median_abs_epsilon_precision_HUMAN": 0.16477629938615213,
      "median_abs_epsilon_precision_YEAST": 0.17407700841125795,
      "mean_log2_empirical_ECOLI": -1.9133837152159519,
      "mean_log2_empirical_HUMAN": -0.10933351899019789,
      "mean_log2_empirical_YEAST": 0.8941144349504846,
      "mean_abs_epsilon_precision_global": 0.2650550461992705,
      "mean_abs_epsilon_precision_eq_species": 0.2802314877555428,
      "mean_abs_epsilon_precision_ECOLI": 0.30607825629151697,
      "mean_abs_epsilon_precision_HUMAN": 0.2609362095526462,
      "mean_abs_epsilon_precision_YEAST": 0.2736799974224652,
      "CV_median": 0.12988350379605912,
      "CV_q75": 0.22910327934370026,
      "CV_q90": 0.35829410426931396,
      "CV_q95": 0.4600390972689247,
      "roc_auc": 0.9334236460531806,
      "roc_auc_directional": 0.9734395393123969,
      "nr_prec": 82019,
      "nr_prec_HUMAN": 62926,
      "nr_prec_YEAST": 16176,
      "nr_prec_ECOLI": 2917,
      "variance_epsilon_global": 0.18456164948160592
    },
    "5": {
      "median_abs_epsilon_global": 0.1996539820728831,
      "median_abs_epsilon_eq_species": 0.21723152429901363,
      "median_abs_epsilon_ECOLI": 0.24081963135353135,
      "median_abs_epsilon_HUMAN": 0.19357747593772778,
      "median_abs_epsilon_YEAST": 0.21729746560578178,
      "mean_abs_epsilon_global": 0.3339877841440768,
      "mean_abs_epsilon_eq_species": 0.36020097061679573,
      "mean_abs_epsilon_ECOLI": 0.39711208769979944,
      "mean_abs_epsilon_HUMAN": 0.3232757255399753,
      "mean_abs_epsilon_YEAST": 0.36021509861061246,
      "median_log2_empirical_ECOLI": -1.9144214862278393,
      "median_log2_empirical_HUMAN": -0.08241405529582835,
      "median_log2_empirical_YEAST": 0.8987535340038733,
      "median_abs_epsilon_precision_global": 0.19048230350972606,
      "median_abs_epsilon_precision_eq_species": 0.21111540686571276,
      "median_abs_epsilon_precision_ECOLI": 0.2426878866543074,
      "median_abs_epsilon_precision_HUMAN": 0.18385999075958637,
      "median_abs_epsilon_precision_YEAST": 0.20679834318324453,
      "mean_log2_empirical_ECOLI": -1.8364141939995822,
      "mean_log2_empirical_HUMAN": -0.10772252700883442,
      "mean_log2_empirical_YEAST": 0.8742424479677491,
      "mean_abs_epsilon_precision_global": 0.3234870137329422,
      "mean_abs_epsilon_precision_eq_species": 0.35173072461288973,
      "mean_abs_epsilon_precision_ECOLI": 0.39565631338949897,
      "mean_abs_epsilon_precision_HUMAN": 0.3132304145051942,
      "mean_abs_epsilon_precision_YEAST": 0.34630544594397594,
      "CV_median": 0.14319901120106338,
      "CV_q75": 0.2582635982058509,
      "CV_q90": 0.41516513353067175,
      "CV_q95": 0.5605127965950722,
      "roc_auc": 0.8994174533911964,
      "roc_auc_directional": 0.9540728500627964,
      "nr_prec": 99870,
      "nr_prec_HUMAN": 74976,
      "nr_prec_YEAST": 20822,
      "nr_prec_ECOLI": 4072,
      "variance_epsilon_global": 0.30888723398196866
    },
    "4": {
      "median_abs_epsilon_global": 0.22053952907845797,
      "median_abs_epsilon_eq_species": 0.2536775667321252,
      "median_abs_epsilon_ECOLI": 0.3023452756961227,
      "median_abs_epsilon_HUMAN": 0.20890070761632096,
      "median_abs_epsilon_YEAST": 0.24978671688393206,
      "mean_abs_epsilon_global": 0.4012733513337047,
      "mean_abs_epsilon_eq_species": 0.4593994547983021,
      "mean_abs_epsilon_ECOLI": 0.5512451332315861,
      "mean_abs_epsilon_HUMAN": 0.37719203560938014,
      "mean_abs_epsilon_YEAST": 0.44976119555394006,
      "median_log2_empirical_ECOLI": -1.8546973018130188,
      "median_log2_empirical_HUMAN": -0.082781119331365,
      "median_log2_empirical_YEAST": 0.8870301276091439,
      "median_abs_epsilon_precision_global": 0.2111499553442968,
      "median_abs_epsilon_precision_eq_species": 0.2492248910043795,
      "median_abs_epsilon_precision_ECOLI": 0.3102419827359846,
      "median_abs_epsilon_precision_HUMAN": 0.19880100227195818,
      "median_abs_epsilon_precision_YEAST": 0.23863168800519574,
      "mean_log2_empirical_ECOLI": -1.739110482715598,
      "mean_log2_empirical_HUMAN": -0.11098714978629552,
      "mean_log2_empirical_YEAST": 0.8627315635800845,
      "mean_abs_epsilon_precision_global": 0.39055148660204025,
      "mean_abs_epsilon_precision_eq_species": 0.44802480975414305,
      "mean_abs_epsilon_precision_ECOLI": 0.5423232455992026,
      "mean_abs_epsilon_precision_HUMAN": 0.36788213747839815,
      "mean_abs_epsilon_precision_YEAST": 0.4338690461848284,
      "CV_median": 0.15023996130398004,
      "CV_q75": 0.27465833360747494,
      "CV_q90": 0.4510349290453948,
      "CV_q95": 0.6369411452264713,
      "roc_auc": 0.8695102584455937,
      "roc_auc_directional": 0.9260454920044511,
      "nr_prec": 112619,
      "nr_prec_HUMAN": 82767,
      "nr_prec_YEAST": 24475,
      "nr_prec_ECOLI": 5377,
      "variance_epsilon_global": 0.504662522328305
    },
    "3": {
      "median_abs_epsilon_global": 0.2322549775347742,
      "median_abs_epsilon_eq_species": 0.2690852424435188,
      "median_abs_epsilon_ECOLI": 0.31956544663425035,
      "median_abs_epsilon_HUMAN": 0.21946430640445236,
      "median_abs_epsilon_YEAST": 0.2682259742918536,
      "mean_abs_epsilon_global": 0.45028570329828776,
      "mean_abs_epsilon_eq_species": 0.5099733108183301,
      "mean_abs_epsilon_ECOLI": 0.5932217112618212,
      "mean_abs_epsilon_HUMAN": 0.4215089736082515,
      "mean_abs_epsilon_YEAST": 0.5151892475849176,
      "median_log2_empirical_ECOLI": -1.8457823528903958,
      "median_log2_empirical_HUMAN": -0.08223377013612776,
      "median_log2_empirical_YEAST": 0.8821937363824048,
      "median_abs_epsilon_precision_global": 0.22384545184224613,
      "median_abs_epsilon_precision_eq_species": 0.26581212789474523,
      "median_abs_epsilon_precision_ECOLI": 0.32979178059834524,
      "median_abs_epsilon_precision_HUMAN": 0.20952883307266745,
      "median_abs_epsilon_precision_YEAST": 0.25811577001322306,
      "mean_log2_empirical_ECOLI": -1.7158422231491866,
      "mean_log2_empirical_HUMAN": -0.10741689938672334,
      "mean_log2_empirical_YEAST": 0.8596605326993524,
      "mean_abs_epsilon_precision_global": 0.43956288656551573,
      "mean_abs_epsilon_precision_eq_species": 0.49835601857233874,
      "mean_abs_epsilon_precision_ECOLI": 0.5839419666338145,
      "mean_abs_epsilon_precision_HUMAN": 0.4124367692101298,