{
  "old_new": "new",
  "id": "DIA-NN_20251027_123139",
  "software_name": "DIA-NN",
  "software_version": "2.2.0 Academia ",
  "search_engine": "DIA-NN",
  "search_engine_version": "2.2.0 Academia ",
  "ident_fdr_psm": 0.01,
  "ident_fdr_peptide": NaN,
  "ident_fdr_protein": NaN,
  "enable_match_between_runs": true,
  "precursor_mass_tolerance": "[-2.8 ppm, 2.8 ppm]",
  "fragment_mass_tolerance": "[-6 ppm, 6 ppm]",
  "enzyme": "Trypsin/P",
  "allowed_miscleavages": 1,
  "min_peptide_length": 6,
  "max_peptide_length": 30,
  "is_temporary": false,
  "intermediate_hash": "c572ba8406c3a04d30b2f4e3c29ae6fb9328fede",
  "results": {
    "6": {
      "median_abs_epsilon_global": 0.16964435577392578,
      "median_abs_epsilon_eq_species": 0.1830892562866211,
      "median_abs_epsilon_ECOLI": 0.20769119262695312,
      "median_abs_epsilon_HUMAN": 0.16678428649902344,
      "median_abs_epsilon_YEAST": 0.17479228973388672,
      "mean_abs_epsilon_global": 0.2504828892732678,
      "mean_abs_epsilon_eq_species": 0.26488401333629574,
      "mean_abs_epsilon_ECOLI": 0.29393590699936467,
      "mean_abs_epsilon_HUMAN": 0.2479138635830274,
      "mean_abs_epsilon_YEAST": 0.25280226942649514,
      "median_log2_empirical_ECOLI": -1.8812379837036133,
      "median_log2_empirical_HUMAN": 0.013232231140136719,
      "median_log2_empirical_YEAST": 1.0107307434082031,
      "median_abs_epsilon_precision_global": 0.1672830581665039,
      "median_abs_epsilon_precision_eq_species": 0.1751688321431478,
      "median_abs_epsilon_precision_ECOLI": 0.18779659271240234,
      "median_abs_epsilon_precision_HUMAN": 0.16479825973510742,
      "median_abs_epsilon_precision_YEAST": 0.1729116439819336,
      "mean_log2_empirical_ECOLI": -1.841379291115988,
      "mean_log2_empirical_HUMAN": -0.02263933665111957,
      "mean_log2_empirical_YEAST": 0.9828624386307491,
      "mean_abs_epsilon_precision_global": 0.25149949207257655,
      "mean_abs_epsilon_precision_eq_species": 0.2595975094330239,
      "mean_abs_epsilon_precision_ECOLI": 0.2750907819467666,
      "mean_abs_epsilon_precision_HUMAN": 0.24981177880988356,
      "mean_abs_epsilon_precision_YEAST": 0.25388996754242155,
      "CV_median": 0.13343459997918475,
      "CV_q75": 0.2294631032481913,
      "CV_q90": 0.348738325500625,
      "CV_q95": 0.4350327922364874,
      "roc_auc": 0.9568668337173882,
      "roc_auc_directional": 0.9811489278827631,
      "nr_prec": 85570,
      "nr_prec_HUMAN": 65608,
      "nr_prec_YEAST": 16990,
      "nr_prec_ECOLI": 2972,
      "variance_epsilon_global": 0.14360841158820548
    },
    "5": {
      "median_abs_epsilon_global": 0.18761825561523438,
      "median_abs_epsilon_eq_species": 0.2119282086690267,
      "median_abs_epsilon_ECOLI": 0.25401926040649414,
      "median_abs_epsilon_HUMAN": 0.1812000274658203,
      "median_abs_epsilon_YEAST": 0.20056533813476562,
      "mean_abs_epsilon_global": 0.2863119398938717,
      "mean_abs_epsilon_eq_species": 0.3207084571567365,
      "mean_abs_epsilon_ECOLI": 0.3863248219455246,
      "mean_abs_epsilon_HUMAN": 0.27761511857678395,
      "mean_abs_epsilon_YEAST": 0.298185430947901,
      "median_log2_empirical_ECOLI": -1.8206787109375,
      "median_log2_empirical_HUMAN": 0.01192474365234375,
      "median_log2_empirical_YEAST": 0.9909276962280273,
      "median_abs_epsilon_precision_global": 0.18635940551757812,
      "median_abs_epsilon_precision_eq_species": 0.20487848917643228,
      "median_abs_epsilon_precision_ECOLI": 0.233154296875,
      "median_abs_epsilon_precision_HUMAN": 0.18008804321289062,
      "median_abs_epsilon_precision_YEAST": 0.20139312744140625,
      "mean_log2_empirical_ECOLI": -1.7411672817239505,
      "mean_log2_empirical_HUMAN": -0.02501173826856009,
      "mean_log2_empirical_YEAST": 0.9488532767283387,
      "mean_abs_epsilon_precision_global": 0.2870914446832112,
      "mean_abs_epsilon_precision_eq_species": 0.31226648443410937,
      "mean_abs_epsilon_precision_ECOLI": 0.3565924909629851,
      "mean_abs_epsilon_precision_HUMAN": 0.2795622042735291,
      "mean_abs_epsilon_precision_YEAST": 0.30064475806581387,
      "CV_median": 0.1448685582582292,
      "CV_q75": 0.2531105798695253,
      "CV_q90": 0.3881757936354162,
      "CV_q95": 0.4902211664431939,
      "roc_auc": 0.9325553275947798,
      "roc_auc_directional": 0.966658945014145,
      "nr_prec": 102105,
      "nr_prec_HUMAN": 76547,
      "nr_prec_YEAST": 21448,
      "nr_prec_ECOLI": 4110,
      "variance_epsilon_global": 0.19503463743308988
    },
    "4": {
      "median_abs_epsilon_global": 0.2039642333984375,
      "median_abs_epsilon_eq_species": 0.2480306625366211,
      "median_abs_epsilon_ECOLI": 0.3261709213256836,
      "median_abs_epsilon_HUMAN": 0.1930561065673828,
      "median_abs_epsilon_YEAST": 0.22486495971679688,
      "mean_abs_epsilon_global": 0.3249138583469345,
      "mean_abs_epsilon_eq_species": 0.38724230613532046,
      "mean_abs_epsilon_ECOLI": 0.5084469196293486,
      "mean_abs_epsilon_HUMAN": 0.3065301704445472,
      "mean_abs_epsilon_YEAST": 0.3467498283320654,
      "median_log2_empirical_ECOLI": -1.7570953369140625,
      "median_log2_empirical_HUMAN": 0.011788368225097656,
      "median_log2_empirical_YEAST": 0.9747371673583984,
      "median_abs_epsilon_precision_global": 0.20387554168701172,
      "median_abs_epsilon_precision_eq_species": 0.24130694071451822,
      "median_abs_epsilon_precision_ECOLI": 0.30441856384277344,
      "median_abs_epsilon_precision_HUMAN": 0.19176292419433594,
      "median_abs_epsilon_precision_YEAST": 0.2277393341064453,
      "mean_log2_empirical_ECOLI": -1.631867698081255,
      "mean_log2_empirical_HUMAN": -0.026261378165095224,
      "mean_log2_empirical_YEAST": 0.9194573548387793,
      "mean_abs_epsilon_precision_global": 0.32490699116942834,
      "mean_abs_epsilon_precision_eq_species": 0.3738779672458638,
      "mean_abs_epsilon_precision_ECOLI": 0.46323328612398773,
      "mean_abs_epsilon_precision_HUMAN": 0.3085011004381643,
      "mean_abs_epsilon_precision_YEAST": 0.3498995151754394,
      "CV_median": 0.15066572694404423,
      "CV_q75": 0.26499400506498266,
      "CV_q90": 0.4090462589300264,
      "CV_q95": 0.5194556357902897,
      "roc_auc": 0.9081463821492466,
      "roc_auc_directional": 0.9460464237558943,
      "nr_prec": 114135,
      "nr_prec_HUMAN": 83712,
      "nr_prec_YEAST": 25014,
      "nr_prec_ECOLI": 5409,
      "variance_epsilon_global": 0.26609293632687897
    },
    "3": {
      "median_abs_epsilon_global": 0.21316289901733398,
      "median_abs_epsilon_eq_species": 0.2604745229085286,
      "median_abs_epsilon_ECOLI": 0.34221935272216797,
      "median_abs_epsilon_HUMAN": 0.20035362243652344,
      "median_abs_epsilon_YEAST": 0.23885059356689453,
      "mean_abs_epsilon_global": 0.35023194492351434,
      "mean_abs_epsilon_eq_species": 0.41698770549766756,
      "mean_abs_epsilon_ECOLI": 0.5420417511181502,
      "mean_abs_epsilon_HUMAN": 0.32889630255375674,
      "mean_abs_epsilon_YEAST": 0.38002506282109577,
      "median_log2_empirical_ECOLI": -1.7446041107177734,
      "median_log2_empirical_HUMAN": 0.012586593627929688,
      "median_log2_empirical_YEAST": 0.9658727645874023,
      "median_abs_epsilon_precision_global": 0.21328258514404297,
      "median_abs_epsilon_precision_eq_species": 0.25334755579630536,
      "median_abs_epsilon_precision_ECOLI": 0.3190422058105469,
      "median_abs_epsilon_precision_HUMAN": 0.19968795776367188,
      "median_abs_epsilon_precision_YEAST": 0.24131250381469727,
      "mean_log2_empirical_ECOLI": -1.6048387268928423,
      "mean_log2_empirical_HUMAN": -0.022128684373286533,
      "mean_log2_empirical_YEAST": 0.9049277652409881,
      "mean_abs_epsilon_precision_global": 0.34983408493014967,
      "mean_abs_epsilon_precision_eq_species": 0.4027102023008286,
      "mean_abs_epsilon_precision_ECOLI": 0.49451857183184245,
      "mean_abs_epsilon_precision_HUMAN": 0.3304325094127192,