{
  "old_new": "new",
  "id": "DIA-NN_20251027_123139",
  "software_name": "DIA-NN",
  "software_version": "2.2.0 Academia ",
  "search_engine": "DIA-NN",
  "search_engine_version": "2.2.0 Academia ",
  "ident_fdr_psm": "0.01",
  "ident_fdr_peptide": NaN,
  "ident_fdr_protein": NaN,
  "enable_match_between_runs": true,
  "precursor_mass_tolerance": "[-2.8 ppm, 2.8 ppm]",
  "fragment_mass_tolerance": "[-6 ppm, 6 ppm]",
  "enzyme": "Trypsin/P",
  "allowed_miscleavages": "1",
  "min_peptide_length": "6",
  "max_peptide_length": "30",
  "is_temporary": false,
  "intermediate_hash": "c572ba8406c3a04d30b2f4e3c29ae6fb9328fede",
  "results": {
    "6": {
      "median_abs_epsilon": 0.17004776000976562,
      "mean_abs_epsilon": 0.2516358397576295,
      "variance_epsilon": 0.14554482466759283,
      "nr_prec": 86375,
      "CV_median": 0.132702200877045,
      "CV_q75": 0.22870820576763518,
      "CV_q90": 0.34787358554657216,
      "CV_q95": 0.43410207283851376
    },
    "5": {
      "median_abs_epsilon": 0.1878666877746582,
      "mean_abs_epsilon": 0.2871613644753427,
      "variance_epsilon": 0.19669187947230937,
      "nr_prec": 102976,
      "CV_median": 0.1441212788657444,
      "CV_q75": 0.25235293388986246,
      "CV_q90": 0.3872447321041017,
      "CV_q95": 0.48932891589025285
    },
    "4": {
      "median_abs_epsilon": 0.20415115356445312,
      "mean_abs_epsilon": 0.32560768411773877,
      "variance_epsilon": 0.26778381278661545,
      "nr_prec": 115045,
      "CV_median": 0.14992762706808946,
      "CV_q75": 0.2641993521910955,
      "CV_q90": 0.408084100598764,
      "CV_q95": 0.5186393198193637
    },
    "3": {
      "median_abs_epsilon": 0.21329927444458008,
      "mean_abs_epsilon": 0.3507372282052002,
      "variance_epsilon": 0.33283623685424796,
      "nr_prec": 125114,
      "CV_median": 0.15335478658550797,
      "CV_q75": 0.2714143725134698,
      "CV_q90": 0.4208425671013616,
      "CV_q95": 0.5357668270950758
    },
    "2": {
      "median_abs_epsilon": 0.2174224853515625,
      "mean_abs_epsilon": 0.36569452617566434,
      "variance_epsilon": 0.38833150166897,
      "nr_prec": 131569,
      "CV_median": 0.15441433115689362,
      "CV_q75": 0.27413977873441464,
      "CV_q90": 0.4262480077021013,
      "CV_q95": 0.544982816856497
    },
    "1": {
      "median_abs_epsilon": 0.2174224853515625,
      "mean_abs_epsilon": 0.36569452617566434,
      "variance_epsilon": 0.3883315016689701,
      "nr_prec": 135373,
      "CV_median": 0.15441433115689362,
      "CV_q75": 0.27413977873441464,
      "CV_q90": 0.4262480077021013,
      "CV_q95": 0.544982816856497
    }
  },
  "median_abs_epsilon": 0.21329927444458008,
  "mean_abs_epsilon": 0.3507372282052002,
  "nr_prec": 125114,
  "comments": "",
  "proteobench_version": "0.10.3",
  "color": "#d42f2f",
  "hover_text": "ProteoBench ID: DIA-NN_20251027_123139<br>Software tool: DIA-NN <br>Comment (private submission): ...",
  "scatter_size": 20,
  "fixed_mods": "unimod4",
  "variable_mods": "UniMod:35/15.994915/M,UniMod:1/42.010565/*n",
  "max_mods": "1",
  "min_precursor_charge": "1",
  "max_precursor_charge": "5",
  "quantification_method": "QuantUMS high-precision",
  "protein_inference": "Genes",
  "abundance_normalization_ions": null,
  "submission_comments": "Resubmission of cdd362f6d906a860202bef7cb30d66bce09939f6 after changing quant column from Precursor.Quantity -> Precursor.Normalised\n\n ### Parameter changes detected:\n- **ident_fdr_protein**: `None` \u2192 `nan`\n- **ident_fdr_peptide**: `None` \u2192 `nan`\n\nDataset URL: https://proteobench.cubimed.rub.de/datasets/c572ba8406c3a04d30b2f4e3c29ae6fb9328fede/",
  "min_precursor_mz": "400",
  "max_precursor_mz": "1000",
  "min_fragment_mz": "50",
  "max_fragment_mz": "2000",
  "predictors_library": "{'RT': 'DIANN', 'IM': 'DIANN', 'MS2_int': 'DIANN'}",
  "scan_window": "6"
}