{
  "id": "AlphaDIA_20260708_174216",
  "software_name": "AlphaDIA",
  "software_version": "2.1.1",
  "search_engine": "AlphaDIA",
  "search_engine_version": NaN,
  "ident_fdr_psm": 0.01,
  "ident_fdr_peptide": NaN,
  "ident_fdr_protein": 0.01,
  "enable_match_between_runs": true,
  "precursor_mass_tolerance": "Automatic calibration",
  "fragment_mass_tolerance": "Automatic calibration",
  "enzyme": "Trypsin/P",
  "allowed_miscleavages": 1,
  "min_peptide_length": 6,
  "max_peptide_length": 30,
  "is_temporary": false,
  "intermediate_hash": "c7245596846db4e331237d61709417743b3e94c8",
  "results": {
    "6": {
      "median_abs_epsilon_global": 0.19792970021565903,
      "median_abs_epsilon_eq_species": 0.2790333429972325,
      "median_abs_epsilon_ECOLI": 0.4012584686279279,
      "median_abs_epsilon_HUMAN": 0.18046220143636127,
      "median_abs_epsilon_YEAST": 0.25537935892740826,
      "mean_abs_epsilon_global": 0.2941555476613498,
      "mean_abs_epsilon_eq_species": 0.39337464171539027,
      "mean_abs_epsilon_ECOLI": 0.5610316932660923,
      "mean_abs_epsilon_HUMAN": 0.2655510180351153,
      "mean_abs_epsilon_YEAST": 0.3535412138449632,
      "median_log2_empirical_ECOLI": -1.6232916514078752,
      "median_log2_empirical_HUMAN": -0.017335891723632812,
      "median_log2_empirical_YEAST": 0.7804522514343262,
      "median_abs_epsilon_precision_global": 0.19325780868530273,
      "median_abs_epsilon_precision_eq_species": 0.2346702151828343,
      "median_abs_epsilon_precision_ECOLI": 0.3034133911132795,
      "median_abs_epsilon_precision_HUMAN": 0.1821473439534529,
      "median_abs_epsilon_precision_YEAST": 0.21844991048177054,
      "mean_log2_empirical_ECOLI": -1.503345217196579,
      "mean_log2_empirical_HUMAN": -0.06637774807546316,
      "mean_log2_empirical_YEAST": 0.7152399027529164,
      "mean_abs_epsilon_precision_global": 0.2807589031085178,
      "mean_abs_epsilon_precision_eq_species": 0.3344407740644136,
      "mean_abs_epsilon_precision_ECOLI": 0.43653921968781756,
      "mean_abs_epsilon_precision_HUMAN": 0.2687045348246665,
      "mean_abs_epsilon_precision_YEAST": 0.2980785676807566,
      "CV_median": 0.1369426252018904,
      "CV_q75": 0.232486477404972,
      "CV_q90": 0.34662392789429153,
      "CV_q95": 0.42898879672909895,
      "variance_epsilon_global": 0.18266853191022359,
      "nr_feature": 101502,
      "roc_auc": 0.8888796079792185
    },
    "5": {
      "median_abs_epsilon_global": 0.21458053588867188,
      "median_abs_epsilon_eq_species": 0.3374417622884109,
      "median_abs_epsilon_ECOLI": 0.5327723821004238,
      "median_abs_epsilon_HUMAN": 0.19078985850016217,
      "median_abs_epsilon_YEAST": 0.28876304626464666,
      "mean_abs_epsilon_global": 0.3228182734076398,
      "mean_abs_epsilon_eq_species": 0.4545711348722313,
      "mean_abs_epsilon_ECOLI": 0.687626744722488,
      "mean_abs_epsilon_HUMAN": 0.2808443563631969,
      "mean_abs_epsilon_YEAST": 0.3952423035310091,
      "median_log2_empirical_ECOLI": -1.4839509328206386,
      "median_log2_empirical_HUMAN": -0.017971038818359375,
      "median_log2_empirical_YEAST": 0.7430267333984393,
      "median_abs_epsilon_precision_global": 0.20905534426371286,
      "median_abs_epsilon_precision_eq_species": 0.27142037285698734,
      "median_abs_epsilon_precision_ECOLI": 0.3798872629801435,
      "median_abs_epsilon_precision_HUMAN": 0.19178390502929688,
      "median_abs_epsilon_precision_YEAST": 0.24258995056152166,
      "mean_log2_empirical_ECOLI": -1.3674022033262707,
      "mean_log2_empirical_HUMAN": -0.0661147511168137,
      "mean_log2_empirical_YEAST": 0.6735913926518486,
      "mean_abs_epsilon_precision_global": 0.30207326894072595,
      "mean_abs_epsilon_precision_eq_species": 0.3700865991375894,
      "mean_abs_epsilon_precision_ECOLI": 0.5005982198064208,
      "mean_abs_epsilon_precision_HUMAN": 0.28367308179068074,
      "mean_abs_epsilon_precision_YEAST": 0.3259884958156666,
      "CV_median": 0.14444578012347203,
      "CV_q75": 0.24720393552972136,
      "CV_q90": 0.3696699650720341,
      "CV_q95": 0.4600971474356249,
      "variance_epsilon_global": 0.2204021914496778,
      "nr_feature": 115288,
      "roc_auc": 0.8632098380528894
    },
    "4": {
      "median_abs_epsilon_global": 0.2253888448079433,
      "median_abs_epsilon_eq_species": 0.382229275173611,
      "median_abs_epsilon_ECOLI": 0.6423721313476562,
      "median_abs_epsilon_HUMAN": 0.19675763448079486,
      "median_abs_epsilon_YEAST": 0.3075580596923819,
      "mean_abs_epsilon_global": 0.3449388362224289,
      "mean_abs_epsilon_eq_species": 0.5012795935860336,
      "mean_abs_epsilon_ECOLI": 0.7907883223483763,
      "mean_abs_epsilon_HUMAN": 0.29178020466105453,
      "mean_abs_epsilon_YEAST": 0.4212702537486699,
      "median_log2_empirical_ECOLI": -1.369014898935954,
      "median_log2_empirical_HUMAN": -0.018426100413003965,
      "median_log2_empirical_YEAST": 0.7263485590616856,
      "median_abs_epsilon_precision_global": 0.21896342436472604,
      "median_abs_epsilon_precision_eq_species": 0.2989585399627683,
      "median_abs_epsilon_precision_ECOLI": 0.44251203536987305,
      "median_abs_epsilon_precision_HUMAN": 0.197737455368042,
      "median_abs_epsilon_precision_YEAST": 0.25662612915038974,
      "mean_log2_empirical_ECOLI": -1.260152902104476,
      "mean_log2_empirical_HUMAN": -0.06782108006177413,
      "mean_log2_empirical_YEAST": 0.6499318437814425,
      "mean_abs_epsilon_precision_global": 0.31877644517235165,
      "mean_abs_epsilon_precision_eq_species": 0.3978403501669689,
      "mean_abs_epsilon_precision_ECOLI": 0.5528379349415175,
      "mean_abs_epsilon_precision_HUMAN": 0.2946684501864655,
      "mean_abs_epsilon_precision_YEAST": 0.3460146653729238,
      "CV_median": 0.14710049279319018,
      "CV_q75": 0.2521038563281781,
      "CV_q90": 0.37744775561994043,
      "CV_q95": 0.47021313993724545,
      "variance_epsilon_global": 0.2565677135915928,
      "nr_feature": 122582,
      "roc_auc": 0.8476998816790494
    },
    "3": {
      "median_abs_epsilon_global": 0.2287112871805821,
      "median_abs_epsilon_eq_species": 0.3891308042738177,
      "median_abs_epsilon_ECOLI": 0.6555824279785156,
      "median_abs_epsilon_HUMAN": 0.19930140177408973,
      "median_abs_epsilon_YEAST": 0.31250858306884766,
      "mean_abs_epsilon_global": 0.35093998846634256,
      "mean_abs_epsilon_eq_species": 0.5111479562413487,
      "mean_abs_epsilon_ECOLI": 0.8075312527757029,
      "mean_abs_epsilon_HUMAN": 0.2960488387095915,
      "mean_abs_epsilon_YEAST": 0.4298637772387514,
      "median_log2_empirical_ECOLI": -1.353540738423666,
      "median_log2_empirical_HUMAN": -0.018316268920898438,
      "median_log2_empirical_YEAST": 0.7211668491363525,
      "median_abs_epsilon_precision_global": 0.22200870513916016,
      "median_abs_epsilon_precision_eq_species": 0.30463544527689673,
      "median_abs_epsilon_precision_ECOLI": 0.45280361175537287,
      "median_abs_epsilon_precision_HUMAN": 0.20011425018310547,
      "median_abs_epsilon_precision_YEAST": 0.2609884738922119,
      "mean_log2_empirical_ECOLI": -1.2426391014627711,
      "mean_log2_empirical_HUMAN": -0.06654034235382901,
      "mean_log2_empirical_YEAST": 0.6425322161926403,
      "mean_abs_epsilon_precision_global": 0.3238736862583238,
      "mean_abs_epsilon_precision_eq_species": 0.40490655372262657,
      "mean_abs_epsilon_precision_ECOLI": 0.5629415775101194,
      "mean_abs_epsilon_precision_HUMAN": 0.298756558609643,
      "mean_abs_epsilon_precision_YEAST": 0.3530215250481172,
      "CV_median": 0.14816969140421438,
      "CV_q75": 0.25423015878337585,
      "CV_q90": 0.3809768633748044,
      "CV_q95": 0.474756841741383,
      "variance_epsilon_global": 0.26582432909328046,
      "nr_feature": 126853,
      "roc_auc": 0.8425963247757793
    },
    "2": {
      "median_abs_epsilon_global": 0.22997474670410245,
      "median_abs_epsilon_eq_species": 0.39082702000935904,