{
  "old_new": "new",
  "id": "DIA-NN_20260428_143953",
  "software_name": "DIA-NN",
  "software_version": "2.2.0 Academia ",
  "search_engine": "DIA-NN",
  "search_engine_version": "2.2.0 Academia ",
  "ident_fdr_psm": "0.01",
  "ident_fdr_peptide": NaN,
  "ident_fdr_protein": NaN,
  "enable_match_between_runs": false,
  "precursor_mass_tolerance": "[-20.0 ppm, 20.0 ppm]",
  "fragment_mass_tolerance": "[-20.0 ppm, 20.0 ppm]",
  "enzyme": "Trypsin",
  "allowed_miscleavages": "2",
  "min_peptide_length": "7",
  "max_peptide_length": "30",
  "is_temporary": false,
  "intermediate_hash": "ca28a95c032152bfd2e30503c3293de0161f284c",
  "results": {
    "6": {
      "median_abs_epsilon_global": 0.15184497833251953,
      "median_abs_epsilon_eq_species": 0.17597071329752603,
      "median_abs_epsilon_ECOLI": 0.2299346923828125,
      "median_abs_epsilon_HUMAN": 0.15024375915527344,
      "median_abs_epsilon_YEAST": 0.1477336883544922,
      "mean_abs_epsilon_global": 0.21482382612416795,
      "mean_abs_epsilon_eq_species": 0.2367354392434792,
      "mean_abs_epsilon_ECOLI": 0.28741581809711964,
      "mean_abs_epsilon_HUMAN": 0.21314017397005464,
      "mean_abs_epsilon_YEAST": 0.2096503256632634,
      "median_log2_empirical_ECOLI": -1.819483757019043,
      "median_log2_empirical_HUMAN": 0.024169921875,
      "median_log2_empirical_YEAST": 0.9919910430908203,
      "median_abs_epsilon_precision_global": 0.1477794647216797,
      "median_abs_epsilon_precision_eq_species": 0.1556406021118164,
      "median_abs_epsilon_precision_ECOLI": 0.17126750946044922,
      "median_abs_epsilon_precision_HUMAN": 0.1463470458984375,
      "median_abs_epsilon_precision_YEAST": 0.1493072509765625,
      "mean_log2_empirical_ECOLI": -1.8051926408859498,
      "mean_log2_empirical_HUMAN": -0.006185418408720215,
      "mean_log2_empirical_YEAST": 0.9675182957542081,
      "mean_abs_epsilon_precision_global": 0.21397872085856962,
      "mean_abs_epsilon_precision_eq_species": 0.221009854990984,
      "mean_abs_epsilon_precision_ECOLI": 0.23857162707125154,
      "mean_abs_epsilon_precision_HUMAN": 0.21377557873441932,
      "mean_abs_epsilon_precision_YEAST": 0.21068235916728106,
      "CV_median": 0.1119545313272037,
      "CV_q75": 0.1892033838908111,
      "CV_q90": 0.28352082736646317,
      "CV_q95": 0.3510798130590805,
      "variance_epsilon_global": 0.09789439443321074,
      "nr_prec": 59528,
      "roc_auc": 0.9747779373898648
    },
    "5": {
      "median_abs_epsilon_global": 0.16636276245117188,
      "median_abs_epsilon_eq_species": 0.1976617177327474,
      "median_abs_epsilon_ECOLI": 0.2613391876220703,
      "median_abs_epsilon_HUMAN": 0.1619873046875,
      "median_abs_epsilon_YEAST": 0.16965866088867188,
      "mean_abs_epsilon_global": 0.23806728388589704,
      "mean_abs_epsilon_eq_species": 0.27230535242527004,
      "mean_abs_epsilon_ECOLI": 0.3430018570977698,
      "mean_abs_epsilon_HUMAN": 0.23249585704067258,
      "mean_abs_epsilon_YEAST": 0.2414183431373676,
      "median_log2_empirical_ECOLI": -1.7827529907226562,
      "median_log2_empirical_HUMAN": 0.024707794189453125,
      "median_log2_empirical_YEAST": 0.9730634689331055,
      "median_abs_epsilon_precision_global": 0.16204166412353516,
      "median_abs_epsilon_precision_eq_species": 0.17661571502685547,
      "median_abs_epsilon_precision_ECOLI": 0.20148658752441406,
      "median_abs_epsilon_precision_HUMAN": 0.15839385986328125,
      "median_abs_epsilon_precision_YEAST": 0.1699666976928711,
      "mean_log2_empirical_ECOLI": -1.7474806104929261,
      "mean_log2_empirical_HUMAN": -0.005862532059102731,
      "mean_log2_empirical_YEAST": 0.9379766798517939,
      "mean_abs_epsilon_precision_global": 0.23656127466428137,
      "mean_abs_epsilon_precision_eq_species": 0.25242310263801804,
      "mean_abs_epsilon_precision_ECOLI": 0.28192153738337794,
      "mean_abs_epsilon_precision_HUMAN": 0.23307237558033955,
      "mean_abs_epsilon_precision_YEAST": 0.24227539495033656,
      "CV_median": 0.12042162785608987,
      "CV_q75": 0.20609025170690237,
      "CV_q90": 0.31109486542114595,
      "CV_q95": 0.38849569069828954,
      "variance_epsilon_global": 0.12022223235635875,
      "nr_prec": 72554,
      "roc_auc": 0.9598668539225986
    },
    "4": {
      "median_abs_epsilon_global": 0.18140125274658203,
      "median_abs_epsilon_eq_species": 0.22671953837076822,
      "median_abs_epsilon_ECOLI": 0.31453418731689453,
      "median_abs_epsilon_HUMAN": 0.1741008758544922,
      "median_abs_epsilon_YEAST": 0.19152355194091797,
      "mean_abs_epsilon_global": 0.26751974352589536,
      "mean_abs_epsilon_eq_species": 0.3239579110800333,
      "mean_abs_epsilon_ECOLI": 0.4349593212159627,
      "mean_abs_epsilon_HUMAN": 0.2546932331443176,
      "mean_abs_epsilon_YEAST": 0.28222117887981973,
      "median_log2_empirical_ECOLI": -1.7338142395019531,
      "median_log2_empirical_HUMAN": 0.024608612060546875,
      "median_log2_empirical_YEAST": 0.9552726745605469,
      "median_abs_epsilon_precision_global": 0.1783151626586914,
      "median_abs_epsilon_precision_eq_species": 0.20544020334879556,
      "median_abs_epsilon_precision_ECOLI": 0.2509450912475586,
      "median_abs_epsilon_precision_HUMAN": 0.17079925537109375,
      "median_abs_epsilon_precision_YEAST": 0.19457626342773438,
      "mean_log2_empirical_ECOLI": -1.6599558720178011,
      "mean_log2_empirical_HUMAN": -0.007231619502821456,
      "mean_log2_empirical_YEAST": 0.9064148119879777,
      "mean_abs_epsilon_precision_global": 0.26508048273379065,
      "mean_abs_epsilon_precision_eq_species": 0.299257145593464,
      "mean_abs_epsilon_precision_ECOLI": 0.3599815508424287,
      "mean_abs_epsilon_precision_HUMAN": 0.25537488545393167,
      "mean_abs_epsilon_precision_YEAST": 0.2824150004840316,
      "CV_median": 0.12552642976636624,
      "CV_q75": 0.2162628152497633,
      "CV_q90": 0.3282746759473574,
      "CV_q95": 0.4102621417879654,
      "variance_epsilon_global": 0.15514162340726173,
      "nr_prec": 83744,
      "roc_auc": 0.9382153557808983
    },
    "3": {
      "median_abs_epsilon_global": 0.1930217742919922,
      "median_abs_epsilon_eq_species": 0.23762003580729166,
      "median_abs_epsilon_ECOLI": 0.3224344253540039,
      "median_abs_epsilon_HUMAN": 0.18517303466796875,
      "median_abs_epsilon_YEAST": 0.20525264739990234,
      "mean_abs_epsilon_global": 0.29040098389512853,
      "mean_abs_epsilon_eq_species": 0.34759656092680147,
      "mean_abs_epsilon_ECOLI": 0.45621267576505303,
      "mean_abs_epsilon_HUMAN": 0.2769894380162561,
      "mean_abs_epsilon_YEAST": 0.3095875689990953,
      "median_log2_empirical_ECOLI": -1.7258310317993164,
      "median_log2_empirical_HUMAN": 0.025734901428222656,
      "median_log2_empirical_YEAST": 0.9429178237915039,
      "median_abs_epsilon_precision_global": 0.18997716903686523,
      "median_abs_epsilon_precision_eq_species": 0.21689351399739584,
      "median_abs_epsilon_precision_ECOLI": 0.25988197326660156,
      "median_abs_epsilon_precision_HUMAN": 0.18204402923583984,
      "median_abs_epsilon_precision_YEAST": 0.2087545394897461,
      "mean_log2_empirical_ECOLI": -1.6375367854421488,
      "mean_log2_empirical_HUMAN": -0.0022983457178686597,
      "mean_log2_empirical_YEAST": 0.8843410650214866,
      "mean_abs_epsilon_precision_global": 0.28761493152521705,
      "mean_abs_epsilon_precision_eq_species": 0.32205088547532273,
      "mean_abs_epsilon_precision_ECOLI": 0.379690486675352,
      "mean_abs_epsilon_precision_HUMAN": 0.2771850237710674,
      "mean_abs_epsilon_precision_YEAST": 0.3092771459795487,
      "CV_median": 0.12967250148769977,
      "CV_q75": 0.2248591668077684,
      "CV_q90": 0.3430522488801404,
      "CV_q95": 0.43035836266432037,
      "variance_epsilon_global": 0.19081971585721752,
      "nr_prec": 96958,
      "roc_auc": 0.919470298247386
    },
    "2": {
      "median_abs_epsilon_global": 0.20326614379882812,