{
  "old_new": "new",
  "id": "DIA-NN_20250711_114430",
  "software_name": "DIA-NN",
  "software_version": "2.2.0 Academia ",
  "search_engine": "DIA-NN",
  "search_engine_version": "2.2.0 Academia ",
  "ident_fdr_psm": "0.01",
  "ident_fdr_peptide": NaN,
  "ident_fdr_protein": NaN,
  "enable_match_between_runs": true,
  "precursor_mass_tolerance": "[-2.8 ppm, 2.8 ppm]",
  "fragment_mass_tolerance": "[-6 ppm, 6 ppm]",
  "enzyme": "Trypsin/P",
  "allowed_miscleavages": "1",
  "min_peptide_length": "6",
  "max_peptide_length": "30",
  "is_temporary": false,
  "intermediate_hash": "cdd362f6d906a860202bef7cb30d66bce09939f6",
  "results": {
    "6": {
      "median_abs_epsilon": 0.1811695098876953,
      "mean_abs_epsilon": 0.27707502371184906,
      "variance_epsilon": 0.17472075449525162,
      "nr_prec": 86375,
      "CV_median": 0.13132778249284688,
      "CV_q75": 0.2279897143612806,
      "CV_q90": 0.34766183831937614,
      "CV_q95": 0.434512230063603
    },
    "5": {
      "median_abs_epsilon": 0.20089435577392578,
      "mean_abs_epsilon": 0.3120599799900043,
      "variance_epsilon": 0.22727577873834323,
      "nr_prec": 102976,
      "CV_median": 0.1428597972172709,
      "CV_q75": 0.25137193798677127,
      "CV_q90": 0.3872644170214928,
      "CV_q95": 0.48945943607592146
    },
    "4": {
      "median_abs_epsilon": 0.2180938720703125,
      "mean_abs_epsilon": 0.3498110665155517,
      "variance_epsilon": 0.29957023077434786,
      "nr_prec": 115045,
      "CV_median": 0.14859684839751114,
      "CV_q75": 0.263354320839719,
      "CV_q90": 0.4077913545996004,
      "CV_q95": 0.5195054844493883
    },
    "3": {
      "median_abs_epsilon": 0.22752952575683594,
      "mean_abs_epsilon": 0.37434714551569986,
      "variance_epsilon": 0.3638533593717844,
      "nr_prec": 125114,
      "CV_median": 0.15204231194263734,
      "CV_q75": 0.27077870143384947,
      "CV_q90": 0.42068772447787733,
      "CV_q95": 0.5366067922850919
    },
    "2": {
      "median_abs_epsilon": 0.23223638534545898,
      "mean_abs_epsilon": 0.38904405233357314,
      "variance_epsilon": 0.4190373340227863,
      "nr_prec": 131569,
      "CV_median": 0.15319360119348352,
      "CV_q75": 0.27347405778647965,
      "CV_q90": 0.4260359705998576,
      "CV_q95": 0.5460323018045163
    },
    "1": {
      "median_abs_epsilon": 0.23223638534545898,
      "mean_abs_epsilon": 0.38904405233357314,
      "variance_epsilon": 0.41903733402278615,
      "nr_prec": 135373,
      "CV_median": 0.15319360119348352,
      "CV_q75": 0.27347405778647965,
      "CV_q90": 0.4260359705998576,
      "CV_q95": 0.5460323018045163
    }
  },
  "median_abs_epsilon": 0.22752952575683594,
  "mean_abs_epsilon": 0.37434714551569986,
  "nr_prec": 125114,
  "comments": "",
  "proteobench_version": "0.8.28",
  "color": "#d42f2f",
  "hover_text": "ProteoBench ID: DIA-NN_20250711_114430<br>Software tool: DIA-NN <br>Comment (private submission): ...",
  "scatter_size": 20,
  "fixed_mods": "unimod4",
  "variable_mods": "UniMod:35/15.994915/M,UniMod:1/42.010565/*n",
  "max_mods": "1",
  "min_precursor_charge": "1",
  "max_precursor_charge": "5",
  "quantification_method": "QuantUMS high-precision",
  "protein_inference": "Genes",
  "abundance_normalization_ions": null,
  "submission_comments": "\n\n ### Parameter changes detected:\n- **ident_fdr_protein**: `None` \u2192 `nan`\n- **ident_fdr_peptide**: `None` \u2192 `nan`\n\nDataset URL: https://proteobench.cubimed.rub.de/datasets/cdd362f6d906a860202bef7cb30d66bce09939f6/"
}