{
  "id": "FragPipe (DIA-NN quant)_20251027_124759",
  "software_name": "FragPipe (DIA-NN quant)",
  "software_version": "22.0",
  "search_engine": "MSFragger",
  "search_engine_version": NaN,
  "ident_fdr_psm": 0.01,
  "ident_fdr_peptide": NaN,
  "ident_fdr_protein": 0.01,
  "enable_match_between_runs": false,
  "precursor_mass_tolerance": "[-20 ppm, 20 ppm]",
  "fragment_mass_tolerance": "[-20 ppm, 20 ppm]",
  "enzyme": "Trypsin/P",
  "allowed_miscleavages": 1,
  "min_peptide_length": 6,
  "max_peptide_length": 30,
  "is_temporary": false,
  "intermediate_hash": "ce5593d52de1845a7671a16b41ea6f93d1481230",
  "results": {
    "6": {
      "median_abs_epsilon_global": 0.1577251643326525,
      "median_abs_epsilon_eq_species": 0.17655599900301708,
      "median_abs_epsilon_ECOLI": 0.20901781170591605,
      "median_abs_epsilon_HUMAN": 0.15157030854062548,
      "median_abs_epsilon_YEAST": 0.16907987676250968,
      "mean_abs_epsilon_global": 0.24452692906702295,
      "mean_abs_epsilon_eq_species": 0.2783432310352294,
      "mean_abs_epsilon_ECOLI": 0.345684399515202,
      "mean_abs_epsilon_HUMAN": 0.23705176913976037,
      "mean_abs_epsilon_YEAST": 0.2522935244507259,
      "median_log2_empirical_ECOLI": -1.897373143798446,
      "median_log2_empirical_HUMAN": -0.042416443326291464,
      "median_log2_empirical_YEAST": 0.9292495873971731,
      "median_abs_epsilon_precision_global": 0.15487612677245677,
      "median_abs_epsilon_precision_eq_species": 0.1697230719654114,
      "median_abs_epsilon_precision_ECOLI": 0.19622584685984634,
      "median_abs_epsilon_precision_HUMAN": 0.15132474435258292,
      "median_abs_epsilon_precision_YEAST": 0.16161862468380495,
      "mean_log2_empirical_ECOLI": -1.832433306128964,
      "mean_log2_empirical_HUMAN": -0.08409773757116425,
      "mean_log2_empirical_YEAST": 0.9022065402265476,
      "mean_abs_epsilon_precision_global": 0.24227184577832267,
      "mean_abs_epsilon_precision_eq_species": 0.2726263464952731,
      "mean_abs_epsilon_precision_ECOLI": 0.3368671294147952,
      "mean_abs_epsilon_precision_HUMAN": 0.23666268642843577,
      "mean_abs_epsilon_precision_YEAST": 0.24434922364258832,
      "CV_median": 0.11820227789782847,
      "CV_q75": 0.20830779415581308,
      "CV_q90": 0.32710768137309887,
      "CV_q95": 0.41396423970855367,
      "variance_epsilon_global": 0.1354834590812463,
      "nr_feature": 70672,
      "roc_auc": 0.9477546517959676
    },
    "5": {
      "median_abs_epsilon_global": 0.1709960873333385,
      "median_abs_epsilon_eq_species": 0.20028855947988808,
      "median_abs_epsilon_ECOLI": 0.2515592701331002,
      "median_abs_epsilon_HUMAN": 0.16265244378679178,
      "median_abs_epsilon_YEAST": 0.18665396451977223,
      "mean_abs_epsilon_global": 0.2721994200941925,
      "mean_abs_epsilon_eq_species": 0.3175566934759089,
      "mean_abs_epsilon_ECOLI": 0.40718768130786015,
      "mean_abs_epsilon_HUMAN": 0.25976556718543836,
      "mean_abs_epsilon_YEAST": 0.2857168319344284,
      "median_log2_empirical_ECOLI": -1.8752245264119587,
      "median_log2_empirical_HUMAN": -0.0451757215026225,
      "median_log2_empirical_YEAST": 0.9228029683145902,
      "median_abs_epsilon_precision_global": 0.1683763930174238,
      "median_abs_epsilon_precision_eq_species": 0.1937028716049453,
      "median_abs_epsilon_precision_ECOLI": 0.23909602472444824,
      "median_abs_epsilon_precision_HUMAN": 0.16180869484044003,
      "median_abs_epsilon_precision_YEAST": 0.18020389524994762,
      "mean_log2_empirical_ECOLI": -1.7947695750597443,
      "mean_log2_empirical_HUMAN": -0.09226628085505308,
      "mean_log2_empirical_YEAST": 0.8886570730729421,
      "mean_abs_epsilon_precision_global": 0.2700317924619162,
      "mean_abs_epsilon_precision_eq_species": 0.3112922365942883,
      "mean_abs_epsilon_precision_ECOLI": 0.3964765761434338,
      "mean_abs_epsilon_precision_HUMAN": 0.2598204882862282,
      "mean_abs_epsilon_precision_YEAST": 0.27757964535320284,
      "CV_median": 0.12562857168758396,
      "CV_q75": 0.22522376545472012,
      "CV_q90": 0.35652138269145156,
      "CV_q95": 0.45400511912393515,
      "variance_epsilon_global": 0.17150942367029898,
      "nr_feature": 80788,
      "roc_auc": 0.9311565984660951
    },
    "4": {
      "median_abs_epsilon_global": 0.17981022139622915,
      "median_abs_epsilon_eq_species": 0.2179685757429756,
      "median_abs_epsilon_ECOLI": 0.2863872585916418,
      "median_abs_epsilon_HUMAN": 0.16899251384625114,
      "median_abs_epsilon_YEAST": 0.19852595479103385,
      "mean_abs_epsilon_global": 0.29374999212068226,
      "mean_abs_epsilon_eq_species": 0.3514529462221468,
      "mean_abs_epsilon_ECOLI": 0.4685849479706042,
      "mean_abs_epsilon_HUMAN": 0.27659858857803676,
      "mean_abs_epsilon_YEAST": 0.30917530211779937,
      "median_log2_empirical_ECOLI": -1.8525786205337722,
      "median_log2_empirical_HUMAN": -0.046960935091540534,
      "median_log2_empirical_YEAST": 0.9187147839203256,
      "median_abs_epsilon_precision_global": 0.17710330892457904,
      "median_abs_epsilon_precision_eq_species": 0.21369765270153115,
      "median_abs_epsilon_precision_ECOLI": 0.28029685208476796,
      "median_abs_epsilon_precision_HUMAN": 0.16798869926439952,
      "median_abs_epsilon_precision_YEAST": 0.19280740675542596,
      "mean_log2_empirical_ECOLI": -1.745354251539001,
      "mean_log2_empirical_HUMAN": -0.1005449589427952,
      "mean_log2_empirical_YEAST": 0.8798180497787776,
      "mean_abs_epsilon_precision_global": 0.291947830227852,
      "mean_abs_epsilon_precision_eq_species": 0.3448066688065062,
      "mean_abs_epsilon_precision_ECOLI": 0.4560153712620251,
      "mean_abs_epsilon_precision_HUMAN": 0.2774183163089308,
      "mean_abs_epsilon_precision_YEAST": 0.30098631884856253,
      "CV_median": 0.1283969215154039,
      "CV_q75": 0.231717844135815,
      "CV_q90": 0.3678927733721608,
      "CV_q95": 0.47056843924848346,
      "variance_epsilon_global": 0.20660414109138792,
      "nr_feature": 85539,
      "roc_auc": 0.9190789612402549
    },
    "3": {
      "median_abs_epsilon_global": 0.18301485695516995,
      "median_abs_epsilon_eq_species": 0.2222016889521227,
      "median_abs_epsilon_ECOLI": 0.2922338748903517,
      "median_abs_epsilon_HUMAN": 0.17175727113101047,
      "median_abs_epsilon_YEAST": 0.20261392083500596,
      "mean_abs_epsilon_global": 0.30174957547602793,
      "mean_abs_epsilon_eq_species": 0.3617806543138271,
      "mean_abs_epsilon_ECOLI": 0.4824741275354959,
      "mean_abs_epsilon_HUMAN": 0.28342871037609363,
      "mean_abs_epsilon_YEAST": 0.3194391250298919,
      "median_log2_empirical_ECOLI": -1.848291633025708,
      "median_log2_empirical_HUMAN": -0.046966063781642475,
      "median_log2_empirical_YEAST": 0.9161476599884022,
      "median_abs_epsilon_precision_global": 0.18021621900844664,
      "median_abs_epsilon_precision_eq_species": 0.21833115628822597,
      "median_abs_epsilon_precision_ECOLI": 0.28723801594163945,
      "median_abs_epsilon_precision_HUMAN": 0.17073035939492165,
      "median_abs_epsilon_precision_YEAST": 0.1970250935281168,
      "mean_log2_empirical_ECOLI": -1.7311062750059854,
      "mean_log2_empirical_HUMAN": -0.10082642687913693,
      "mean_log2_empirical_YEAST": 0.87495265704318,
      "mean_abs_epsilon_precision_global": 0.29991904873050623,
      "mean_abs_epsilon_precision_eq_species": 0.3549989984213086,
      "mean_abs_epsilon_precision_ECOLI": 0.4695622202487113,
      "mean_abs_epsilon_precision_HUMAN": 0.28427282523717,
      "mean_abs_epsilon_precision_YEAST": 0.31116194977804434,
      "CV_median": 0.12960887086083356,
      "CV_q75": 0.23473585515463113,
      "CV_q90": 0.37282371882508564,
      "CV_q95": 0.47752092832035964,
      "variance_epsilon_global": 0.2191397966276824,
      "nr_feature": 88330,
      "roc_auc": 0.9135579066558706
    },
    "2": {
      "median_abs_epsilon_global": 0.18415329725248242,