{
  "old_new": "new",
  "id": "FragPipe (DIA-NN quant)_20251027_124759",
  "software_name": "FragPipe (DIA-NN quant)",
  "software_version": "22.0",
  "search_engine": "MSFragger",
  "search_engine_version": null,
  "ident_fdr_psm": "0.01",
  "ident_fdr_peptide": null,
  "ident_fdr_protein": "0.01",
  "enable_match_between_runs": false,
  "precursor_mass_tolerance": "[-20 ppm, 20 ppm]",
  "fragment_mass_tolerance": "[-20 ppm, 20 ppm]",
  "enzyme": "Trypsin/P",
  "allowed_miscleavages": "1",
  "min_peptide_length": "6",
  "max_peptide_length": "30",
  "is_temporary": false,
  "intermediate_hash": "ce5593d52de1845a7671a16b41ea6f93d1481230",
  "results": {
    "6": {
      "median_abs_epsilon": 0.15767406814125984,
      "mean_abs_epsilon": 0.24450042377345316,
      "variance_epsilon": 0.13544125918096594,
      "nr_prec": 70812,
      "CV_median": 0.11808992165849011,
      "CV_q75": 0.20819195401826926,
      "CV_q90": 0.32705718586938104,
      "CV_q95": 0.4138652103214695
    },
    "5": {
      "median_abs_epsilon": 0.1709200594551339,
      "mean_abs_epsilon": 0.27216134723404906,
      "variance_epsilon": 0.17144775615127436,
      "nr_prec": 80942,
      "CV_median": 0.12552170948568983,
      "CV_q75": 0.2251268327395999,
      "CV_q90": 0.3564704293456751,
      "CV_q95": 0.4539603842133769
    },
    "4": {
      "median_abs_epsilon": 0.17972443629265733,
      "mean_abs_epsilon": 0.2936831790049085,
      "variance_epsilon": 0.20648665980098896,
      "nr_prec": 85699,
      "CV_median": 0.12829311209171007,
      "CV_q75": 0.23160158260013525,
      "CV_q90": 0.3677789648441135,
      "CV_q95": 0.47044668255026856
    },
    "3": {
      "median_abs_epsilon": 0.18291055044331017,
      "mean_abs_epsilon": 0.3016936174722761,
      "variance_epsilon": 0.21907722641141608,
      "nr_prec": 88497,
      "CV_median": 0.1295015040722065,
      "CV_q75": 0.23462997152685355,
      "CV_q90": 0.3727054979729022,
      "CV_q95": 0.47740129932173125
    },
    "2": {
      "median_abs_epsilon": 0.18411257186020435,
      "mean_abs_epsilon": 0.3046654765908717,
      "variance_epsilon": 0.22428665732595907,
      "nr_prec": 89783,
      "CV_median": 0.12975528572488032,
      "CV_q75": 0.2351668117626165,
      "CV_q90": 0.3739595486048776,
      "CV_q95": 0.47926859508292985
    },
    "1": {
      "median_abs_epsilon": 0.18411257186020435,
      "mean_abs_epsilon": 0.3046654765908717,
      "variance_epsilon": 0.22428665732595912,
      "nr_prec": 90423,
      "CV_median": 0.12975528572488032,
      "CV_q75": 0.2351668117626165,
      "CV_q90": 0.3739595486048776,
      "CV_q95": 0.47926859508292985
    }
  },
  "median_abs_epsilon": 0.18291055044331017,
  "mean_abs_epsilon": 0.3016936174722761,
  "nr_prec": 88497,
  "comments": "",
  "proteobench_version": "0.10.3",
  "color": "#F89008",
  "hover_text": "ProteoBench ID: FragPipe (DIA-NN quant)_20251027_124759<br>Software tool: FragPipe (DIA-NN quant) <br>Comment (private submission): ...",
  "scatter_size": 20,
  "fixed_mods": "0.0,C-Term Peptide,true,-1; 0.0,N-Term Peptide,true,-1; 0.0,C-Term Protein,true,-1; 0.0,N-Term Protein,true,-1; 0.0,G (glycine),true,-1; 0.0,A (alanine),true,-1; 0.0,S (serine),true,-1; 0.0,P (proline),true,-1; 0.0,V (valine),true,-1; 0.0,T (threonine),true,-1; 57.02146,C (cysteine),true,-1; 0.0,L (leucine),true,-1; 0.0,I (isoleucine),true,-1; 0.0,N (asparagine),true,-1; 0.0,D (aspartic acid),true,-1; 0.0,Q (glutamine),true,-1; 0.0,K (lysine),true,-1; 0.0,E (glutamic acid),true,-1; 0.0,M (methionine),true,-1; 0.0,H (histidine),true,-1; 0.0,F (phenylalanine),true,-1; 0.0,R (arginine),true,-1; 0.0,Y (tyrosine),true,-1; 0.0,W (tryptophan),true,-1; 0.0,B ,true,-1; 0.0,J,true,-1; 0.0,O,true,-1; 0.0,U,true,-1; 0.0,X,true,-1; 0.0,Z,true,-1",
  "variable_mods": "15.9949,M,true,1; 42.0106,[^,true,1; 79.96633,STY,false,3; -17.0265,nQnC,false,1; -18.0106,nE,false,1; 0.0,site_06,false,1; 0.0,site_07,false,1; 0.0,site_08,false,1; 0.0,site_09,false,1; 0.0,site_10,false,1; 0.0,site_11,false,1; 0.0,site_12,false,1; 0.0,site_13,false,1; 0.0,site_14,false,1; 0.0,site_15,false,1; 0.0,site_16,false,1",
  "max_mods": "1",
  "min_precursor_charge": "1",
  "max_precursor_charge": null,
  "quantification_method": "Robust LC (high accuracy)",
  "protein_inference": "ProteinProphet: --maxppmdiff 2000000 --minprob 0.5",
  "abundance_normalization_ions": null,
  "submission_comments": "Resubmission of e73895810db40bfd105c17fe51e904396e66eb05 after changing quant column from Precursor.Quantity -> Precursor.Normalised\n\n ### Parameter changes detected:\n- **semi_enzymatic**: `False` \u2192 `[MISSING]`\n\nDataset URL: https://proteobench.cubimed.rub.de/datasets/ce5593d52de1845a7671a16b41ea6f93d1481230/",
  "min_precursor_mz": null,
  "max_precursor_mz": "4000.0",
  "min_fragment_mz": null,
  "max_fragment_mz": null,
  "predictors_library": "nan",
  "scan_window": "nan"
}