{
  "old_new": "new",
  "id": "DIA-NN_20260309_101837",
  "software_name": "DIA-NN",
  "software_version": "2.2.0 Academia ",
  "search_engine": "DIA-NN",
  "search_engine_version": "2.2.0 Academia ",
  "ident_fdr_psm": 0.01,
  "ident_fdr_peptide": NaN,
  "ident_fdr_protein": NaN,
  "enable_match_between_runs": true,
  "precursor_mass_tolerance": "[-2.6 ppm, 2.6 ppm]",
  "fragment_mass_tolerance": "[-7 ppm, 7 ppm]",
  "enzyme": "K*,R*,!P*",
  "allowed_miscleavages": 1,
  "min_peptide_length": 6,
  "max_peptide_length": 30,
  "is_temporary": false,
  "intermediate_hash": "d288a297cc49ec79a28aaf5a62377b51f96af90a",
  "results": {
    "6": {
      "median_abs_epsilon_global": 0.16866207122802734,
      "median_abs_epsilon_eq_species": 0.18520037333170572,
      "median_abs_epsilon_ECOLI": 0.21713638305664062,
      "median_abs_epsilon_HUMAN": 0.16586875915527344,
      "median_abs_epsilon_YEAST": 0.17259597778320312,
      "mean_abs_epsilon_global": 0.24646750776675824,
      "mean_abs_epsilon_eq_species": 0.26623534293643814,
      "mean_abs_epsilon_ECOLI": 0.3062375721016066,
      "mean_abs_epsilon_HUMAN": 0.24295257523763145,
      "mean_abs_epsilon_YEAST": 0.24951588147007633,
      "median_log2_empirical_ECOLI": -1.8538665771484375,
      "median_log2_empirical_HUMAN": 0.021686553955078125,
      "median_log2_empirical_YEAST": 1.01124906539917,
      "median_abs_epsilon_precision_global": 0.1652517318725586,
      "median_abs_epsilon_precision_eq_species": 0.17363452911376953,
      "median_abs_epsilon_precision_ECOLI": 0.18650245666503906,
      "median_abs_epsilon_precision_HUMAN": 0.16281414031982422,
      "median_abs_epsilon_precision_YEAST": 0.1715869903564453,
      "mean_log2_empirical_ECOLI": -1.8144024722048981,
      "mean_log2_empirical_HUMAN": -0.013312179157354448,
      "mean_log2_empirical_YEAST": 0.9814281236271462,
      "mean_abs_epsilon_precision_global": 0.24670729488688367,
      "mean_abs_epsilon_precision_eq_species": 0.2573812499483448,
      "mean_abs_epsilon_precision_ECOLI": 0.2770679633501487,
      "mean_abs_epsilon_precision_HUMAN": 0.24426217354561305,
      "mean_abs_epsilon_precision_YEAST": 0.2508136129492726,
      "CV_median": 0.13105020389338531,
      "CV_q75": 0.22466272399893294,
      "CV_q90": 0.3414217780911104,
      "CV_q95": 0.4245986393787108,
      "roc_auc": 0.9587427960577941,
      "roc_auc_directional": 0.9814134071398838,
      "nr_prec": 88200,
      "nr_prec_HUMAN": 67661,
      "nr_prec_YEAST": 17450,
      "nr_prec_ECOLI": 3089,
      "variance_epsilon_global": 0.13562153384631653
    },
    "5": {
      "median_abs_epsilon_global": 0.18634986877441406,
      "median_abs_epsilon_eq_species": 0.21648120880126953,
      "median_abs_epsilon_ECOLI": 0.2707185745239258,
      "median_abs_epsilon_HUMAN": 0.1799774169921875,
      "median_abs_epsilon_YEAST": 0.1987476348876953,
      "mean_abs_epsilon_global": 0.2787528692677965,
      "mean_abs_epsilon_eq_species": 0.31703954361041004,
      "mean_abs_epsilon_ECOLI": 0.3897483240576882,
      "mean_abs_epsilon_HUMAN": 0.2689995306418184,
      "mean_abs_epsilon_YEAST": 0.29237077613172346,
      "median_log2_empirical_ECOLI": -1.7982044219970703,
      "median_log2_empirical_HUMAN": 0.021671295166015625,
      "median_log2_empirical_YEAST": 0.9919090270996094,
      "median_abs_epsilon_precision_global": 0.18371963500976562,
      "median_abs_epsilon_precision_eq_species": 0.20403782526652017,
      "median_abs_epsilon_precision_ECOLI": 0.23564624786376953,
      "median_abs_epsilon_precision_HUMAN": 0.1769866943359375,
      "median_abs_epsilon_precision_YEAST": 0.19948053359985352,
      "mean_log2_empirical_ECOLI": -1.725434319749686,
      "mean_log2_empirical_HUMAN": -0.0129477514344836,
      "mean_log2_empirical_YEAST": 0.9473383797174312,
      "mean_abs_epsilon_precision_global": 0.27847319176997704,
      "mean_abs_epsilon_precision_eq_species": 0.303871028972175,
      "mean_abs_epsilon_precision_ECOLI": 0.3462704288720913,
      "mean_abs_epsilon_precision_HUMAN": 0.27017516735187536,
      "mean_abs_epsilon_precision_YEAST": 0.2951674906925583,
      "CV_median": 0.14182505091605024,
      "CV_q75": 0.24674749284809988,
      "CV_q90": 0.37981081474479506,
      "CV_q95": 0.4764030331762089,
      "roc_auc": 0.936677128832635,
      "roc_auc_directional": 0.9692028055863846,
      "nr_prec": 105171,
      "nr_prec_HUMAN": 78897,
      "nr_prec_YEAST": 22046,
      "nr_prec_ECOLI": 4228,
      "variance_epsilon_global": 0.1770317231866515
    },
    "4": {
      "median_abs_epsilon_global": 0.2018733024597168,
      "median_abs_epsilon_eq_species": 0.2493158976236979,
      "median_abs_epsilon_ECOLI": 0.3339061737060547,
      "median_abs_epsilon_HUMAN": 0.1908416748046875,
      "median_abs_epsilon_YEAST": 0.22319984436035156,
      "mean_abs_epsilon_global": 0.31567962439359226,
      "mean_abs_epsilon_eq_species": 0.38370514463956457,
      "mean_abs_epsilon_ECOLI": 0.516008474821641,
      "mean_abs_epsilon_HUMAN": 0.295772551509487,
      "mean_abs_epsilon_YEAST": 0.33933440758756567,
      "median_log2_empirical_ECOLI": -1.7271003723144531,
      "median_log2_empirical_HUMAN": 0.0216064453125,
      "median_log2_empirical_YEAST": 0.9759807586669922,
      "median_abs_epsilon_precision_global": 0.20026540756225586,
      "median_abs_epsilon_precision_eq_species": 0.23833195368448892,
      "median_abs_epsilon_precision_ECOLI": 0.30228090286254883,
      "median_abs_epsilon_precision_HUMAN": 0.18843841552734375,
      "median_abs_epsilon_precision_YEAST": 0.22427654266357422,
      "mean_log2_empirical_ECOLI": -1.6131778730487616,
      "mean_log2_empirical_HUMAN": -0.014045073463348361,
      "mean_log2_empirical_YEAST": 0.9208528596020853,
      "mean_abs_epsilon_precision_global": 0.3143540414570484,
      "mean_abs_epsilon_precision_eq_species": 0.3645304442448656,
      "mean_abs_epsilon_precision_ECOLI": 0.4540697592648239,
      "mean_abs_epsilon_precision_HUMAN": 0.2970033248230143,
      "mean_abs_epsilon_precision_YEAST": 0.34251824864675867,
      "CV_median": 0.1471349962072175,
      "CV_q75": 0.25799780232533753,
      "CV_q90": 0.3988404514288417,
      "CV_q95": 0.5045780351518481,
      "roc_auc": 0.9131294970892301,
      "roc_auc_directional": 0.949472980628125,
      "nr_prec": 117162,
      "nr_prec_HUMAN": 86057,
      "nr_prec_YEAST": 25573,
      "nr_prec_ECOLI": 5532,
      "variance_epsilon_global": 0.24351708634198088
    },
    "3": {
      "median_abs_epsilon_global": 0.21061134338378906,
      "median_abs_epsilon_eq_species": 0.2609875996907552,
      "median_abs_epsilon_ECOLI": 0.3498096466064453,
      "median_abs_epsilon_HUMAN": 0.19814205169677734,
      "median_abs_epsilon_YEAST": 0.23501110076904297,
      "mean_abs_epsilon_global": 0.3389308049588876,
      "mean_abs_epsilon_eq_species": 0.4109036916900026,
      "mean_abs_epsilon_ECOLI": 0.5459910876244203,
      "mean_abs_epsilon_HUMAN": 0.31620653195560194,
      "mean_abs_epsilon_YEAST": 0.3705134554899856,
      "median_log2_empirical_ECOLI": -1.7140798568725586,
      "median_log2_empirical_HUMAN": 0.02212238311767578,
      "median_log2_empirical_YEAST": 0.9682464599609375,
      "median_abs_epsilon_precision_global": 0.20882511138916016,
      "median_abs_epsilon_precision_eq_species": 0.2499364217122396,
      "median_abs_epsilon_precision_ECOLI": 0.3149080276489258,
      "median_abs_epsilon_precision_HUMAN": 0.19581890106201172,
      "median_abs_epsilon_precision_YEAST": 0.23908233642578125,
      "mean_log2_empirical_ECOLI": -1.5843584245090285,
      "mean_log2_empirical_HUMAN": -0.011156393013756752,
      "mean_log2_empirical_YEAST": 0.9068267932730371,
      "mean_abs_epsilon_precision_global": 0.3373516439159366,
      "mean_abs_epsilon_precision_eq_species": 0.3909763227938566,
      "mean_abs_epsilon_precision_ECOLI": 0.4820319675914978,
      "mean_abs_epsilon_precision_HUMAN": 0.3171300988266824,