{
  "id": "AlphaDIA_20260709_073446",
  "software_name": "AlphaDIA",
  "software_version": "2.1.1",
  "search_engine": "AlphaDIA",
  "search_engine_version": NaN,
  "ident_fdr_psm": 0.01,
  "ident_fdr_peptide": NaN,
  "ident_fdr_protein": 0.01,
  "enable_match_between_runs": true,
  "precursor_mass_tolerance": "[-3 ppm, 3 ppm]",
  "fragment_mass_tolerance": "[-10 ppm, 10 ppm]",
  "enzyme": "Trypsin/P",
  "allowed_miscleavages": 1,
  "min_peptide_length": 6,
  "max_peptide_length": 30,
  "is_temporary": false,
  "intermediate_hash": "d44382625f0c8af5798753fff5ef128ffb7229a9",
  "results": {
    "6": {
      "median_abs_epsilon_global": 0.19456974665323834,
      "median_abs_epsilon_eq_species": 0.27119138505723733,
      "median_abs_epsilon_ECOLI": 0.3830248514811192,
      "median_abs_epsilon_HUMAN": 0.1780854860941563,
      "median_abs_epsilon_YEAST": 0.25246381759643644,
      "mean_abs_epsilon_global": 0.2890883808412705,
      "mean_abs_epsilon_eq_species": 0.38274483854054625,
      "mean_abs_epsilon_ECOLI": 0.5349788416744536,
      "mean_abs_epsilon_HUMAN": 0.2607270083296267,
      "mean_abs_epsilon_YEAST": 0.35252866561755825,
      "median_log2_empirical_ECOLI": -1.6466239293416338,
      "median_log2_empirical_HUMAN": -0.01929346720377545,
      "median_log2_empirical_YEAST": 0.7816314697265625,
      "median_abs_epsilon_precision_global": 0.19080686569213956,
      "median_abs_epsilon_precision_eq_species": 0.23016283247205896,
      "median_abs_epsilon_precision_ECOLI": 0.29448318481445224,
      "median_abs_epsilon_precision_HUMAN": 0.179989178975422,
      "median_abs_epsilon_precision_YEAST": 0.21601613362630268,
      "mean_log2_empirical_ECOLI": -1.5303869109887343,
      "mean_log2_empirical_HUMAN": -0.06875679296376477,
      "mean_log2_empirical_YEAST": 0.7115280524613493,
      "mean_abs_epsilon_precision_global": 0.2763338850723956,
      "mean_abs_epsilon_precision_eq_species": 0.32714160267448195,
      "mean_abs_epsilon_precision_ECOLI": 0.4198106503634279,
      "mean_abs_epsilon_precision_HUMAN": 0.2639354387742884,
      "mean_abs_epsilon_precision_YEAST": 0.29767871888572944,
      "CV_median": 0.1350106196942992,
      "CV_q75": 0.22898380356855932,
      "CV_q90": 0.3418453187736702,
      "CV_q95": 0.42249592689144616,
      "variance_epsilon_global": 0.17440415375900475,
      "nr_feature": 98658,
      "roc_auc": 0.8916186199248719
    },
    "5": {
      "median_abs_epsilon_global": 0.21244208017984878,
      "median_abs_epsilon_eq_species": 0.332219176822238,
      "median_abs_epsilon_ECOLI": 0.5171750386555987,
      "median_abs_epsilon_HUMAN": 0.1885986328125,
      "median_abs_epsilon_YEAST": 0.29088385899861535,
      "mean_abs_epsilon_global": 0.3191884658136838,
      "mean_abs_epsilon_eq_species": 0.4504390916476317,
      "mean_abs_epsilon_ECOLI": 0.6777452523604627,
      "mean_abs_epsilon_HUMAN": 0.2763887773027762,
      "mean_abs_epsilon_YEAST": 0.3971832452796562,
      "median_log2_empirical_ECOLI": -1.5001462300618496,
      "median_log2_empirical_HUMAN": -0.020069122314453125,
      "median_log2_empirical_YEAST": 0.7404163678487148,
      "median_abs_epsilon_precision_global": 0.2074235280354806,
      "median_abs_epsilon_precision_eq_species": 0.2713581985897496,
      "median_abs_epsilon_precision_ECOLI": 0.38016247749328613,
      "median_abs_epsilon_precision_HUMAN": 0.1897945404052752,
      "median_abs_epsilon_precision_YEAST": 0.24411757787068744,
      "mean_log2_empirical_ECOLI": -1.3750298405559018,
      "mean_log2_empirical_HUMAN": -0.06805765929536861,
      "mean_log2_empirical_YEAST": 0.6668215803794263,
      "mean_abs_epsilon_precision_global": 0.29871991807670434,
      "mean_abs_epsilon_precision_eq_species": 0.3687314907812173,
      "mean_abs_epsilon_precision_ECOLI": 0.5002898517010979,
      "mean_abs_epsilon_precision_HUMAN": 0.27918781173021096,
      "mean_abs_epsilon_precision_YEAST": 0.32671680891234317,
      "CV_median": 0.14301490465468283,
      "CV_q75": 0.24445590299476758,
      "CV_q90": 0.36728249780979705,
      "CV_q95": 0.4570897577863038,
      "variance_epsilon_global": 0.21349761152283878,
      "nr_feature": 112948,
      "roc_auc": 0.8651521178011161
    },
    "4": {
      "median_abs_epsilon_global": 0.22484652201334576,
      "median_abs_epsilon_eq_species": 0.37943765852186395,
      "median_abs_epsilon_ECOLI": 0.6317793528238926,
      "median_abs_epsilon_HUMAN": 0.19568538665771484,
      "median_abs_epsilon_YEAST": 0.3108482360839844,
      "mean_abs_epsilon_global": 0.34411088296255776,
      "mean_abs_epsilon_eq_species": 0.5032447783719974,
      "mean_abs_epsilon_ECOLI": 0.7941933266608514,
      "mean_abs_epsilon_HUMAN": 0.28892393410121914,
      "mean_abs_epsilon_YEAST": 0.42661707435392165,
      "median_log2_empirical_ECOLI": -1.378750801086424,
      "median_log2_empirical_HUMAN": -0.020460764567058476,
      "median_log2_empirical_YEAST": 0.7200034459431963,
      "median_abs_epsilon_precision_global": 0.21953407923380608,
      "median_abs_epsilon_precision_eq_species": 0.3011113802591942,
      "median_abs_epsilon_precision_ECOLI": 0.44645595550536754,
      "median_abs_epsilon_precision_HUMAN": 0.19704564412434777,
      "median_abs_epsilon_precision_YEAST": 0.25983254114786725,
      "mean_log2_empirical_ECOLI": -1.2547902174783467,
      "mean_log2_empirical_HUMAN": -0.06877656005816607,
      "mean_log2_empirical_YEAST": 0.6403617402826346,
      "mean_abs_epsilon_precision_global": 0.3176762157101469,
      "mean_abs_epsilon_precision_eq_species": 0.40106546113338876,
      "mean_abs_epsilon_precision_ECOLI": 0.5623612216489966,
      "mean_abs_epsilon_precision_HUMAN": 0.29164290490196726,
      "mean_abs_epsilon_precision_YEAST": 0.34919225684920235,
      "CV_median": 0.14608307678062796,
      "CV_q75": 0.25017483308437816,
      "CV_q90": 0.37677556314794064,
      "CV_q95": 0.4691680634175717,
      "variance_epsilon_global": 0.2544975177374034,
      "nr_feature": 121236,
      "roc_auc": 0.8473769394132964
    },
    "3": {
      "median_abs_epsilon_global": 0.2294931411743164,
      "median_abs_epsilon_eq_species": 0.3897837267981634,
      "median_abs_epsilon_ECOLI": 0.6512415409088144,
      "median_abs_epsilon_HUMAN": 0.19914690653483014,
      "median_abs_epsilon_YEAST": 0.31896273295084576,
      "mean_abs_epsilon_global": 0.3527098241456131,
      "mean_abs_epsilon_eq_species": 0.5165528085111263,
      "mean_abs_epsilon_ECOLI": 0.8146537275590982,
      "mean_abs_epsilon_HUMAN": 0.2951129423781038,
      "mean_abs_epsilon_YEAST": 0.43989175559617694,
      "median_log2_empirical_ECOLI": -1.3586554129918413,
      "median_log2_empirical_HUMAN": -0.020293553670249764,
      "median_log2_empirical_YEAST": 0.7112369537353533,
      "median_abs_epsilon_precision_global": 0.2236777146657314,
      "median_abs_epsilon_precision_eq_species": 0.3076228035820853,
      "median_abs_epsilon_precision_ECOLI": 0.4562215805053711,
      "median_abs_epsilon_precision_HUMAN": 0.2002964019775373,
      "median_abs_epsilon_precision_YEAST": 0.26635042826334754,
      "mean_log2_empirical_ECOLI": -1.2332430797578138,
      "mean_log2_empirical_HUMAN": -0.06695332915089798,
      "mean_log2_empirical_YEAST": 0.6284531082619073,
      "mean_abs_epsilon_precision_global": 0.3250461184271388,
      "mean_abs_epsilon_precision_eq_species": 0.4109015390889519,
      "mean_abs_epsilon_precision_ECOLI": 0.5753196500182978,
      "mean_abs_epsilon_precision_HUMAN": 0.29759230620591787,
      "mean_abs_epsilon_precision_YEAST": 0.35979266104264,
      "CV_median": 0.1474986655878979,
      "CV_q75": 0.25298414952194237,
      "CV_q90": 0.3812854838148268,
      "CV_q95": 0.47522117044813894,
      "variance_epsilon_global": 0.2683177034767153,
      "nr_feature": 126669,
      "roc_auc": 0.8404004215181909
    },
    "2": {
      "median_abs_epsilon_global": 0.23113393783569336,
      "median_abs_epsilon_eq_species": 0.3918376233842631,