{
  "old_new": "new",
  "id": "DIA-NN_20260217_114753",
  "software_name": "DIA-NN",
  "software_version": "2.3.2 Academia ",
  "search_engine": "DIA-NN",
  "search_engine_version": "2.3.2 Academia ",
  "ident_fdr_psm": 0.01,
  "ident_fdr_peptide": NaN,
  "ident_fdr_protein": NaN,
  "enable_match_between_runs": true,
  "precursor_mass_tolerance": "[-3.1 ppm, 3.1 ppm]",
  "fragment_mass_tolerance": "[-8 ppm, 8 ppm]",
  "enzyme": "Trypsin/P",
  "allowed_miscleavages": 1,
  "min_peptide_length": 6,
  "max_peptide_length": 30,
  "is_temporary": false,
  "intermediate_hash": "d4b75fc984583d9e25d131e5c988521e88ed161a",
  "results": {
    "6": {
      "median_abs_epsilon_global": 0.16863441467285156,
      "median_abs_epsilon_eq_species": 0.18542766571044922,
      "median_abs_epsilon_ECOLI": 0.2169656753540039,
      "median_abs_epsilon_HUMAN": 0.1652851104736328,
      "median_abs_epsilon_YEAST": 0.17403221130371094,
      "mean_abs_epsilon_global": 0.24696058052069114,
      "mean_abs_epsilon_eq_species": 0.265872336094285,
      "mean_abs_epsilon_ECOLI": 0.30317447273228876,
      "mean_abs_epsilon_HUMAN": 0.2432688069540753,
      "mean_abs_epsilon_YEAST": 0.251173728596491,
      "median_log2_empirical_ECOLI": -1.8566570281982422,
      "median_log2_empirical_HUMAN": 0.006184577941894531,
      "median_log2_empirical_YEAST": 0.9882211685180664,
      "median_abs_epsilon_precision_global": 0.1672077178955078,
      "median_abs_epsilon_precision_eq_species": 0.17667675018310547,
      "median_abs_epsilon_precision_ECOLI": 0.1906909942626953,
      "median_abs_epsilon_precision_HUMAN": 0.16437530517578125,
      "median_abs_epsilon_precision_YEAST": 0.17496395111083984,
      "mean_log2_empirical_ECOLI": -1.8205413119848755,
      "mean_log2_empirical_HUMAN": -0.02752160201939723,
      "mean_log2_empirical_YEAST": 0.957983400097144,
      "mean_abs_epsilon_precision_global": 0.24772228798302923,
      "mean_abs_epsilon_precision_eq_species": 0.2574455386997319,
      "mean_abs_epsilon_precision_ECOLI": 0.27458839047732625,
      "mean_abs_epsilon_precision_HUMAN": 0.24523350592051674,
      "mean_abs_epsilon_precision_YEAST": 0.2525147197013529,
      "CV_median": 0.13133821049917122,
      "CV_q75": 0.22638479738446093,
      "CV_q90": 0.34166473272086195,
      "CV_q95": 0.4268182641650748,
      "roc_auc": 0.9566312341180129,
      "roc_auc_directional": 0.9817792683823171,
      "nr_prec": 84692,
      "nr_prec_HUMAN": 64808,
      "nr_prec_YEAST": 16894,
      "nr_prec_ECOLI": 2990,
      "variance_epsilon_global": 0.13646485712972567
    },
    "5": {
      "median_abs_epsilon_global": 0.18637561798095703,
      "median_abs_epsilon_eq_species": 0.21470133463541666,
      "median_abs_epsilon_ECOLI": 0.264434814453125,
      "median_abs_epsilon_HUMAN": 0.17929553985595703,
      "median_abs_epsilon_YEAST": 0.20037364959716797,
      "mean_abs_epsilon_global": 0.28135510135739933,
      "mean_abs_epsilon_eq_species": 0.31968203237383236,
      "mean_abs_epsilon_ECOLI": 0.3905264713709752,
      "mean_abs_epsilon_HUMAN": 0.2708312994990162,
      "mean_abs_epsilon_YEAST": 0.2976883262515057,
      "median_log2_empirical_ECOLI": -1.8000869750976562,
      "median_log2_empirical_HUMAN": 0.0056934356689453125,
      "median_log2_empirical_YEAST": 0.9687404632568359,
      "median_abs_epsilon_precision_global": 0.185394287109375,
      "median_abs_epsilon_precision_eq_species": 0.20420614878336588,
      "median_abs_epsilon_precision_ECOLI": 0.2320728302001953,
      "median_abs_epsilon_precision_HUMAN": 0.1788778305053711,
      "median_abs_epsilon_precision_YEAST": 0.20166778564453125,
      "mean_log2_empirical_ECOLI": -1.7244928785193443,
      "mean_log2_empirical_HUMAN": -0.02837029931457739,
      "mean_log2_empirical_YEAST": 0.9229893784624578,
      "mean_abs_epsilon_precision_global": 0.28137682766535366,
      "mean_abs_epsilon_precision_eq_species": 0.3067030516312664,
      "mean_abs_epsilon_precision_ECOLI": 0.34814842533503954,
      "mean_abs_epsilon_precision_HUMAN": 0.2726940142556457,
      "mean_abs_epsilon_precision_YEAST": 0.2992667153031138,
      "CV_median": 0.14235405305033208,
      "CV_q75": 0.24861902560603533,
      "CV_q90": 0.38036525591919423,
      "CV_q95": 0.47892162276023015,
      "roc_auc": 0.9318550201909555,
      "roc_auc_directional": 0.9680106485003834,
      "nr_prec": 101199,
      "nr_prec_HUMAN": 75624,
      "nr_prec_YEAST": 21502,
      "nr_prec_ECOLI": 4073,
      "variance_epsilon_global": 0.18381423962274068
    },
    "4": {
      "median_abs_epsilon_global": 0.20311641693115234,
      "median_abs_epsilon_eq_species": 0.25051530202229816,
      "median_abs_epsilon_ECOLI": 0.33530426025390625,
      "median_abs_epsilon_HUMAN": 0.19129467010498047,
      "median_abs_epsilon_YEAST": 0.2249469757080078,
      "mean_abs_epsilon_global": 0.31964083092326834,
      "mean_abs_epsilon_eq_species": 0.38655387798523333,
      "mean_abs_epsilon_ECOLI": 0.5144125692758686,
      "mean_abs_epsilon_HUMAN": 0.2989348540187585,
      "mean_abs_epsilon_YEAST": 0.3463142106610728,
      "median_log2_empirical_ECOLI": -1.7320976257324219,
      "median_log2_empirical_HUMAN": 0.0051898956298828125,
      "median_log2_empirical_YEAST": 0.9525108337402344,
      "median_abs_epsilon_precision_global": 0.20269298553466797,
      "median_abs_epsilon_precision_eq_species": 0.23913288116455078,
      "median_abs_epsilon_precision_ECOLI": 0.2989006042480469,
      "median_abs_epsilon_precision_HUMAN": 0.1908559799194336,
      "median_abs_epsilon_precision_YEAST": 0.22764205932617188,
      "mean_log2_empirical_ECOLI": -1.6023805397674566,
      "mean_log2_empirical_HUMAN": -0.028826318388000906,
      "mean_log2_empirical_YEAST": 0.8965064415139673,
      "mean_abs_epsilon_precision_global": 0.31834175430456113,
      "mean_abs_epsilon_precision_eq_species": 0.3677146277773655,
      "mean_abs_epsilon_precision_ECOLI": 0.455149046335298,
      "mean_abs_epsilon_precision_HUMAN": 0.30071190954634813,
      "mean_abs_epsilon_precision_YEAST": 0.3472829274504503,
      "CV_median": 0.14799478922311426,
      "CV_q75": 0.25950240860828233,
      "CV_q90": 0.3997990630008635,
      "CV_q95": 0.5078885679315306,
      "roc_auc": 0.906891316500946,
      "roc_auc_directional": 0.9468681929893445,
      "nr_prec": 113112,
      "nr_prec_HUMAN": 82728,
      "nr_prec_YEAST": 25015,
      "nr_prec_ECOLI": 5369,
      "variance_epsilon_global": 0.2532993559013017
    },
    "3": {
      "median_abs_epsilon_global": 0.21209144592285156,
      "median_abs_epsilon_eq_species": 0.2620035807291667,
      "median_abs_epsilon_ECOLI": 0.34801292419433594,
      "median_abs_epsilon_HUMAN": 0.199066162109375,
      "median_abs_epsilon_YEAST": 0.23893165588378906,
      "mean_abs_epsilon_global": 0.3446322482391242,
      "mean_abs_epsilon_eq_species": 0.4140750783696591,
      "mean_abs_epsilon_ECOLI": 0.5412307762196668,
      "mean_abs_epsilon_HUMAN": 0.3212567492326146,
      "mean_abs_epsilon_YEAST": 0.379737709656696,
      "median_log2_empirical_ECOLI": -1.717050552368164,
      "median_log2_empirical_HUMAN": 0.0052890777587890625,
      "median_log2_empirical_YEAST": 0.9445858001708984,
      "median_abs_epsilon_precision_global": 0.2121896743774414,
      "median_abs_epsilon_precision_eq_species": 0.2517220179239909,
      "median_abs_epsilon_precision_ECOLI": 0.31416893005371094,
      "median_abs_epsilon_precision_HUMAN": 0.19869613647460938,
      "median_abs_epsilon_precision_YEAST": 0.24230098724365234,
      "mean_log2_empirical_ECOLI": -1.5796116176872959,
      "mean_log2_empirical_HUMAN": -0.02792060801650464,
      "mean_log2_empirical_YEAST": 0.8820537091227273,
      "mean_abs_epsilon_precision_global": 0.34304175702181483,
      "mean_abs_epsilon_precision_eq_species": 0.39398626009168103,
      "mean_abs_epsilon_precision_ECOLI": 0.478747217135371,
      "mean_abs_epsilon_precision_HUMAN": 0.3228946007852939,