{
  "old_new": "new",
  "id": "DIA-NN_20250625_153244",
  "software_name": "DIA-NN",
  "software_version": "1.9.2",
  "search_engine": "DIA-NN",
  "search_engine_version": "1.9.2",
  "ident_fdr_psm": "0.01",
  "ident_fdr_peptide": NaN,
  "ident_fdr_protein": "0.01",
  "enable_match_between_runs": true,
  "precursor_mass_tolerance": "[-2.31639 ppm, 2.31639 ppm]",
  "fragment_mass_tolerance": "[-8.45298 ppm, 8.45298 ppm]",
  "enzyme": "K*,R*,!",
  "allowed_miscleavages": "1",
  "min_peptide_length": "6",
  "max_peptide_length": "30",
  "is_temporary": false,
  "intermediate_hash": "d5a19e65aa1c02785a775fa6e64832114a40c08f",
  "results": {
    "6": {
      "median_abs_epsilon": 0.17962106772817701,
      "mean_abs_epsilon": 0.289133515615536,
      "variance_epsilon": 0.219652005284619,
      "nr_prec": 79611,
      "CV_median": 0.126642650376321,
      "CV_q75": 0.22373177376678002,
      "CV_q90": 0.34875982267258904,
      "CV_q95": 0.449502421933316
    },
    "5": {
      "median_abs_epsilon": 0.20275379920420203,
      "mean_abs_epsilon": 0.34644648023226704,
      "variance_epsilon": 0.345472503346658,
      "nr_prec": 95795,
      "CV_median": 0.13997142439512802,
      "CV_q75": 0.252008650563649,
      "CV_q90": 0.40521000321071404,
      "CV_q95": 0.5458118306086931
    },
    "4": {
      "median_abs_epsilon": 0.22284633905362303,
      "mean_abs_epsilon": 0.40932808631945106,
      "variance_epsilon": 0.526852135103246,
      "nr_prec": 107152,
      "CV_median": 0.14650353646472902,
      "CV_q75": 0.266907768360561,
      "CV_q90": 0.43825367694989703,
      "CV_q95": 0.612973182931274
    },
    "3": {
      "median_abs_epsilon": 0.23386806426101503,
      "mean_abs_epsilon": 0.45119080745072304,
      "variance_epsilon": 0.678019138832976,
      "nr_prec": 115714,
      "CV_median": 0.15017358574938602,
      "CV_q75": 0.27535983789135204,
      "CV_q90": 0.458585268453636,
      "CV_q95": 0.6592622978424251
    },
    "2": {
      "median_abs_epsilon": 0.23827797540397103,
      "mean_abs_epsilon": 0.47100290547789403,
      "variance_epsilon": 0.770905763521695,
      "nr_prec": 120838,
      "CV_median": 0.151209957777301,
      "CV_q75": 0.278294662403267,
      "CV_q90": 0.46639038206225303,
      "CV_q95": 0.6792661771467721
    },
    "1": {
      "median_abs_epsilon": 0.23827797540397103,
      "mean_abs_epsilon": 0.47100290547789403,
      "variance_epsilon": 0.770905763521695,
      "nr_prec": 123340,
      "CV_median": 0.151209957777301,
      "CV_q75": 0.278294662403267,
      "CV_q90": 0.46639038206225303,
      "CV_q95": 0.6792661771467721
    }
  },
  "median_abs_epsilon": 0.23386806426101503,
  "mean_abs_epsilon": 0.45119080745072304,
  "nr_prec": 115714,
  "comments": "",
  "proteobench_version": "0.8.25",
  "color": "#d42f2f",
  "hover_text": "ProteoBench ID: DIA-NN_20250625_153244<br>Software tool: DIA-NN 1.9.2<br>Search engine: DIA-NN 1.9.2<br>FDR psm: 0.01<br>MBR: True<br>Precursor Tolerance: [-2.31639 ppm, 2.31639 ppm]<br>Fragment Tolerance: [-8.45298 ppm, 8.45298 ppm]<br>Enzyme: K*,R*,! <br>Missed Cleavages: 1<br>Min peptide length: 6<br>Max peptide length: 30<br>Comment (public submission): \n\n ### Par......",
  "scatter_size": 10,
  "fixed_mods": "UniMod:4",
  "variable_mods": "UniMod:35,UniMod:1",
  "max_mods": "2",
  "min_precursor_charge": "1",
  "max_precursor_charge": "4",
  "quantification_method": "High accuracy",
  "protein_inference": "Genes",
  "abundance_normalization_ions": null,
  "submission_comments": "\n\n ### Parameter changes detected:\n- **ident_fdr_peptide**: `None` \u2192 `nan`\n\nDataset URL: https://proteobench.cubimed.rub.de/datasets/d5a19e65aa1c02785a775fa6e64832114a40c08f/"
}