{
  "old_new": "new",
  "id": "DIA-NN_20250625_153244",
  "software_name": "DIA-NN",
  "software_version": "1.9.2",
  "search_engine": "DIA-NN",
  "search_engine_version": "1.9.2",
  "ident_fdr_psm": "0.01",
  "ident_fdr_peptide": NaN,
  "ident_fdr_protein": "0.01",
  "enable_match_between_runs": true,
  "precursor_mass_tolerance": "[-2.31639 ppm, 2.31639 ppm]",
  "fragment_mass_tolerance": "[-8.45298 ppm, 8.45298 ppm]",
  "enzyme": "K*,R*,!",
  "allowed_miscleavages": "1",
  "min_peptide_length": "6",
  "max_peptide_length": "30",
  "is_temporary": false,
  "intermediate_hash": "d5a19e65aa1c02785a775fa6e64832114a40c08f",
  "results": {
    "6": {
      "median_abs_epsilon": 0.17962106772817776,
      "mean_abs_epsilon": 0.28913351561553696,
      "variance_epsilon": 0.2196520052846193,
      "nr_prec": 79611,
      "CV_median": 0.1266426503763219,
      "CV_q75": 0.22373177376678008,
      "CV_q90": 0.34875982267258965,
      "CV_q95": 0.44950242193331624
    },
    "5": {
      "median_abs_epsilon": 0.20275379920420278,
      "mean_abs_epsilon": 0.34644648023226726,
      "variance_epsilon": 0.34547250334665813,
      "nr_prec": 95795,
      "CV_median": 0.13997142439512827,
      "CV_q75": 0.2520086505636492,
      "CV_q90": 0.40521000321071454,
      "CV_q95": 0.5458118306086932
    },
    "4": {
      "median_abs_epsilon": 0.22284633905362305,
      "mean_abs_epsilon": 0.40932808631945145,
      "variance_epsilon": 0.5268521351032464,
      "nr_prec": 107152,
      "CV_median": 0.14650353646472952,
      "CV_q75": 0.266907768360561,
      "CV_q90": 0.43825367694989786,
      "CV_q95": 0.6129731829312745
    },
    "3": {
      "median_abs_epsilon": 0.23386806426101536,
      "mean_abs_epsilon": 0.451190807450723,
      "variance_epsilon": 0.6780191388329766,
      "nr_prec": 115714,
      "CV_median": 0.15017358574938683,
      "CV_q75": 0.27535983789135243,
      "CV_q90": 0.4585852684536362,
      "CV_q95": 0.6592622978424256
    },
    "2": {
      "median_abs_epsilon": 0.238277975403971,
      "mean_abs_epsilon": 0.47100290547789403,
      "variance_epsilon": 0.7709057635216954,
      "nr_prec": 120838,
      "CV_median": 0.1512099577773011,
      "CV_q75": 0.2782946624032677,
      "CV_q90": 0.46639038206225353,
      "CV_q95": 0.6792661771467723
    },
    "1": {
      "median_abs_epsilon": 0.238277975403971,
      "mean_abs_epsilon": 0.4710029054778941,
      "variance_epsilon": 0.7709057635216954,
      "nr_prec": 123340,
      "CV_median": 0.1512099577773011,
      "CV_q75": 0.2782946624032677,
      "CV_q90": 0.46639038206225353,
      "CV_q95": 0.6792661771467723
    }
  },
  "median_abs_epsilon": 0.23386806426101536,
  "mean_abs_epsilon": 0.451190807450723,
  "nr_prec": 115714,
  "comments": "",
  "proteobench_version": "0.8.25",
  "color": "#d30067",
  "hover_text": "ProteoBench ID: DIA-NN_20250625_153244<br>Software tool: DIA-NN <br>Comment (private submission): ...",
  "scatter_size": 40,
  "fixed_mods": "UniMod:4",
  "variable_mods": "UniMod:35,UniMod:1",
  "max_mods": "2",
  "min_precursor_charge": "1",
  "max_precursor_charge": "4",
  "quantification_method": "High accuracy",
  "protein_inference": "Genes",
  "abundance_normalization_ions": null,
  "submission_comments": "\n\n ### Parameter changes detected:\n- **ident_fdr_peptide**: `None` \u2192 `nan`\n\nDataset URL: https://proteobench.cubimed.rub.de/datasets/d5a19e65aa1c02785a775fa6e64832114a40c08f/"
}