{
  "old_new": "new",
  "id": "DIA-NN_20250526_150552",
  "software_name": "DIA-NN",
  "software_version": "2.1.0 Academia ",
  "search_engine": "DIA-NN",
  "search_engine_version": "2.1.0 Academia ",
  "ident_fdr_psm": "0.01",
  "ident_fdr_peptide": NaN,
  "ident_fdr_protein": "0.01",
  "enable_match_between_runs": true,
  "precursor_mass_tolerance": "[-2.3 ppm, 2.3 ppm]",
  "fragment_mass_tolerance": "[-6 ppm, 6 ppm]",
  "enzyme": "K*,R*,!*P",
  "allowed_miscleavages": "2",
  "min_peptide_length": "6",
  "max_peptide_length": "30",
  "is_temporary": false,
  "intermediate_hash": "d82590546d7661006819850ba2f545ba2ba4eb33",
  "results": {
    "6": {
      "median_abs_epsilon": 0.18309736251831055,
      "mean_abs_epsilon": 0.28307353649961714,
      "variance_epsilon": 0.17655326352396497,
      "nr_prec": 83270,
      "CV_median": 0.13885104789832078,
      "CV_q90": 0.3822489663716888,
      "CV_q75": 0.24630799250630253,
      "CV_q95": 0.47980873306776006
    },
    "5": {
      "median_abs_epsilon": 0.2037668228149414,
      "mean_abs_epsilon": 0.31643861314279287,
      "variance_epsilon": 0.2212498815293978,
      "nr_prec": 99992,
      "CV_median": 0.1519034831784401,
      "CV_q90": 0.4253155237850097,
      "CV_q75": 0.27286646076071414,
      "CV_q95": 0.532937676130079
    },
    "4": {
      "median_abs_epsilon": 0.22164630889892578,
      "mean_abs_epsilon": 0.351137633613998,
      "variance_epsilon": 0.2783107010884405,
      "nr_prec": 112127,
      "CV_median": 0.15797874522371136,
      "CV_q90": 0.44556661660167474,
      "CV_q75": 0.2853882347447924,
      "CV_q95": 0.5580267650296877
    },
    "3": {
      "median_abs_epsilon": 0.2321147918701172,
      "mean_abs_epsilon": 0.36940395825133154,
      "variance_epsilon": 0.30723845973991454,
      "nr_prec": 122364,
      "CV_median": 0.16189514668046828,
      "CV_q90": 0.45704066291111833,
      "CV_q75": 0.29279481195714807,
      "CV_q95": 0.5715132097114461
    },
    "2": {
      "median_abs_epsilon": 0.23633766174316406,
      "mean_abs_epsilon": 0.37767686121378424,
      "variance_epsilon": 0.32149643105512193,
      "nr_prec": 128914,
      "CV_median": 0.16304157263958785,
      "CV_q90": 0.46158062622194385,
      "CV_q75": 0.2953453204537023,
      "CV_q95": 0.5778878346033391
    },
    "1": {
      "median_abs_epsilon": 0.23633766174316406,
      "mean_abs_epsilon": 0.37767686121378424,
      "variance_epsilon": 0.32149643105512177,
      "nr_prec": 132905,
      "CV_median": 0.16304157263958785,
      "CV_q90": 0.46158062622194385,
      "CV_q75": 0.2953453204537023,
      "CV_q95": 0.5778878346033391
    }
  },
  "median_abs_epsilon": 0.2321147918701172,
  "mean_abs_epsilon": 0.36940395825133154,
  "nr_prec": 122364,
  "comments": "",
  "proteobench_version": "0.5.16.dev13+gf14d0f6.d20250121",
  "color": "#8c564b",
  "hover_text": "ProteoBench ID: DIA-NN_20250526_150552<br>Software tool: DIA-NN <br>Comment (private submission): ...",
  "scatter_size": 20,
  "fixed_mods": "Cysteine carbamidomethylation",
  "variable_mods": "UniMod:35,UniMod:1",
  "max_mods": "3",
  "min_precursor_charge": "2",
  "max_precursor_charge": "4",
  "quantification_method": "Legacy (direct)",
  "protein_inference": "Genes",
  "abundance_normalization_ions": null,
  "submission_comments": "\n\n ### Parameter changes detected:\n- **ident_fdr_peptide**: `None` \u2192 `nan`\n\nDataset URL: https://proteobench.cubimed.rub.de/datasets/d82590546d7661006819850ba2f545ba2ba4eb33/"
}