{
  "old_new": "new",
  "id": "DIA-NN_20251027_115511",
  "software_name": "DIA-NN",
  "software_version": "2.2.0 Academia ",
  "search_engine": "DIA-NN",
  "search_engine_version": "2.2.0 Academia ",
  "ident_fdr_psm": "0.01",
  "ident_fdr_peptide": NaN,
  "ident_fdr_protein": NaN,
  "enable_match_between_runs": false,
  "precursor_mass_tolerance": "[-2.8 ppm, 2.8 ppm]",
  "fragment_mass_tolerance": "[-6 ppm, 6 ppm]",
  "enzyme": "Trypsin/P",
  "allowed_miscleavages": "1",
  "min_peptide_length": "6",
  "max_peptide_length": "30",
  "is_temporary": false,
  "intermediate_hash": "d8c5c375affccf0657f4bd44279d87e41cc41df6",
  "results": {
    "6": {
      "median_abs_epsilon": 0.15274810791015625,
      "mean_abs_epsilon": 0.22074389909088757,
      "variance_epsilon": 0.10690652603525501,
      "nr_prec": 65443,
      "CV_median": 0.11564032920307127,
      "CV_q75": 0.1968803531239938,
      "CV_q90": 0.2968534248822575,
      "CV_q95": 0.3693914348006152
    },
    "5": {
      "median_abs_epsilon": 0.1674041748046875,
      "mean_abs_epsilon": 0.24526869127312528,
      "variance_epsilon": 0.13256358659834067,
      "nr_prec": 80319,
      "CV_median": 0.1247138267720026,
      "CV_q75": 0.2157301178997769,
      "CV_q90": 0.32855382709419967,
      "CV_q95": 0.40856015344685725
    },
    "4": {
      "median_abs_epsilon": 0.18265628814697266,
      "mean_abs_epsilon": 0.2760969621051907,
      "variance_epsilon": 0.17310339161669114,
      "nr_prec": 93100,
      "CV_median": 0.13033848495502492,
      "CV_q75": 0.2270714511852419,
      "CV_q90": 0.3472842469789027,
      "CV_q95": 0.4347476620374252
    },
    "3": {
      "median_abs_epsilon": 0.1960735321044922,
      "mean_abs_epsilon": 0.3015379299861476,
      "variance_epsilon": 0.21155922922386955,
      "nr_prec": 108061,
      "CV_median": 0.13516242083691526,
      "CV_q75": 0.23712457869999193,
      "CV_q90": 0.3640243944470609,
      "CV_q95": 0.45711115846174033
    },
    "2": {
      "median_abs_epsilon": 0.20691871643066406,
      "mean_abs_epsilon": 0.33189159579798233,
      "variance_epsilon": 0.2932053621644408,
      "nr_prec": 125385,
      "CV_median": 0.13775483383034537,
      "CV_q75": 0.24378062871466827,
      "CV_q90": 0.37625386397869287,
      "CV_q95": 0.4761087705297554
    },
    "1": {
      "median_abs_epsilon": 0.20691871643066406,
      "mean_abs_epsilon": 0.33189159579798233,
      "variance_epsilon": 0.2932053621644408,
      "nr_prec": 156591,
      "CV_median": 0.13775483383034537,
      "CV_q75": 0.24378062871466827,
      "CV_q90": 0.37625386397869287,
      "CV_q95": 0.4761087705297554
    }
  },
  "median_abs_epsilon": 0.1960735321044922,
  "mean_abs_epsilon": 0.3015379299861476,
  "nr_prec": 108061,
  "comments": "",
  "proteobench_version": "0.10.3",
  "color": "#d42f2f",
  "hover_text": "ProteoBench ID: DIA-NN_20251027_115511<br>Software tool: DIA-NN <br>Comment (private submission): ...",
  "scatter_size": 20,
  "fixed_mods": "unimod4",
  "variable_mods": "UniMod:35/15.994915/M,UniMod:1/42.010565/*n",
  "max_mods": "1",
  "min_precursor_charge": "1",
  "max_precursor_charge": "5",
  "quantification_method": "QuantUMS high-precision",
  "protein_inference": "Genes",
  "abundance_normalization_ions": null,
  "submission_comments": "Resubmission of 666c52f96ac72b3090256ab7e7ed34c9862f7f30 after changing quant column from Precursor.Quantity -> Precursor.Normalised\n\n ### Parameter changes detected:\n- **ident_fdr_protein**: `None` \u2192 `nan`\n- **ident_fdr_peptide**: `None` \u2192 `nan`\n\nDataset URL: https://proteobench.cubimed.rub.de/datasets/d8c5c375affccf0657f4bd44279d87e41cc41df6/",
  "min_precursor_mz": "400",
  "max_precursor_mz": "1000",
  "min_fragment_mz": "50",
  "max_fragment_mz": "2000",
  "predictors_library": "{'RT': 'DIANN', 'IM': 'DIANN', 'MS2_int': 'DIANN'}",
  "scan_window": "6"
}