{
  "id": "DIA-NN_20251027_115511",
  "software_name": "DIA-NN",
  "software_version": "2.2.0 Academia ",
  "search_engine": "DIA-NN",
  "search_engine_version": "2.2.0 Academia ",
  "ident_fdr_psm": 0.01,
  "ident_fdr_peptide": NaN,
  "ident_fdr_protein": NaN,
  "enable_match_between_runs": false,
  "precursor_mass_tolerance": "[-2.8 ppm, 2.8 ppm]",
  "fragment_mass_tolerance": "[-6 ppm, 6 ppm]",
  "enzyme": "Trypsin/P",
  "allowed_miscleavages": 1,
  "min_peptide_length": 6,
  "max_peptide_length": 30,
  "is_temporary": false,
  "intermediate_hash": "d8c5c375affccf0657f4bd44279d87e41cc41df6",
  "results": {
    "6": {
      "median_abs_epsilon_global": 0.1523876190185547,
      "median_abs_epsilon_eq_species": 0.16141605377197266,
      "median_abs_epsilon_ECOLI": 0.1805095672607422,
      "median_abs_epsilon_HUMAN": 0.15118122100830078,
      "median_abs_epsilon_YEAST": 0.152557373046875,
      "mean_abs_epsilon_global": 0.2192817714931145,
      "mean_abs_epsilon_eq_species": 0.2260236427115894,
      "mean_abs_epsilon_ECOLI": 0.24161377451175417,
      "mean_abs_epsilon_HUMAN": 0.21874677894215316,
      "mean_abs_epsilon_YEAST": 0.21771037468086088,
      "median_log2_empirical_ECOLI": -1.9108800888061523,
      "median_log2_empirical_HUMAN": 0.0144195556640625,
      "median_log2_empirical_YEAST": 1.023611068725586,
      "median_abs_epsilon_precision_global": 0.14977455139160156,
      "median_abs_epsilon_precision_eq_species": 0.15423043568929037,
      "median_abs_epsilon_precision_ECOLI": 0.16368579864501953,
      "median_abs_epsilon_precision_HUMAN": 0.14931106567382812,
      "median_abs_epsilon_precision_YEAST": 0.14969444274902344,
      "mean_log2_empirical_ECOLI": -1.9074546944933657,
      "mean_log2_empirical_HUMAN": -0.020111091856775624,
      "mean_log2_empirical_YEAST": 1.0101381110534844,
      "mean_abs_epsilon_precision_global": 0.22013102147461072,
      "mean_abs_epsilon_precision_eq_species": 0.22211544012280207,
      "mean_abs_epsilon_precision_ECOLI": 0.22881724981004686,
      "mean_abs_epsilon_precision_HUMAN": 0.2205316619500006,
      "mean_abs_epsilon_precision_YEAST": 0.21699740860835878,
      "CV_median": 0.1163189602142865,
      "CV_q75": 0.1976712893972296,
      "CV_q90": 0.2975448298857527,
      "CV_q95": 0.370148322925027,
      "variance_epsilon_global": 0.10470040280438815,
      "nr_feature": 64775,
      "roc_auc": 0.9746856101668693
    },
    "5": {
      "median_abs_epsilon_global": 0.16695404052734375,
      "median_abs_epsilon_eq_species": 0.18085702260335287,
      "median_abs_epsilon_ECOLI": 0.20611000061035156,
      "median_abs_epsilon_HUMAN": 0.16400146484375,
      "median_abs_epsilon_YEAST": 0.17245960235595703,
      "mean_abs_epsilon_global": 0.24396661036007333,
      "mean_abs_epsilon_eq_species": 0.2613121227275827,
      "mean_abs_epsilon_ECOLI": 0.294619323002576,
      "mean_abs_epsilon_HUMAN": 0.24031218430484327,
      "mean_abs_epsilon_YEAST": 0.24900486087532886,
      "median_log2_empirical_ECOLI": -1.8818531036376953,
      "median_log2_empirical_HUMAN": 0.014341354370117188,
      "median_log2_empirical_YEAST": 1.009572982788086,
      "median_abs_epsilon_precision_global": 0.16485214233398438,
      "median_abs_epsilon_precision_eq_species": 0.17518933614095053,
      "median_abs_epsilon_precision_ECOLI": 0.1916055679321289,
      "median_abs_epsilon_precision_HUMAN": 0.16213417053222656,
      "median_abs_epsilon_precision_YEAST": 0.1718282699584961,
      "mean_log2_empirical_ECOLI": -1.8523071774324342,
      "mean_log2_empirical_HUMAN": -0.019699392642723603,
      "mean_log2_empirical_YEAST": 0.9811578018959934,
      "mean_abs_epsilon_precision_global": 0.24477757772997605,
      "mean_abs_epsilon_precision_eq_species": 0.2560049091491583,
      "mean_abs_epsilon_precision_ECOLI": 0.27584815897602993,
      "mean_abs_epsilon_precision_HUMAN": 0.24192115423977784,
      "mean_abs_epsilon_precision_YEAST": 0.2502454142316672,
      "CV_median": 0.1254330139296055,
      "CV_q75": 0.21644143919093767,
      "CV_q90": 0.329470972341405,
      "CV_q95": 0.4092796455624643,
      "variance_epsilon_global": 0.13038572768312254,
      "nr_feature": 79553,
      "roc_auc": 0.9598764617002162
    },
    "4": {
      "median_abs_epsilon_global": 0.18237781524658203,
      "median_abs_epsilon_eq_species": 0.20696449279785156,
      "median_abs_epsilon_ECOLI": 0.24833297729492188,
      "median_abs_epsilon_HUMAN": 0.1758890151977539,
      "median_abs_epsilon_YEAST": 0.1966714859008789,
      "mean_abs_epsilon_global": 0.27509184409604764,
      "mean_abs_epsilon_eq_species": 0.3156228831409005,
      "mean_abs_epsilon_ECOLI": 0.3912400934571378,
      "mean_abs_epsilon_HUMAN": 0.26422446761907864,
      "mean_abs_epsilon_YEAST": 0.29140408834648507,
      "median_log2_empirical_ECOLI": -1.8362922668457031,
      "median_log2_empirical_HUMAN": 0.014461517333984375,
      "median_log2_empirical_YEAST": 0.9940814971923828,
      "median_abs_epsilon_precision_global": 0.18192481994628906,
      "median_abs_epsilon_precision_eq_species": 0.20380163192749023,
      "median_abs_epsilon_precision_ECOLI": 0.238861083984375,
      "median_abs_epsilon_precision_HUMAN": 0.17505216598510742,
      "median_abs_epsilon_precision_YEAST": 0.19749164581298828,
      "mean_log2_empirical_ECOLI": -1.74793343591917,
      "mean_log2_empirical_HUMAN": -0.019709100127719197,
      "mean_log2_empirical_YEAST": 0.9473787995533819,
      "mean_abs_epsilon_precision_global": 0.2759270127221576,
      "mean_abs_epsilon_precision_eq_species": 0.3089581839666405,
      "mean_abs_epsilon_precision_ECOLI": 0.3662952298034063,
      "mean_abs_epsilon_precision_HUMAN": 0.26574779412450156,
      "mean_abs_epsilon_precision_YEAST": 0.29483152797201373,
      "CV_median": 0.13106028574364248,
      "CV_q75": 0.22787689411291884,
      "CV_q90": 0.34804371769804243,
      "CV_q95": 0.4355188480537051,
      "variance_epsilon_global": 0.171336027061533,
      "nr_feature": 92278,
      "roc_auc": 0.9382985844588413
    },
    "3": {
      "median_abs_epsilon_global": 0.19584083557128906,
      "median_abs_epsilon_eq_species": 0.2208719253540039,
      "median_abs_epsilon_ECOLI": 0.26137733459472656,
      "median_abs_epsilon_HUMAN": 0.18865013122558594,
      "median_abs_epsilon_YEAST": 0.21258831024169922,
      "mean_abs_epsilon_global": 0.3007683414001483,
      "mean_abs_epsilon_eq_species": 0.3432856321215078,
      "mean_abs_epsilon_ECOLI": 0.41924004139897797,
      "mean_abs_epsilon_HUMAN": 0.28876353927824067,
      "mean_abs_epsilon_YEAST": 0.32185331568730463,
      "median_log2_empirical_ECOLI": -1.821913719177246,
      "median_log2_empirical_HUMAN": 0.01512908935546875,
      "median_log2_empirical_YEAST": 0.9847407341003418,
      "median_abs_epsilon_precision_global": 0.19451189041137695,
      "median_abs_epsilon_precision_eq_species": 0.21741644541422525,
      "median_abs_epsilon_precision_ECOLI": 0.25017452239990234,
      "median_abs_epsilon_precision_HUMAN": 0.18730545043945312,
      "median_abs_epsilon_precision_YEAST": 0.2147693634033203,
      "mean_log2_empirical_ECOLI": -1.7192633323254582,
      "mean_log2_empirical_HUMAN": -0.016287637828990762,
      "mean_log2_empirical_YEAST": 0.9252077287259107,
      "mean_abs_epsilon_precision_global": 0.30158395716095876,
      "mean_abs_epsilon_precision_eq_species": 0.3366953501972403,
      "mean_abs_epsilon_precision_ECOLI": 0.3938329148711529,
      "mean_abs_epsilon_precision_HUMAN": 0.28990847500384576,
      "mean_abs_epsilon_precision_YEAST": 0.32634466071672213,
      "CV_median": 0.13582254151628742,
      "CV_q75": 0.23797453991257211,
      "CV_q90": 0.36473990819743585,
      "CV_q95": 0.457749748386234,
      "variance_epsilon_global": 0.21017820722350253,
      "nr_feature": 107184,
      "roc_auc": 0.9199580349413423
    },
    "2": {
      "median_abs_epsilon_global": 0.2067403793334961,