{
  "old_new": "new",
  "id": "DIA-NN_20251113_143358",
  "software_name": "DIA-NN",
  "software_version": "2.3.0 Academia ",
  "search_engine": "DIA-NN",
  "search_engine_version": "2.3.0 Academia ",
  "ident_fdr_psm": 0.01,
  "ident_fdr_peptide": NaN,
  "ident_fdr_protein": NaN,
  "enable_match_between_runs": true,
  "precursor_mass_tolerance": "[-2.5 ppm, 2.5 ppm]",
  "fragment_mass_tolerance": "[-6 ppm, 6 ppm]",
  "enzyme": "Trypsin/P",
  "allowed_miscleavages": 1,
  "min_peptide_length": 7,
  "max_peptide_length": 30,
  "is_temporary": false,
  "intermediate_hash": "deb0844196e184b7eccd1c77487a2e0d4dafdad1",
  "results": {
    "6": {
      "median_abs_epsilon_global": 0.1746835708618164,
      "median_abs_epsilon_eq_species": 0.19063345591227213,
      "median_abs_epsilon_ECOLI": 0.22031497955322266,
      "median_abs_epsilon_HUMAN": 0.17164039611816406,
      "median_abs_epsilon_YEAST": 0.1799449920654297,
      "mean_abs_epsilon_global": 0.25946506708797035,
      "mean_abs_epsilon_eq_species": 0.27704710247564907,
      "mean_abs_epsilon_ECOLI": 0.3122032945379248,
      "mean_abs_epsilon_HUMAN": 0.2560706024268767,
      "mean_abs_epsilon_YEAST": 0.2628674104621457,
      "median_log2_empirical_ECOLI": -1.8681221008300781,
      "median_log2_empirical_HUMAN": 0.018220901489257812,
      "median_log2_empirical_YEAST": 1.0121212005615234,
      "median_abs_epsilon_precision_global": 0.17152976989746094,
      "median_abs_epsilon_precision_eq_species": 0.18192005157470703,
      "median_abs_epsilon_precision_ECOLI": 0.1995553970336914,
      "median_abs_epsilon_precision_HUMAN": 0.16910743713378906,
      "median_abs_epsilon_precision_YEAST": 0.17709732055664062,
      "mean_log2_empirical_ECOLI": -1.8278669529947742,
      "mean_log2_empirical_HUMAN": -0.01848638668684926,
      "mean_log2_empirical_YEAST": 0.9820359821635597,
      "mean_abs_epsilon_precision_global": 0.2601578194792585,
      "mean_abs_epsilon_precision_eq_species": 0.27057750650977364,
      "mean_abs_epsilon_precision_ECOLI": 0.289877208142445,
      "mean_abs_epsilon_precision_HUMAN": 0.2577037080828352,
      "mean_abs_epsilon_precision_YEAST": 0.26415160330404064,
      "CV_median": 0.13741068955789693,
      "CV_q75": 0.2378355443181318,
      "CV_q90": 0.3627267898825708,
      "CV_q95": 0.45412001415280145,
      "roc_auc": 0.9528332311958773,
      "roc_auc_directional": 0.9779859998464944,
      "nr_prec": 89362,
      "nr_prec_HUMAN": 68309,
      "nr_prec_YEAST": 17805,
      "nr_prec_ECOLI": 3248,
      "variance_epsilon_global": 0.15596710903476527
    },
    "5": {
      "median_abs_epsilon_global": 0.19313812255859375,
      "median_abs_epsilon_eq_species": 0.21997563044230142,
      "median_abs_epsilon_ECOLI": 0.2661900520324707,
      "median_abs_epsilon_HUMAN": 0.1864757537841797,
      "median_abs_epsilon_YEAST": 0.2072610855102539,
      "mean_abs_epsilon_global": 0.29692672989320923,
      "mean_abs_epsilon_eq_species": 0.3326187571194421,
      "mean_abs_epsilon_ECOLI": 0.399463783043916,
      "mean_abs_epsilon_HUMAN": 0.2871610236228696,
      "mean_abs_epsilon_YEAST": 0.31123146469154067,
      "median_log2_empirical_ECOLI": -1.8120050430297852,
      "median_log2_empirical_HUMAN": 0.017065048217773438,
      "median_log2_empirical_YEAST": 0.9909181594848633,
      "median_abs_epsilon_precision_global": 0.1915760040283203,
      "median_abs_epsilon_precision_eq_species": 0.21178515752156576,
      "median_abs_epsilon_precision_ECOLI": 0.2422347068786621,
      "median_abs_epsilon_precision_HUMAN": 0.18497085571289062,
      "median_abs_epsilon_precision_YEAST": 0.20814990997314453,
      "mean_log2_empirical_ECOLI": -1.7303772789968475,
      "mean_log2_empirical_HUMAN": -0.021044723312530673,
      "mean_log2_empirical_YEAST": 0.9463428484301353,
      "mean_abs_epsilon_precision_global": 0.2973486039378836,
      "mean_abs_epsilon_precision_eq_species": 0.32254472940717105,
      "mean_abs_epsilon_precision_ECOLI": 0.3648260014588814,
      "mean_abs_epsilon_precision_HUMAN": 0.2888945959086724,
      "mean_abs_epsilon_precision_YEAST": 0.31391359085395937,
      "CV_median": 0.14946420786007414,
      "CV_q75": 0.2626892603588748,
      "CV_q90": 0.403506035856361,
      "CV_q95": 0.5113398547375199,
      "roc_auc": 0.926906545555847,
      "roc_auc_directional": 0.9633871790467702,
      "nr_prec": 106625,
      "nr_prec_HUMAN": 79619,
      "nr_prec_YEAST": 22572,
      "nr_prec_ECOLI": 4434,
      "variance_epsilon_global": 0.21053457007791596
    },
    "4": {
      "median_abs_epsilon_global": 0.21004676818847656,
      "median_abs_epsilon_eq_species": 0.2550109227498372,
      "median_abs_epsilon_ECOLI": 0.3344602584838867,
      "median_abs_epsilon_HUMAN": 0.19838905334472656,
      "median_abs_epsilon_YEAST": 0.23218345642089844,
      "mean_abs_epsilon_global": 0.33756431745565485,
      "mean_abs_epsilon_eq_species": 0.4017028410625341,
      "mean_abs_epsilon_ECOLI": 0.5263368558883667,
      "mean_abs_epsilon_HUMAN": 0.31792234115802587,
      "mean_abs_epsilon_YEAST": 0.36084932614120985,
      "median_log2_empirical_ECOLI": -1.74029541015625,
      "median_log2_empirical_HUMAN": 0.01671600341796875,
      "median_log2_empirical_YEAST": 0.9751262664794922,
      "median_abs_epsilon_precision_global": 0.20905113220214844,
      "median_abs_epsilon_precision_eq_species": 0.2467802365620931,
      "median_abs_epsilon_precision_ECOLI": 0.3105134963989258,
      "median_abs_epsilon_precision_HUMAN": 0.19657611846923828,
      "median_abs_epsilon_precision_YEAST": 0.23325109481811523,
      "mean_log2_empirical_ECOLI": -1.6110879452475186,
      "mean_log2_empirical_HUMAN": -0.02145703296962179,
      "mean_log2_empirical_YEAST": 0.917243261404108,
      "mean_abs_epsilon_precision_global": 0.3370736790034711,
      "mean_abs_epsilon_precision_eq_species": 0.3866698808929378,
      "mean_abs_epsilon_precision_ECOLI": 0.47627648824108904,
      "mean_abs_epsilon_precision_HUMAN": 0.3196005691199882,
      "mean_abs_epsilon_precision_YEAST": 0.36413258531773623,
      "CV_median": 0.15554687174601287,
      "CV_q75": 0.27504328482602547,
      "CV_q90": 0.42612500277755455,
      "CV_q95": 0.5441946775999427,
      "roc_auc": 0.9022324146598483,
      "roc_auc_directional": 0.9412804126039531,
      "nr_prec": 118928,
      "nr_prec_HUMAN": 86870,
      "nr_prec_YEAST": 26258,
      "nr_prec_ECOLI": 5800,
      "variance_epsilon_global": 0.29241413707010505
    },
    "3": {
      "median_abs_epsilon_global": 0.21900177001953125,
      "median_abs_epsilon_eq_species": 0.2650747299194336,
      "median_abs_epsilon_ECOLI": 0.3435201644897461,
      "median_abs_epsilon_HUMAN": 0.2063121795654297,
      "median_abs_epsilon_YEAST": 0.245391845703125,
      "mean_abs_epsilon_global": 0.3633860261682072,
      "mean_abs_epsilon_eq_species": 0.43016289933468327,
      "mean_abs_epsilon_ECOLI": 0.5549978453657912,
      "mean_abs_epsilon_HUMAN": 0.3412196369282007,
      "mean_abs_epsilon_YEAST": 0.39427121571005785,
      "median_log2_empirical_ECOLI": -1.7305526733398438,
      "median_log2_empirical_HUMAN": 0.017129898071289062,
      "median_log2_empirical_YEAST": 0.9665985107421875,
      "median_abs_epsilon_precision_global": 0.21843433380126953,
      "median_abs_epsilon_precision_eq_species": 0.25770028432210285,
      "median_abs_epsilon_precision_ECOLI": 0.3212013244628906,
      "median_abs_epsilon_precision_HUMAN": 0.2044668197631836,
      "median_abs_epsilon_precision_YEAST": 0.24743270874023438,
      "mean_log2_empirical_ECOLI": -1.5887098064793983,
      "mean_log2_empirical_HUMAN": -0.019817420689206777,
      "mean_log2_empirical_YEAST": 0.9016647629333276,
      "mean_abs_epsilon_precision_global": 0.36279940286680235,
      "mean_abs_epsilon_precision_eq_species": 0.41469261715659633,
      "mean_abs_epsilon_precision_ECOLI": 0.5035026547867111,
      "mean_abs_epsilon_precision_HUMAN": 0.3427046168250853,