{
  "old_new": "new",
  "id": "DIA-NN_20251113_143358",
  "software_name": "DIA-NN",
  "software_version": "2.3.0 Academia ",
  "search_engine": "DIA-NN",
  "search_engine_version": "2.3.0 Academia ",
  "ident_fdr_psm": "0.01",
  "ident_fdr_peptide": NaN,
  "ident_fdr_protein": NaN,
  "enable_match_between_runs": true,
  "precursor_mass_tolerance": "[-2.5 ppm, 2.5 ppm]",
  "fragment_mass_tolerance": "[-6 ppm, 6 ppm]",
  "enzyme": "Trypsin/P",
  "allowed_miscleavages": "1",
  "min_peptide_length": "7",
  "max_peptide_length": "30",
  "is_temporary": false,
  "intermediate_hash": "deb0844196e184b7eccd1c77487a2e0d4dafdad1",
  "results": {
    "6": {
      "median_abs_epsilon": 0.17513275146484375,
      "mean_abs_epsilon": 0.26065063156640483,
      "variance_epsilon": 0.15830412136603297,
      "nr_prec": 90174,
      "CV_median": 0.1366229383069524,
      "CV_q75": 0.237026607695206,
      "CV_q90": 0.36193311871849243,
      "CV_q95": 0.4533872979134426
    },
    "5": {
      "median_abs_epsilon": 0.1933746337890625,
      "mean_abs_epsilon": 0.29790401856640536,
      "variance_epsilon": 0.21292495242470041,
      "nr_prec": 107495,
      "CV_median": 0.14875367261414904,
      "CV_q75": 0.2618014334838992,
      "CV_q90": 0.40258945492222886,
      "CV_q95": 0.5104901127484811
    },
    "4": {
      "median_abs_epsilon": 0.21019840240478516,
      "mean_abs_epsilon": 0.33832124688960286,
      "variance_epsilon": 0.2945621539770302,
      "nr_prec": 119826,
      "CV_median": 0.15482161893576926,
      "CV_q75": 0.2741936547313045,
      "CV_q90": 0.42521894822884654,
      "CV_q95": 0.5432237931491879
    },
    "3": {
      "median_abs_epsilon": 0.21912193298339844,
      "mean_abs_epsilon": 0.36392326261100727,
      "variance_epsilon": 0.36487053421285043,
      "nr_prec": 129537,
      "CV_median": 0.15814970782231536,
      "CV_q75": 0.28132156516901574,
      "CV_q90": 0.43865386719181687,
      "CV_q95": 0.5615592503031253
    },
    "2": {
      "median_abs_epsilon": 0.22292327880859375,
      "mean_abs_epsilon": 0.3763604501715924,
      "variance_epsilon": 0.4098330754612386,
      "nr_prec": 135169,
      "CV_median": 0.1591592444472293,
      "CV_q75": 0.28366994735488626,
      "CV_q90": 0.4433489250529309,
      "CV_q95": 0.5690218745953064
    },
    "1": {
      "median_abs_epsilon": 0.22292327880859375,
      "mean_abs_epsilon": 0.3763604501715924,
      "variance_epsilon": 0.4098330754612387,
      "nr_prec": 137983,
      "CV_median": 0.1591592444472293,
      "CV_q75": 0.28366994735488626,
      "CV_q90": 0.4433489250529309,
      "CV_q95": 0.5690218745953064
    }
  },
  "median_abs_epsilon": 0.21912193298339844,
  "mean_abs_epsilon": 0.36392326261100727,
  "nr_prec": 129537,
  "comments": "",
  "proteobench_version": "0.10.4",
  "color": "#d42f2f",
  "hover_text": "ProteoBench ID: DIA-NN_20251113_143358<br>Software tool: DIA-NN <br>Comment (private submission): ...",
  "scatter_size": 20,
  "fixed_mods": "unimod4",
  "variable_mods": "UniMod:35/15.994915/M",
  "max_mods": "1",
  "min_precursor_charge": "2",
  "max_precursor_charge": "4",
  "quantification_method": "QuantUMS high-precision",
  "protein_inference": "1",
  "abundance_normalization_ions": null,
  "submission_comments": "\n\n ### Parameter changes detected:\n- **ident_fdr_protein**: `None` \u2192 `nan`\n- **ident_fdr_peptide**: `None` \u2192 `nan`\n\nDataset URL: https://proteobench.cubimed.rub.de/datasets/deb0844196e184b7eccd1c77487a2e0d4dafdad1/",
  "min_precursor_mz": "380",
  "max_precursor_mz": "980",
  "min_fragment_mz": "150",
  "max_fragment_mz": "2000",
  "predictors_library": "{'RT': 'DIANN', 'IM': 'DIANN', 'MS2_int': 'DIANN'}",
  "scan_window": "6"
}