{
  "old_new": "new",
  "id": "DIA-NN_20251113_143358",
  "software_name": "DIA-NN",
  "software_version": "2.3.0 Academia ",
  "search_engine": "DIA-NN",
  "search_engine_version": "2.3.0 Academia ",
  "ident_fdr_psm": 0.01,
  "ident_fdr_peptide": NaN,
  "ident_fdr_protein": NaN,
  "enable_match_between_runs": true,
  "precursor_mass_tolerance": "[-2.5 ppm, 2.5 ppm]",
  "fragment_mass_tolerance": "[-6 ppm, 6 ppm]",
  "enzyme": "Trypsin/P",
  "allowed_miscleavages": 1,
  "min_peptide_length": 7,
  "max_peptide_length": 30,
  "is_temporary": false,
  "intermediate_hash": "deb0844196e184b7eccd1c77487a2e0d4dafdad1",
  "results": {
    "6": {
      "median_abs_epsilon_global": 0.1746835708618164,
      "median_abs_epsilon_eq_species": 0.19063282012939453,
      "median_abs_epsilon_ECOLI": 0.22031307220458984,
      "median_abs_epsilon_HUMAN": 0.17164039611816406,
      "median_abs_epsilon_YEAST": 0.1799449920654297,
      "mean_abs_epsilon_global": 0.25946506691721777,
      "mean_abs_epsilon_eq_species": 0.27704710237478875,
      "mean_abs_epsilon_ECOLI": 0.3122032945379248,
      "mean_abs_epsilon_HUMAN": 0.25607060223142014,
      "mean_abs_epsilon_YEAST": 0.2628674103550213,
      "median_log2_empirical_ECOLI": -1.8681221008300781,
      "median_log2_empirical_HUMAN": 0.018220901489257812,
      "median_log2_empirical_YEAST": 1.0121212005615234,
      "median_abs_epsilon_precision_global": 0.17152976989746094,
      "median_abs_epsilon_precision_eq_species": 0.18192005157470703,
      "median_abs_epsilon_precision_ECOLI": 0.1995553970336914,
      "median_abs_epsilon_precision_HUMAN": 0.16910743713378906,
      "median_abs_epsilon_precision_YEAST": 0.17709732055664062,
      "mean_log2_empirical_ECOLI": -1.8278669430117302,
      "mean_log2_empirical_HUMAN": -0.01848638573748895,
      "mean_log2_empirical_YEAST": 0.9820359838775489,
      "mean_abs_epsilon_precision_global": 0.26015781924868236,
      "mean_abs_epsilon_precision_eq_species": 0.2705775059609467,
      "mean_abs_epsilon_precision_ECOLI": 0.2898772068631053,
      "mean_abs_epsilon_precision_HUMAN": 0.2577037078865636,
      "mean_abs_epsilon_precision_YEAST": 0.26415160313317115,
      "CV_median": 0.13741068955789693,
      "CV_q75": 0.2378355443181318,
      "CV_q90": 0.3627267898825708,
      "CV_q95": 0.45412001415280145,
      "roc_auc": 0.9528332284144477,
      "roc_auc_directional": 0.977985998613187,
      "nr_prec": 89362,
      "nr_prec_HUMAN": 68309,
      "nr_prec_YEAST": 17805,
      "nr_prec_ECOLI": 3248,
      "variance_epsilon_global": 0.15596710914125841
    },
    "5": {
      "median_abs_epsilon_global": 0.19313812255859375,
      "median_abs_epsilon_eq_species": 0.21997563044230142,
      "median_abs_epsilon_ECOLI": 0.2661900520324707,
      "median_abs_epsilon_HUMAN": 0.1864757537841797,
      "median_abs_epsilon_YEAST": 0.2072610855102539,
      "mean_abs_epsilon_global": 0.29692672966066025,
      "mean_abs_epsilon_eq_species": 0.3326187567965699,
      "mean_abs_epsilon_ECOLI": 0.3994637828288339,
      "mean_abs_epsilon_HUMAN": 0.28716102350308986,
      "mean_abs_epsilon_YEAST": 0.3112314640577858,
      "median_log2_empirical_ECOLI": -1.8120050430297852,
      "median_log2_empirical_HUMAN": 0.017065048217773438,
      "median_log2_empirical_YEAST": 0.9909191131591797,
      "median_abs_epsilon_precision_global": 0.1915740966796875,
      "median_abs_epsilon_precision_eq_species": 0.21178499857584634,
      "median_abs_epsilon_precision_ECOLI": 0.2422342300415039,
      "median_abs_epsilon_precision_HUMAN": 0.18497085571289062,
      "median_abs_epsilon_precision_YEAST": 0.20814990997314453,
      "mean_log2_empirical_ECOLI": -1.7303772710388075,
      "mean_log2_empirical_HUMAN": -0.021044722258468956,
      "mean_log2_empirical_YEAST": 0.9463428492328915,
      "mean_abs_epsilon_precision_global": 0.2973486036002082,
      "mean_abs_epsilon_precision_eq_species": 0.322544728380127,
      "mean_abs_epsilon_precision_ECOLI": 0.36482599923112696,
      "mean_abs_epsilon_precision_HUMAN": 0.28889459578834475,
      "mean_abs_epsilon_precision_YEAST": 0.3139135901209092,
      "CV_median": 0.14946420786007414,
      "CV_q75": 0.2626892603588748,
      "CV_q90": 0.403506035856361,
      "CV_q95": 0.5113398547375199,
      "roc_auc": 0.9269065434630093,
      "roc_auc_directional": 0.9633871782121199,
      "nr_prec": 106625,
      "nr_prec_HUMAN": 79619,
      "nr_prec_YEAST": 22572,
      "nr_prec_ECOLI": 4434,
      "variance_epsilon_global": 0.2105345700727753
    },
    "4": {
      "median_abs_epsilon_global": 0.21004676818847656,
      "median_abs_epsilon_eq_species": 0.2550109227498372,
      "median_abs_epsilon_ECOLI": 0.3344602584838867,
      "median_abs_epsilon_HUMAN": 0.19838905334472656,
      "median_abs_epsilon_YEAST": 0.23218345642089844,
      "mean_abs_epsilon_global": 0.33756431712687907,
      "mean_abs_epsilon_eq_species": 0.401702840564301,
      "mean_abs_epsilon_ECOLI": 0.5263368552306603,
      "mean_abs_epsilon_HUMAN": 0.3179223409384623,
      "mean_abs_epsilon_YEAST": 0.36084932552378035,
      "median_log2_empirical_ECOLI": -1.74029541015625,
      "median_log2_empirical_HUMAN": 0.01671600341796875,
      "median_log2_empirical_YEAST": 0.9751262664794922,
      "median_abs_epsilon_precision_global": 0.20905113220214844,
      "median_abs_epsilon_precision_eq_species": 0.2467802365620931,
      "median_abs_epsilon_precision_ECOLI": 0.3105134963989258,
      "median_abs_epsilon_precision_HUMAN": 0.19657611846923828,
      "median_abs_epsilon_precision_YEAST": 0.23325109481811523,
      "mean_log2_empirical_ECOLI": -1.6110879383416012,
      "mean_log2_empirical_HUMAN": -0.021457031871804,
      "mean_log2_empirical_YEAST": 0.9172432618762599,
      "mean_abs_epsilon_precision_global": 0.33707367845067676,
      "mean_abs_epsilon_precision_eq_species": 0.3866698790567356,
      "mean_abs_epsilon_precision_ECOLI": 0.47627648376959253,
      "mean_abs_epsilon_precision_HUMAN": 0.31960056891251115,
      "mean_abs_epsilon_precision_YEAST": 0.36413258448810304,
      "CV_median": 0.15554687174601287,
      "CV_q75": 0.27504328482602547,
      "CV_q90": 0.42612500277755455,
      "CV_q95": 0.5441946775999427,
      "roc_auc": 0.9022324125053558,
      "roc_auc_directional": 0.9412804125521391,
      "nr_prec": 118928,
      "nr_prec_HUMAN": 86870,
      "nr_prec_YEAST": 26258,
      "nr_prec_ECOLI": 5800,
      "variance_epsilon_global": 0.2924141369011004
    },
    "3": {
      "median_abs_epsilon_global": 0.21900177001953125,
      "median_abs_epsilon_eq_species": 0.2650747299194336,
      "median_abs_epsilon_ECOLI": 0.3435201644897461,
      "median_abs_epsilon_HUMAN": 0.2063121795654297,
      "median_abs_epsilon_YEAST": 0.245391845703125,
      "mean_abs_epsilon_global": 0.3633860258326722,
      "mean_abs_epsilon_eq_species": 0.4301628989825394,
      "mean_abs_epsilon_ECOLI": 0.5549978452070836,
      "mean_abs_epsilon_HUMAN": 0.34121963667671257,
      "mean_abs_epsilon_YEAST": 0.3942712150638218,
      "median_log2_empirical_ECOLI": -1.7305526733398438,
      "median_log2_empirical_HUMAN": 0.017129898071289062,
      "median_log2_empirical_YEAST": 0.9665985107421875,
      "median_abs_epsilon_precision_global": 0.21843433380126953,
      "median_abs_epsilon_precision_eq_species": 0.25770028432210285,
      "median_abs_epsilon_precision_ECOLI": 0.3212013244628906,
      "median_abs_epsilon_precision_HUMAN": 0.2044668197631836,
      "median_abs_epsilon_precision_YEAST": 0.24743270874023438,
      "mean_log2_empirical_ECOLI": -1.588709799654969,
      "mean_log2_empirical_HUMAN": -0.01981741966229703,
      "mean_log2_empirical_YEAST": 0.9016647633754891,
      "mean_abs_epsilon_precision_global": 0.36279940238827624,
      "mean_abs_epsilon_precision_eq_species": 0.4146926154349062,
      "mean_abs_epsilon_precision_ECOLI": 0.5035026503875323,
      "mean_abs_epsilon_precision_HUMAN": 0.3427046166355646,