{
  "old_new": "new",
  "id": "DIA-NN_20250625_084007",
  "software_name": "DIA-NN",
  "software_version": "1.9.2",
  "search_engine": "DIA-NN",
  "search_engine_version": "1.9.2",
  "ident_fdr_psm": "0.01",
  "ident_fdr_peptide": NaN,
  "ident_fdr_protein": "0.01",
  "enable_match_between_runs": true,
  "precursor_mass_tolerance": "[-2.35337 ppm, 2.35337 ppm]",
  "fragment_mass_tolerance": "[-8.67093 ppm, 8.67093 ppm]",
  "enzyme": "K*,R*,!",
  "allowed_miscleavages": "1",
  "min_peptide_length": "7",
  "max_peptide_length": "30",
  "is_temporary": false,
  "intermediate_hash": "e216b3a382d287aba603b5c0133ee8c5a876ab8d",
  "results": {
    "6": {
      "median_abs_epsilon": 0.18218032745112822,
      "mean_abs_epsilon": 0.29207753262001696,
      "variance_epsilon": 0.21749055187780272,
      "nr_prec": 82559,
      "CV_median": 0.1300111294318318,
      "CV_q75": 0.22955857225098028,
      "CV_q90": 0.3585086369985675,
      "CV_q95": 0.46145751854449263
    },
    "5": {
      "median_abs_epsilon": 0.2059872387082926,
      "mean_abs_epsilon": 0.350163207889902,
      "variance_epsilon": 0.3435790908356108,
      "nr_prec": 100459,
      "CV_median": 0.14330276610365136,
      "CV_q75": 0.25835548364632827,
      "CV_q90": 0.4158251916254918,
      "CV_q95": 0.5603367896742883
    },
    "4": {
      "median_abs_epsilon": 0.22744561996137946,
      "mean_abs_epsilon": 0.41716609937257393,
      "variance_epsilon": 0.5407408804660055,
      "nr_prec": 113243,
      "CV_median": 0.15048259196006436,
      "CV_q75": 0.27471111669255466,
      "CV_q90": 0.45242545406330603,
      "CV_q95": 0.6374113101623792
    },
    "3": {
      "median_abs_epsilon": 0.2403417256426863,
      "mean_abs_epsilon": 0.4654600024755576,
      "variance_epsilon": 0.7165969440687596,
      "nr_prec": 123793,
      "CV_median": 0.15470261959079856,
      "CV_q75": 0.2842373702463141,
      "CV_q90": 0.47487899432885083,
      "CV_q95": 0.6933459369797255
    },
    "2": {
      "median_abs_epsilon": 0.24600246836136108,
      "mean_abs_epsilon": 0.4891572278261168,
      "variance_epsilon": 0.8193956905233069,
      "nr_prec": 130520,
      "CV_median": 0.15604097615174375,
      "CV_q75": 0.2878693681853284,
      "CV_q90": 0.4842415727009618,
      "CV_q95": 0.7189856548103388
    },
    "1": {
      "median_abs_epsilon": 0.24600246836136108,
      "mean_abs_epsilon": 0.4891572278261168,
      "variance_epsilon": 0.8193956905233069,
      "nr_prec": 134425,
      "CV_median": 0.15604097615174375,
      "CV_q75": 0.2878693681853284,
      "CV_q90": 0.4842415727009618,
      "CV_q95": 0.7189856548103388
    }
  },
  "median_abs_epsilon": 0.2403417256426863,
  "mean_abs_epsilon": 0.4654600024755576,
  "nr_prec": 123793,
  "comments": "",
  "proteobench_version": "0.8.24",
  "color": NaN,
  "hover_text": NaN,
  "scatter_size": NaN,
  "fixed_mods": "UniMod:4",
  "variable_mods": "UniMod:35,UniMod:1",
  "max_mods": "3",
  "min_precursor_charge": "2",
  "max_precursor_charge": "4",
  "quantification_method": "High accuracy",
  "protein_inference": "Genes",
  "abundance_normalization_ions": null,
  "submission_comments": "\n\n ### Parameter changes detected:\n- **ident_fdr_peptide**: `None` \u2192 `nan`\n\nDataset URL: https://proteobench.cubimed.rub.de/datasets/e216b3a382d287aba603b5c0133ee8c5a876ab8d/"
}