{
  "old_new": "new",
  "id": "Spectronaut_20250523_075843",
  "software_name": "Spectronaut",
  "software_version": "19.9.250512.62635",
  "search_engine": "Spectronaut",
  "search_engine_version": "19.9.250512.62635",
  "ident_fdr_psm": "0.01",
  "ident_fdr_peptide": null,
  "ident_fdr_protein": "0.01",
  "enable_match_between_runs": true,
  "precursor_mass_tolerance": "Dynamic",
  "fragment_mass_tolerance": "Dynamic",
  "enzyme": "Trypsin/P",
  "allowed_miscleavages": "2",
  "min_peptide_length": "7",
  "max_peptide_length": "52",
  "is_temporary": false,
  "intermediate_hash": "e8677961418c22bb7a434f40f2e296e3931993e3",
  "results": {
    "6": {
      "median_abs_epsilon": 0.2758910025966417,
      "mean_abs_epsilon": 0.4702426903021216,
      "variance_epsilon": 0.513775446111361,
      "nr_prec": 87790,
      "CV_median": 0.12150581802045543,
      "CV_q90": 0.45695018655834607,
      "CV_q75": 0.24754709192815477,
      "CV_q95": 0.6339022505227396
    },
    "5": {
      "median_abs_epsilon": 0.31015050090618423,
      "mean_abs_epsilon": 0.524638929892424,
      "variance_epsilon": 0.6385904768509201,
      "nr_prec": 101595,
      "CV_median": 0.1308048382936093,
      "CV_q90": 0.5100773506337715,
      "CV_q75": 0.2728607918797831,
      "CV_q95": 0.6964800884555705
    },
    "4": {
      "median_abs_epsilon": 0.3320570775712639,
      "mean_abs_epsilon": 0.5640806102188751,
      "variance_epsilon": 0.7541300047079217,
      "nr_prec": 109289,
      "CV_median": 0.13461270303096876,
      "CV_q90": 0.5314120036662708,
      "CV_q75": 0.28312487114465557,
      "CV_q95": 0.7208116700222401
    },
    "3": {
      "median_abs_epsilon": 0.34040952136279135,
      "mean_abs_epsilon": 0.5794563811193006,
      "variance_epsilon": 0.8045475974175804,
      "nr_prec": 114195,
      "CV_median": 0.13630853581826674,
      "CV_q90": 0.5415723024401247,
      "CV_q75": 0.2881427276799291,
      "CV_q95": 0.7324637435993879
    },
    "2": {
      "median_abs_epsilon": 0.3439707817981077,
      "mean_abs_epsilon": 0.5882723240131301,
      "variance_epsilon": 0.8390040048546575,
      "nr_prec": 117002,
      "CV_median": 0.13682246189105546,
      "CV_q90": 0.5451247441486708,
      "CV_q75": 0.28970098255530263,
      "CV_q95": 0.7371846454613171
    },
    "1": {
      "median_abs_epsilon": 0.3439707817981077,
      "mean_abs_epsilon": 0.58827232401313,
      "variance_epsilon": 0.8390040048546575,
      "nr_prec": 119159,
      "CV_median": 0.13682246189105546,
      "CV_q90": 0.5451247441486708,
      "CV_q75": 0.28970098255530263,
      "CV_q95": 0.7371846454613171
    }
  },
  "median_abs_epsilon": 0.3439707817981077,
  "mean_abs_epsilon": 0.58827232401313,
  "nr_prec": 119159,
  "comments": "",
  "proteobench_version": "0.8.13",
  "color": "#bcbd22",
  "hover_text": "ProteoBench ID: Spectronaut_20250523_075843<br>Software tool: Spectronaut <br>Comment (private submission): ...",
  "scatter_size": 20,
  "fixed_mods": "Carbamidomethyl (C)",
  "variable_mods": "Acetyl (Protein N-term), Oxidation (M)",
  "max_mods": "5",
  "min_precursor_charge": null,
  "max_precursor_charge": null,
  "quantification_method": "MS1",
  "protein_inference": "IDPicker",
  "abundance_normalization_ions": "False",
  "submission_comments": "Method Evaluation:\tFalse  --> MBR on\nQuantity MS Level:\tMS1\nCross-Run Normalization:\tFalse\n\n ### Parameter changes detected:\n- **enable_match_between_runs**: `False` \u2192 `True`\n- **scan_window**: `Dynamic` \u2192 `[MISSING]`\n\nDataset URL: https://proteobench.cubimed.rub.de/datasets/e8677961418c22bb7a434f40f2e296e3931993e3/"
}