{
  "old_new": "new",
  "id": "DIA-NN_20260309_104817",
  "software_name": "DIA-NN",
  "software_version": "2.3.2 Academia ",
  "search_engine": "DIA-NN",
  "search_engine_version": "2.3.2 Academia ",
  "ident_fdr_psm": 0.01,
  "ident_fdr_peptide": NaN,
  "ident_fdr_protein": NaN,
  "enable_match_between_runs": true,
  "precursor_mass_tolerance": "[-3.1 ppm, 3.1 ppm]",
  "fragment_mass_tolerance": "[-8 ppm, 8 ppm]",
  "enzyme": "Trypsin/P",
  "allowed_miscleavages": 1,
  "min_peptide_length": 6,
  "max_peptide_length": 30,
  "is_temporary": false,
  "intermediate_hash": "f25347fedb32c5122503358b1575949efface98b",
  "results": {
    "6": {
      "median_abs_epsilon_global": 0.16863441467285156,
      "median_abs_epsilon_eq_species": 0.18542766571044922,
      "median_abs_epsilon_ECOLI": 0.2169656753540039,
      "median_abs_epsilon_HUMAN": 0.1652851104736328,
      "median_abs_epsilon_YEAST": 0.17403221130371094,
      "mean_abs_epsilon_global": 0.24696058081346414,
      "mean_abs_epsilon_eq_species": 0.26587233651214587,
      "mean_abs_epsilon_ECOLI": 0.3031744736891526,
      "mean_abs_epsilon_HUMAN": 0.2432688073072444,
      "mean_abs_epsilon_YEAST": 0.2511737285400405,
      "median_log2_empirical_ECOLI": -1.8566570281982422,
      "median_log2_empirical_HUMAN": 0.006184577941894531,
      "median_log2_empirical_YEAST": 0.9882211685180664,
      "median_abs_epsilon_precision_global": 0.1672077178955078,
      "median_abs_epsilon_precision_eq_species": 0.17667675018310547,
      "median_abs_epsilon_precision_ECOLI": 0.1906909942626953,
      "median_abs_epsilon_precision_HUMAN": 0.16437530517578125,
      "median_abs_epsilon_precision_YEAST": 0.17496395111083984,
      "mean_log2_empirical_ECOLI": -1.82054131230383,
      "mean_log2_empirical_HUMAN": -0.027521602549150894,
      "mean_log2_empirical_YEAST": 0.9579833998148916,
      "mean_abs_epsilon_precision_global": 0.24772228787783485,
      "mean_abs_epsilon_precision_eq_species": 0.25744553825656186,
      "mean_abs_epsilon_precision_ECOLI": 0.2745883901242361,
      "mean_abs_epsilon_precision_HUMAN": 0.2452335061008869,
      "mean_abs_epsilon_precision_YEAST": 0.2525147185445626,
      "CV_median": 0.13133821049917122,
      "CV_q75": 0.22638479738446093,
      "CV_q90": 0.34166473272086195,
      "CV_q95": 0.4268182641650748,
      "roc_auc": 0.956631232953997,
      "roc_auc_directional": 0.9817792681539789,
      "nr_prec": 84692,
      "nr_prec_HUMAN": 64808,
      "nr_prec_YEAST": 16894,
      "nr_prec_ECOLI": 2990,
      "variance_epsilon_global": 0.13646485751954984
    },
    "5": {
      "median_abs_epsilon_global": 0.18637561798095703,
      "median_abs_epsilon_eq_species": 0.21470133463541666,
      "median_abs_epsilon_ECOLI": 0.264434814453125,
      "median_abs_epsilon_HUMAN": 0.17929553985595703,
      "median_abs_epsilon_YEAST": 0.20037364959716797,
      "mean_abs_epsilon_global": 0.2813551015835694,
      "mean_abs_epsilon_eq_species": 0.3196820325595838,
      "mean_abs_epsilon_ECOLI": 0.39052647113682976,
      "mean_abs_epsilon_HUMAN": 0.27083129962512353,
      "mean_abs_epsilon_YEAST": 0.297688326916798,
      "median_log2_empirical_ECOLI": -1.8000869750976562,
      "median_log2_empirical_HUMAN": 0.0056934356689453125,
      "median_log2_empirical_YEAST": 0.9687404632568359,
      "median_abs_epsilon_precision_global": 0.185394287109375,
      "median_abs_epsilon_precision_eq_species": 0.20420614878336588,
      "median_abs_epsilon_precision_ECOLI": 0.2320728302001953,
      "median_abs_epsilon_precision_HUMAN": 0.1788778305053711,
      "median_abs_epsilon_precision_YEAST": 0.20166778564453125,
      "mean_log2_empirical_ECOLI": -1.7244928787534899,
      "mean_log2_empirical_HUMAN": -0.028370299667678005,
      "mean_log2_empirical_YEAST": 0.9229893783293993,
      "mean_abs_epsilon_precision_global": 0.28137682764004396,
      "mean_abs_epsilon_precision_eq_species": 0.3067030512105912,
      "mean_abs_epsilon_precision_ECOLI": 0.3481484236545731,
      "mean_abs_epsilon_precision_HUMAN": 0.27269401416854455,
      "mean_abs_epsilon_precision_YEAST": 0.2992667158086559,
      "CV_median": 0.14235405305033208,
      "CV_q75": 0.24861902560603533,
      "CV_q90": 0.38036525591919423,
      "CV_q95": 0.47892162276023015,
      "roc_auc": 0.9318550212250369,
      "roc_auc_directional": 0.9680106462621132,
      "nr_prec": 101199,
      "nr_prec_HUMAN": 75624,
      "nr_prec_YEAST": 21502,
      "nr_prec_ECOLI": 4073,
      "variance_epsilon_global": 0.18381423959481547
    },
    "4": {
      "median_abs_epsilon_global": 0.20311641693115234,
      "median_abs_epsilon_eq_species": 0.25051530202229816,
      "median_abs_epsilon_ECOLI": 0.33530426025390625,
      "median_abs_epsilon_HUMAN": 0.19129467010498047,
      "median_abs_epsilon_YEAST": 0.2249469757080078,
      "mean_abs_epsilon_global": 0.3196408311003244,
      "mean_abs_epsilon_eq_species": 0.3865538779485041,
      "mean_abs_epsilon_ECOLI": 0.5144125690982426,
      "mean_abs_epsilon_HUMAN": 0.2989348543530656,
      "mean_abs_epsilon_YEAST": 0.3463142103942041,
      "median_log2_empirical_ECOLI": -1.7320976257324219,
      "median_log2_empirical_HUMAN": 0.0051898956298828125,
      "median_log2_empirical_YEAST": 0.9525108337402344,
      "median_abs_epsilon_precision_global": 0.20269298553466797,
      "median_abs_epsilon_precision_eq_species": 0.23913288116455078,
      "median_abs_epsilon_precision_ECOLI": 0.2989006042480469,
      "median_abs_epsilon_precision_HUMAN": 0.1908559799194336,
      "median_abs_epsilon_precision_YEAST": 0.22764205932617188,
      "mean_log2_empirical_ECOLI": -1.6023805406555869,
      "mean_log2_empirical_HUMAN": -0.028826318745363635,
      "mean_log2_empirical_YEAST": 0.8965064412470987,
      "mean_abs_epsilon_precision_global": 0.3183417541541585,
      "mean_abs_epsilon_precision_eq_species": 0.3677146269744489,
      "mean_abs_epsilon_precision_ECOLI": 0.4551490445489138,
      "mean_abs_epsilon_precision_HUMAN": 0.3007119096875161,
      "mean_abs_epsilon_precision_YEAST": 0.3472829266869168,
      "CV_median": 0.14799478922311426,
      "CV_q75": 0.25950240860828233,
      "CV_q90": 0.3997990630008635,
      "CV_q95": 0.5078885679315306,
      "roc_auc": 0.9068913159041941,
      "roc_auc_directional": 0.9468681918224648,
      "nr_prec": 113112,
      "nr_prec_HUMAN": 82728,
      "nr_prec_YEAST": 25015,
      "nr_prec_ECOLI": 5369,
      "variance_epsilon_global": 0.25329935570852796
    },
    "3": {
      "median_abs_epsilon_global": 0.21209144592285156,
      "median_abs_epsilon_eq_species": 0.2620035807291667,
      "median_abs_epsilon_ECOLI": 0.34801292419433594,
      "median_abs_epsilon_HUMAN": 0.199066162109375,
      "median_abs_epsilon_YEAST": 0.23893165588378906,
      "mean_abs_epsilon_global": 0.3446322483429285,
      "mean_abs_epsilon_eq_species": 0.41407507842943775,
      "mean_abs_epsilon_ECOLI": 0.5412307763908522,
      "mean_abs_epsilon_HUMAN": 0.32125674941879573,
      "mean_abs_epsilon_YEAST": 0.3797377094786654,
      "median_log2_empirical_ECOLI": -1.717050552368164,
      "median_log2_empirical_HUMAN": 0.0052890777587890625,
      "median_log2_empirical_YEAST": 0.9445858001708984,
      "median_abs_epsilon_precision_global": 0.2121896743774414,
      "median_abs_epsilon_precision_eq_species": 0.2517220179239909,
      "median_abs_epsilon_precision_ECOLI": 0.31416893005371094,
      "median_abs_epsilon_precision_HUMAN": 0.19869613647460938,
      "median_abs_epsilon_precision_YEAST": 0.24230098724365234,
      "mean_log2_empirical_ECOLI": -1.5796116182008524,
      "mean_log2_empirical_HUMAN": -0.027920608180782076,
      "mean_log2_empirical_YEAST": 0.8820537087310599,
      "mean_abs_epsilon_precision_global": 0.3430417567296991,
      "mean_abs_epsilon_precision_eq_species": 0.393986259324584,
      "mean_abs_epsilon_precision_ECOLI": 0.47874721582728164,
      "mean_abs_epsilon_precision_HUMAN": 0.3228946007687211,