{
  "old_new": "new",
  "id": "DIA-NN_20251027_121015",
  "software_name": "DIA-NN",
  "software_version": "1.9.2",
  "search_engine": "DIA-NN",
  "search_engine_version": "1.9.2",
  "ident_fdr_psm": 0.01,
  "ident_fdr_peptide": NaN,
  "ident_fdr_protein": NaN,
  "enable_match_between_runs": true,
  "precursor_mass_tolerance": "[-2.39031 ppm, 2.39031 ppm]",
  "fragment_mass_tolerance": "[-8.37286 ppm, 8.37286 ppm]",
  "enzyme": "Trypsin/P",
  "allowed_miscleavages": 1,
  "min_peptide_length": 6,
  "max_peptide_length": 30,
  "is_temporary": false,
  "intermediate_hash": "f4cb5e763671291e8d7d463a5b01a5c2831a249a",
  "results": {
    "6": {
      "median_abs_epsilon_global": 0.16558453510456772,
      "median_abs_epsilon_eq_species": 0.1691138574895028,
      "median_abs_epsilon_ECOLI": 0.17136522897728312,
      "median_abs_epsilon_HUMAN": 0.16340020166842883,
      "median_abs_epsilon_YEAST": 0.17257614182279646,
      "mean_abs_epsilon_global": 0.2504387646709687,
      "mean_abs_epsilon_eq_species": 0.2551730275431134,
      "mean_abs_epsilon_ECOLI": 0.25811105993996314,
      "mean_abs_epsilon_HUMAN": 0.2477519416229997,
      "mean_abs_epsilon_YEAST": 0.2596560810663773,
      "median_log2_empirical_ECOLI": -1.965811724842009,
      "median_log2_empirical_HUMAN": -0.08081370138650357,
      "median_log2_empirical_YEAST": 0.9166054570778659,
      "median_abs_epsilon_precision_global": 0.15622908063465246,
      "median_abs_epsilon_precision_eq_species": 0.16178298411636463,
      "median_abs_epsilon_precision_ECOLI": 0.16926433244153216,
      "median_abs_epsilon_precision_HUMAN": 0.1541542778285443,
      "median_abs_epsilon_precision_YEAST": 0.16193034207901746,
      "mean_log2_empirical_ECOLI": -1.9469830408020026,
      "mean_log2_empirical_HUMAN": -0.10895776575992602,
      "mean_log2_empirical_YEAST": 0.9033825009456606,
      "mean_abs_epsilon_precision_global": 0.2395305094094356,
      "mean_abs_epsilon_precision_eq_species": 0.24700106278754178,
      "mean_abs_epsilon_precision_ECOLI": 0.25680983147952285,
      "mean_abs_epsilon_precision_HUMAN": 0.23674865006538662,
      "mean_abs_epsilon_precision_YEAST": 0.24744470681771588,
      "CV_median": 0.11971220200831657,
      "CV_q75": 0.20706049631432782,
      "CV_q90": 0.31643096783645686,
      "CV_q95": 0.3988197760122446,
      "roc_auc": 0.9500496647227489,
      "roc_auc_directional": 0.9829636774329424,
      "nr_prec": 74193,
      "nr_prec_HUMAN": 57118,
      "nr_prec_YEAST": 14538,
      "nr_prec_ECOLI": 2537,
      "variance_epsilon_global": 0.14974889591527324
    },
    "5": {
      "median_abs_epsilon_global": 0.1859188027502796,
      "median_abs_epsilon_eq_species": 0.2001746191037963,
      "median_abs_epsilon_ECOLI": 0.21771069773342155,
      "median_abs_epsilon_HUMAN": 0.18028264976096864,
      "median_abs_epsilon_YEAST": 0.20253050981699872,
      "mean_abs_epsilon_global": 0.3034632506247271,
      "mean_abs_epsilon_eq_species": 0.32305626662436077,
      "mean_abs_epsilon_ECOLI": 0.3485933566569932,
      "mean_abs_epsilon_HUMAN": 0.2950294028587425,
      "mean_abs_epsilon_YEAST": 0.3255460403573466,
      "median_log2_empirical_ECOLI": -1.9276844964085207,
      "median_log2_empirical_HUMAN": -0.08165937482531405,
      "median_log2_empirical_YEAST": 0.9018324003014797,
      "median_abs_epsilon_precision_global": 0.17588549992446456,
      "median_abs_epsilon_precision_eq_species": 0.1922854781206791,
      "median_abs_epsilon_precision_ECOLI": 0.2153981719747602,
      "median_abs_epsilon_precision_HUMAN": 0.17037207730229653,
      "median_abs_epsilon_precision_YEAST": 0.19108618508498054,
      "mean_log2_empirical_ECOLI": -1.8892000209594093,
      "mean_log2_empirical_HUMAN": -0.11293372206288338,
      "mean_log2_empirical_YEAST": 0.8876400344825283,
      "mean_abs_epsilon_precision_global": 0.2927021476455278,
      "mean_abs_epsilon_precision_eq_species": 0.31309072304521673,
      "mean_abs_epsilon_precision_ECOLI": 0.34323278416475783,
      "mean_abs_epsilon_precision_HUMAN": 0.2850243779105618,
      "mean_abs_epsilon_precision_YEAST": 0.31101500706033064,
      "CV_median": 0.13175412943440334,
      "CV_q75": 0.23303610372929284,
      "CV_q90": 0.3643867134209249,
      "CV_q95": 0.4770513316457209,
      "roc_auc": 0.9192470738207961,
      "roc_auc_directional": 0.9678673206392485,
      "nr_prec": 90070,
      "nr_prec_HUMAN": 67851,
      "nr_prec_YEAST": 18679,
      "nr_prec_ECOLI": 3540,
      "variance_epsilon_global": 0.25890962543257995
    },
    "4": {
      "median_abs_epsilon_global": 0.20426356684806635,
      "median_abs_epsilon_eq_species": 0.2342755885890663,
      "median_abs_epsilon_ECOLI": 0.278522901493762,
      "median_abs_epsilon_HUMAN": 0.19322523967367644,
      "median_abs_epsilon_YEAST": 0.23107862459976047,
      "mean_abs_epsilon_global": 0.3670373403250815,
      "mean_abs_epsilon_eq_species": 0.41460355105402047,
      "mean_abs_epsilon_ECOLI": 0.48353377635488354,
      "mean_abs_epsilon_HUMAN": 0.3455830154698504,
      "mean_abs_epsilon_YEAST": 0.4146938613373274,
      "median_log2_empirical_ECOLI": -1.8756388471420564,
      "median_log2_empirical_HUMAN": -0.08268178822394745,
      "median_log2_empirical_YEAST": 0.8899805801059983,
      "median_abs_epsilon_precision_global": 0.19474018152950734,
      "median_abs_epsilon_precision_eq_species": 0.22829679473077155,
      "median_abs_epsilon_precision_ECOLI": 0.2808371626559989,
      "median_abs_epsilon_precision_HUMAN": 0.18355906016634904,
      "median_abs_epsilon_precision_YEAST": 0.2204941613699667,
      "mean_log2_empirical_ECOLI": -1.8001063699343216,
      "mean_log2_empirical_HUMAN": -0.11756845816327645,
      "mean_log2_empirical_YEAST": 0.8829268210238082,
      "mean_abs_epsilon_precision_global": 0.35605431681866256,
      "mean_abs_epsilon_precision_eq_species": 0.40196933536348284,
      "mean_abs_epsilon_precision_ECOLI": 0.47136299680961685,
      "mean_abs_epsilon_precision_HUMAN": 0.3362853417084406,
      "mean_abs_epsilon_precision_YEAST": 0.398259667572391,
      "CV_median": 0.1383657749071585,
      "CV_q75": 0.2473048057646491,
      "CV_q90": 0.3961996316235289,
      "CV_q95": 0.5401951695687575,
      "roc_auc": 0.8902429540797444,
      "roc_auc_directional": 0.9450829464793834,
      "nr_prec": 101627,
      "nr_prec_HUMAN": 74797,
      "nr_prec_YEAST": 22093,
      "nr_prec_ECOLI": 4737,
      "variance_epsilon_global": 0.4364411486393475
    },
    "3": {
      "median_abs_epsilon_global": 0.21545652043627328,
      "median_abs_epsilon_eq_species": 0.24697588434072118,
      "median_abs_epsilon_ECOLI": 0.2888757342846766,
      "median_abs_epsilon_HUMAN": 0.20314304010736173,
      "median_abs_epsilon_YEAST": 0.24890887863012523,
      "mean_abs_epsilon_global": 0.41571381915602784,
      "mean_abs_epsilon_eq_species": 0.4638315052137913,
      "mean_abs_epsilon_ECOLI": 0.5182451170787805,
      "mean_abs_epsilon_HUMAN": 0.38842332085639353,
      "mean_abs_epsilon_YEAST": 0.48482607770619973,
      "median_log2_empirical_ECOLI": -1.8668893776387243,
      "median_log2_empirical_HUMAN": -0.08236639920546374,
      "median_log2_empirical_YEAST": 0.885639101471547,
      "median_abs_epsilon_precision_global": 0.20679128849666917,
      "median_abs_epsilon_precision_eq_species": 0.2420173148842316,
      "median_abs_epsilon_precision_ECOLI": 0.29291015095749273,
      "median_abs_epsilon_precision_HUMAN": 0.19357271113355434,
      "median_abs_epsilon_precision_YEAST": 0.23956908256164766,
      "mean_log2_empirical_ECOLI": -1.786907707061008,
      "mean_log2_empirical_HUMAN": -0.11538119260116457,
      "mean_log2_empirical_YEAST": 0.8842379452636924,
      "mean_abs_epsilon_precision_global": 0.40477575866239623,
      "mean_abs_epsilon_precision_eq_species": 0.45104607416708514,
      "mean_abs_epsilon_precision_ECOLI": 0.5057075041876494,
      "mean_abs_epsilon_precision_HUMAN": 0.3793387921212821,