{
  "old_new": "new",
  "id": "DIA-NN_20251027_121015",
  "software_name": "DIA-NN",
  "software_version": "1.9.2",
  "search_engine": "DIA-NN",
  "search_engine_version": "1.9.2",
  "ident_fdr_psm": "0.01",
  "ident_fdr_peptide": NaN,
  "ident_fdr_protein": NaN,
  "enable_match_between_runs": true,
  "precursor_mass_tolerance": "[-2.39031 ppm, 2.39031 ppm]",
  "fragment_mass_tolerance": "[-8.37286 ppm, 8.37286 ppm]",
  "enzyme": "Trypsin/P",
  "allowed_miscleavages": "1",
  "min_peptide_length": "6",
  "max_peptide_length": "30",
  "is_temporary": false,
  "intermediate_hash": "f4cb5e763671291e8d7d463a5b01a5c2831a249a",
  "results": {
    "6": {
      "median_abs_epsilon": 0.16589075716283475,
      "mean_abs_epsilon": 0.25164406089954355,
      "variance_epsilon": 0.15151066368385052,
      "nr_prec": 74949,
      "CV_median": 0.11902138059544887,
      "CV_q75": 0.2063313336116706,
      "CV_q90": 0.3155430185489984,
      "CV_q95": 0.3981077347156492
    },
    "5": {
      "median_abs_epsilon": 0.18611462133735124,
      "mean_abs_epsilon": 0.3042904835847127,
      "variance_epsilon": 0.25983711891755523,
      "nr_prec": 90894,
      "CV_median": 0.13098835774454928,
      "CV_q75": 0.23220613453747488,
      "CV_q90": 0.36355838089112996,
      "CV_q95": 0.47601369688621864
    },
    "4": {
      "median_abs_epsilon": 0.2043584653518895,
      "mean_abs_epsilon": 0.36757375710132967,
      "variance_epsilon": 0.43707693843599793,
      "nr_prec": 102492,
      "CV_median": 0.13763986829223956,
      "CV_q75": 0.2464986391272166,
      "CV_q90": 0.39510857742971794,
      "CV_q95": 0.5385258621013196
    },
    "3": {
      "median_abs_epsilon": 0.21551592434723155,
      "mean_abs_epsilon": 0.4159049684833662,
      "variance_epsilon": 0.6092809905917422,
      "nr_prec": 112215,
      "CV_median": 0.14169106323485017,
      "CV_q75": 0.25572864532186323,
      "CV_q90": 0.4179122012033204,
      "CV_q95": 0.589584323658094
    },
    "2": {
      "median_abs_epsilon": 0.22068218983375054,
      "mean_abs_epsilon": 0.4400346005882882,
      "variance_epsilon": 0.7155637481616831,
      "nr_prec": 118510,
      "CV_median": 0.14310705979258453,
      "CV_q75": 0.2594684581365858,
      "CV_q90": 0.42823680226814564,
      "CV_q95": 0.6152912863064481
    },
    "1": {
      "median_abs_epsilon": 0.22068218983375054,
      "mean_abs_epsilon": 0.44003460058828836,
      "variance_epsilon": 0.7155637481616832,
      "nr_prec": 122188,
      "CV_median": 0.14310705979258453,
      "CV_q75": 0.2594684581365858,
      "CV_q90": 0.42823680226814564,
      "CV_q95": 0.6152912863064481
    }
  },
  "median_abs_epsilon": 0.21551592434723155,
  "mean_abs_epsilon": 0.4159049684833662,
  "nr_prec": 112215,
  "comments": "",
  "proteobench_version": "0.10.3",
  "color": "#d42f2f",
  "hover_text": "ProteoBench ID: DIA-NN_20251027_121015<br>Software tool: DIA-NN <br>Comment (private submission): ...",
  "scatter_size": 20,
  "fixed_mods": "unimod4",
  "variable_mods": "UniMod:35/15.994915/M,UniMod:1/42.010565/*n",
  "max_mods": "1",
  "min_precursor_charge": "1",
  "max_precursor_charge": "4",
  "quantification_method": "QuantUMS high-precision",
  "protein_inference": "Genes",
  "abundance_normalization_ions": null,
  "submission_comments": "Conservative NN classifier\nResubmission of a762a3323caad86de91de85edeba7fb47689dc6f after changing quant column from Precursor.Quantity -> Precursor.Normalised\n\n ### Parameter changes detected:\n- **ident_fdr_protein**: `None` \u2192 `nan`\n- **ident_fdr_peptide**: `None` \u2192 `nan`\n\nDataset URL: https://proteobench.cubimed.rub.de/datasets/f4cb5e763671291e8d7d463a5b01a5c2831a249a/",
  "min_precursor_mz": "400",
  "max_precursor_mz": "1000",
  "min_fragment_mz": "50",
  "max_fragment_mz": "2000",
  "predictors_library": "{'RT': 'DIANN', 'IM': 'DIANN', 'MS2_int': 'DIANN'}",
  "scan_window": "6"
}