{
  "old_new": "new",
  "id": "DIA-NN_20250605_165839",
  "software_name": "DIA-NN",
  "software_version": "1.7.16",
  "search_engine": "DIA-NN",
  "search_engine_version": "1.7.16",
  "ident_fdr_psm": "0.01",
  "ident_fdr_peptide": NaN,
  "ident_fdr_protein": NaN,
  "enable_match_between_runs": true,
  "precursor_mass_tolerance": "[-2.78001 ppm, 2.78001 ppm]",
  "fragment_mass_tolerance": "[-5.62001 ppm, 5.62001 ppm]",
  "enzyme": "Trypsin/P",
  "allowed_miscleavages": "1",
  "min_peptide_length": "6",
  "max_peptide_length": "30",
  "is_temporary": false,
  "intermediate_hash": "f5736be881ec4684ffbe2211dcc7a415d045efcf",
  "results": {
    "6": {
      "median_abs_epsilon": 0.2655339857893466,
      "mean_abs_epsilon": 0.41621107016956893,
      "variance_epsilon": 0.3778281183716403,
      "nr_prec": 86531,
      "CV_median": 0.21113521688127956,
      "CV_q90": 0.6072765321286165,
      "CV_q75": 0.4001872134358224,
      "CV_q95": 0.7337373169159822
    },
    "5": {
      "median_abs_epsilon": 0.3013947753211621,
      "mean_abs_epsilon": 0.4692179708457833,
      "variance_epsilon": 0.4715043832165371,
      "nr_prec": 104426,
      "CV_median": 0.2360792552992559,
      "CV_q90": 0.6596630863458474,
      "CV_q75": 0.44177950549420264,
      "CV_q95": 0.7924995345656596
    },
    "4": {
      "median_abs_epsilon": 0.32703092996032623,
      "mean_abs_epsilon": 0.5118795823189545,
      "variance_epsilon": 0.5635250487979144,
      "nr_prec": 115501,
      "CV_median": 0.246178527678252,
      "CV_q90": 0.6782981841917439,
      "CV_q75": 0.45721277481179645,
      "CV_q95": 0.8136937588932436
    },
    "3": {
      "median_abs_epsilon": 0.3382011864222436,
      "mean_abs_epsilon": 0.5298080878098915,
      "variance_epsilon": 0.6023027330907208,
      "nr_prec": 122921,
      "CV_median": 0.25045346469973406,
      "CV_q90": 0.6857792850361333,
      "CV_q75": 0.4634280461479011,
      "CV_q95": 0.8217225969150034
    },
    "2": {
      "median_abs_epsilon": 0.3424593534770146,
      "mean_abs_epsilon": 0.5366326945211796,
      "variance_epsilon": 0.6188946773419254,
      "nr_prec": 126790,
      "CV_median": 0.2513497523917003,
      "CV_q90": 0.6880097483407621,
      "CV_q75": 0.4647891121407588,
      "CV_q95": 0.8241833891593067
    },
    "1": {
      "median_abs_epsilon": 0.3424593534770146,
      "mean_abs_epsilon": 0.5366326945211795,
      "variance_epsilon": 0.6188946773419254,
      "nr_prec": 128935,
      "CV_median": 0.2513497523917003,
      "CV_q90": 0.6880097483407621,
      "CV_q75": 0.4647891121407588,
      "CV_q95": 0.8241833891593067
    }
  },
  "median_abs_epsilon": 0.3382011864222436,
  "mean_abs_epsilon": 0.5298080878098915,
  "nr_prec": 122921,
  "comments": "",
  "proteobench_version": "0.8.19",
  "color": "#8c564b",
  "hover_text": "ProteoBench ID: DIA-NN_20250605_165839<br>Software tool: DIA-NN <br>Comment (private submission): ...",
  "scatter_size": 20,
  "fixed_mods": "Carbamidomethyl (C)",
  "variable_mods": "Oxidation (M)",
  "max_mods": "1",
  "min_precursor_charge": NaN,
  "max_precursor_charge": NaN,
  "quantification_method": "QuantUMS high-precision",
  "protein_inference": "Genes",
  "abundance_normalization_ions": null,
  "submission_comments": "\n\n ### Parameter changes detected:\n- **ident_fdr_protein**: `None` \u2192 `nan`\n- **min_precursor_charge**: `None` \u2192 `nan`\n- **max_precursor_charge**: `None` \u2192 `nan`\n- **ident_fdr_peptide**: `None` \u2192 `nan`\n\nDataset URL: https://proteobench.cubimed.rub.de/datasets/f5736be881ec4684ffbe2211dcc7a415d045efcf/"
}