{
  "old_new": "new",
  "id": "DIA-NN_20260309_101721",
  "software_name": "DIA-NN",
  "software_version": "2.0 Academia ",
  "search_engine": "DIA-NN",
  "search_engine_version": "2.0 Academia ",
  "ident_fdr_psm": 0.01,
  "ident_fdr_peptide": NaN,
  "ident_fdr_protein": NaN,
  "enable_match_between_runs": true,
  "precursor_mass_tolerance": "[-2.6 ppm, 2.6 ppm]",
  "fragment_mass_tolerance": "[-8 ppm, 8 ppm]",
  "enzyme": "Trypsin/P",
  "allowed_miscleavages": 1,
  "min_peptide_length": 6,
  "max_peptide_length": 30,
  "is_temporary": false,
  "intermediate_hash": "f83c119928505ac2534c2f44047f6ad206ff4149",
  "results": {
    "6": {
      "median_abs_epsilon_global": 0.1677684783935547,
      "median_abs_epsilon_eq_species": 0.18823814392089844,
      "median_abs_epsilon_ECOLI": 0.22932815551757812,
      "median_abs_epsilon_HUMAN": 0.16464710235595703,
      "median_abs_epsilon_YEAST": 0.17073917388916016,
      "mean_abs_epsilon_global": 0.2394383117696332,
      "mean_abs_epsilon_eq_species": 0.2620814043278958,
      "mean_abs_epsilon_ECOLI": 0.3074614762348945,
      "mean_abs_epsilon_HUMAN": 0.23529129353073008,
      "mean_abs_epsilon_YEAST": 0.24349144321806265,
      "median_log2_empirical_ECOLI": -1.8210020065307617,
      "median_log2_empirical_HUMAN": 0.008534431457519531,
      "median_log2_empirical_YEAST": 0.9734086990356445,
      "median_abs_epsilon_precision_global": 0.16585254669189453,
      "median_abs_epsilon_precision_eq_species": 0.1736459732055664,
      "median_abs_epsilon_precision_ECOLI": 0.1855916976928711,
      "median_abs_epsilon_precision_HUMAN": 0.16396331787109375,
      "median_abs_epsilon_precision_YEAST": 0.17138290405273438,
      "mean_log2_empirical_ECOLI": -1.7844110971194416,
      "mean_log2_empirical_HUMAN": -0.021485262818333167,
      "mean_log2_empirical_YEAST": 0.9423640655808898,
      "mean_abs_epsilon_precision_global": 0.23902189005701563,
      "mean_abs_epsilon_precision_eq_species": 0.24740275906210643,
      "mean_abs_epsilon_precision_ECOLI": 0.26149334212585545,
      "mean_abs_epsilon_precision_HUMAN": 0.23670944448906436,
      "mean_abs_epsilon_precision_YEAST": 0.2440054905713995,
      "CV_median": 0.1321938984685143,
      "CV_q75": 0.22126273502290608,
      "CV_q90": 0.3293917901068295,
      "CV_q95": 0.40500432926587715,
      "roc_auc": 0.9589715457976863,
      "roc_auc_directional": 0.9829585623613037,
      "nr_prec": 82417,
      "nr_prec_HUMAN": 63196,
      "nr_prec_YEAST": 16342,
      "nr_prec_ECOLI": 2879,
      "variance_epsilon_global": 0.12284470410433317
    },
    "5": {
      "median_abs_epsilon_global": 0.1848592758178711,
      "median_abs_epsilon_eq_species": 0.21608511606852213,
      "median_abs_epsilon_ECOLI": 0.27387046813964844,
      "median_abs_epsilon_HUMAN": 0.17846107482910156,
      "median_abs_epsilon_YEAST": 0.1959238052368164,
      "mean_abs_epsilon_global": 0.2721902809573452,
      "mean_abs_epsilon_eq_species": 0.31366672337118245,
      "mean_abs_epsilon_ECOLI": 0.3913104496952512,
      "mean_abs_epsilon_HUMAN": 0.26128215942970845,
      "mean_abs_epsilon_YEAST": 0.2884075609885878,
      "median_log2_empirical_ECOLI": -1.7672405242919922,
      "median_log2_empirical_HUMAN": 0.008376121520996094,
      "median_log2_empirical_YEAST": 0.9525957107543945,
      "median_abs_epsilon_precision_global": 0.18349456787109375,
      "median_abs_epsilon_precision_eq_species": 0.20177618662516275,
      "median_abs_epsilon_precision_ECOLI": 0.22881698608398438,
      "median_abs_epsilon_precision_HUMAN": 0.17756271362304688,
      "median_abs_epsilon_precision_YEAST": 0.19894886016845703,
      "mean_log2_empirical_ECOLI": -1.6949746566737904,
      "mean_log2_empirical_HUMAN": -0.022057096378674815,
      "mean_log2_empirical_YEAST": 0.9089353628850545,
      "mean_abs_epsilon_precision_global": 0.27057509827295745,
      "mean_abs_epsilon_precision_eq_species": 0.29337148644882705,
      "mean_abs_epsilon_precision_ECOLI": 0.3298289198856042,
      "mean_abs_epsilon_precision_HUMAN": 0.26263223331708146,
      "mean_abs_epsilon_precision_YEAST": 0.28765330614379553,
      "CV_median": 0.14226346382131214,
      "CV_q75": 0.24188087160321467,
      "CV_q90": 0.36412041541588,
      "CV_q95": 0.45289324581623724,
      "roc_auc": 0.9355773704766328,
      "roc_auc_directional": 0.9708408513783875,
      "nr_prec": 98916,
      "nr_prec_HUMAN": 74214,
      "nr_prec_YEAST": 20728,
      "nr_prec_ECOLI": 3974,
      "variance_epsilon_global": 0.16524871829462087
    },
    "4": {
      "median_abs_epsilon_global": 0.200469970703125,
      "median_abs_epsilon_eq_species": 0.252414067586263,
      "median_abs_epsilon_ECOLI": 0.3478260040283203,
      "median_abs_epsilon_HUMAN": 0.18875885009765625,
      "median_abs_epsilon_YEAST": 0.2206573486328125,
      "mean_abs_epsilon_global": 0.31056733622399013,
      "mean_abs_epsilon_eq_species": 0.3825814173371955,
      "mean_abs_epsilon_ECOLI": 0.5237516049985532,
      "mean_abs_epsilon_HUMAN": 0.28966363518760696,
      "mean_abs_epsilon_YEAST": 0.3343290118254262,
      "median_log2_empirical_ECOLI": -1.697591781616211,
      "median_log2_empirical_HUMAN": 0.00836181640625,
      "median_log2_empirical_YEAST": 0.9354591369628906,
      "median_abs_epsilon_precision_global": 0.19962787628173828,
      "median_abs_epsilon_precision_eq_species": 0.23648961385091147,
      "median_abs_epsilon_precision_ECOLI": 0.29766082763671875,
      "median_abs_epsilon_precision_HUMAN": 0.18852996826171875,
      "median_abs_epsilon_precision_YEAST": 0.22327804565429688,
      "mean_log2_empirical_ECOLI": -1.580645213258459,
      "mean_log2_empirical_HUMAN": -0.02286043563055258,
      "mean_log2_empirical_YEAST": 0.8844940474974339,
      "mean_abs_epsilon_precision_global": 0.307179109515002,
      "mean_abs_epsilon_precision_eq_species": 0.355058769548714,
      "mean_abs_epsilon_precision_ECOLI": 0.442137226666653,
      "mean_abs_epsilon_precision_HUMAN": 0.29102461891045145,
      "mean_abs_epsilon_precision_YEAST": 0.3320144630690376,
      "CV_median": 0.14735186456830113,
      "CV_q75": 0.25283121680404863,
      "CV_q90": 0.3827229050771369,
      "CV_q95": 0.4807167617932908,
      "roc_auc": 0.910491324728472,
      "roc_auc_directional": 0.9497179950337238,
      "nr_prec": 110743,
      "nr_prec_HUMAN": 81243,
      "nr_prec_YEAST": 24235,
      "nr_prec_ECOLI": 5265,
      "variance_epsilon_global": 0.2361308834113221
    },
    "3": {
      "median_abs_epsilon_global": 0.20948028564453125,
      "median_abs_epsilon_eq_species": 0.265074888865153,
      "median_abs_epsilon_ECOLI": 0.36443138122558594,
      "median_abs_epsilon_HUMAN": 0.19629383087158203,
      "median_abs_epsilon_YEAST": 0.23449945449829102,
      "mean_abs_epsilon_global": 0.3364737639956986,
      "mean_abs_epsilon_eq_species": 0.41342919827621855,
      "mean_abs_epsilon_ECOLI": 0.5583272170950858,
      "mean_abs_epsilon_HUMAN": 0.3120969815937257,
      "mean_abs_epsilon_YEAST": 0.369863396139844,
      "median_log2_empirical_ECOLI": -1.6849422454833984,
      "median_log2_empirical_HUMAN": 0.008440971374511719,
      "median_log2_empirical_YEAST": 0.9269571304321289,
      "median_abs_epsilon_precision_global": 0.20916080474853516,
      "median_abs_epsilon_precision_eq_species": 0.24788284301757812,
      "median_abs_epsilon_precision_ECOLI": 0.31090545654296875,
      "median_abs_epsilon_precision_HUMAN": 0.19562339782714844,
      "median_abs_epsilon_precision_YEAST": 0.2371196746826172,
      "mean_log2_empirical_ECOLI": -1.5502503335704458,
      "mean_log2_empirical_HUMAN": -0.020919222809519574,
      "mean_log2_empirical_YEAST": 0.8712387475203793,
      "mean_abs_epsilon_precision_global": 0.33269767599068384,
      "mean_abs_epsilon_precision_eq_species": 0.3845336703429636,
      "mean_abs_epsilon_precision_ECOLI": 0.47338789223785194,
      "mean_abs_epsilon_precision_HUMAN": 0.3132585255202698,