{
  "old_new": "new",
  "id": "DIA-NN_20260305_145241",
  "software_name": "DIA-NN",
  "software_version": "2.2.0 Academia ",
  "search_engine": "DIA-NN",
  "search_engine_version": "2.2.0 Academia ",
  "ident_fdr_psm": "0.01",
  "ident_fdr_peptide": NaN,
  "ident_fdr_protein": NaN,
  "enable_match_between_runs": true,
  "precursor_mass_tolerance": "[-2.7 ppm, 2.7 ppm]",
  "fragment_mass_tolerance": "[-6 ppm, 6 ppm]",
  "enzyme": "Trypsin/P",
  "allowed_miscleavages": "1",
  "min_peptide_length": "6",
  "max_peptide_length": "30",
  "is_temporary": false,
  "intermediate_hash": "f9cfb280c8d946e05272a5873d650603c544b1f8",
  "results": {
    "6": {
      "median_abs_epsilon_global": 0.17146873474121094,
      "median_abs_epsilon_eq_species": 0.18401543299357095,
      "median_abs_epsilon_ECOLI": 0.20811080932617188,
      "median_abs_epsilon_HUMAN": 0.16879034042358398,
      "median_abs_epsilon_YEAST": 0.17514514923095703,
      "mean_abs_epsilon_global": 0.2516887878317864,
      "mean_abs_epsilon_eq_species": 0.26748926443862114,
      "mean_abs_epsilon_ECOLI": 0.2989156572797089,
      "mean_abs_epsilon_HUMAN": 0.2487577413652555,
      "mean_abs_epsilon_YEAST": 0.2547943946708991,
      "median_log2_empirical_ECOLI": -1.8753604888916016,
      "median_log2_empirical_HUMAN": 0.016382217407226562,
      "median_log2_empirical_YEAST": 1.0128650665283203,
      "median_abs_epsilon_precision_global": 0.1691722869873047,
      "median_abs_epsilon_precision_eq_species": 0.1773036321004232,
      "median_abs_epsilon_precision_ECOLI": 0.19023704528808594,
      "median_abs_epsilon_precision_HUMAN": 0.16694164276123047,
      "median_abs_epsilon_precision_YEAST": 0.17473220825195312,
      "mean_log2_empirical_ECOLI": -1.8396171886324681,
      "mean_log2_empirical_HUMAN": -0.020814786411411892,
      "mean_log2_empirical_YEAST": 0.988818043351749,
      "mean_abs_epsilon_precision_global": 0.2525823701194186,
      "mean_abs_epsilon_precision_eq_species": 0.2616688041104407,
      "mean_abs_epsilon_precision_ECOLI": 0.2788647037229148,
      "mean_abs_epsilon_precision_HUMAN": 0.2506455489994148,
      "mean_abs_epsilon_precision_YEAST": 0.25549615960899236,
      "CV_median": 0.13386923148775154,
      "CV_q75": 0.23023563978625228,
      "CV_q90": 0.34899343670567984,
      "CV_q95": 0.4359647516099464,
      "roc_auc": 0.9573960333566341,
      "roc_auc_directional": 0.9812115490887561,
      "nr_prec": 85817,
      "nr_prec_HUMAN": 65864,
      "nr_prec_YEAST": 16982,
      "nr_prec_ECOLI": 2971,
      "variance_epsilon_global": 0.1430430717017079
    },
    "5": {
      "median_abs_epsilon_global": 0.18916702270507812,
      "median_abs_epsilon_eq_species": 0.2132867177327474,
      "median_abs_epsilon_ECOLI": 0.2562103271484375,
      "median_abs_epsilon_HUMAN": 0.1832561492919922,
      "median_abs_epsilon_YEAST": 0.2003936767578125,
      "mean_abs_epsilon_global": 0.28552724535289875,
      "mean_abs_epsilon_eq_species": 0.31990148165409016,
      "mean_abs_epsilon_ECOLI": 0.3845272332882542,
      "mean_abs_epsilon_HUMAN": 0.2766306524337246,
      "mean_abs_epsilon_YEAST": 0.29854655924029155,
      "median_log2_empirical_ECOLI": -1.8230762481689453,
      "median_log2_empirical_HUMAN": 0.015218734741210938,
      "median_log2_empirical_YEAST": 0.9928035736083984,
      "median_abs_epsilon_precision_global": 0.18767786026000977,
      "median_abs_epsilon_precision_eq_species": 0.20614941914876303,
      "median_abs_epsilon_precision_ECOLI": 0.2351551055908203,
      "median_abs_epsilon_precision_HUMAN": 0.18175411224365234,
      "median_abs_epsilon_precision_YEAST": 0.2015390396118164,
      "mean_log2_empirical_ECOLI": -1.7461239668973692,
      "mean_log2_empirical_HUMAN": -0.022925208736958004,
      "mean_log2_empirical_YEAST": 0.9525916087118989,
      "mean_abs_epsilon_precision_global": 0.28621192305066484,
      "mean_abs_epsilon_precision_eq_species": 0.3110470934927574,
      "mean_abs_epsilon_precision_ECOLI": 0.3538231687975208,
      "mean_abs_epsilon_precision_HUMAN": 0.278558434896622,
      "mean_abs_epsilon_precision_YEAST": 0.3007596767841294,
      "CV_median": 0.14504037755234037,
      "CV_q75": 0.2531668262124349,
      "CV_q90": 0.38753906034177166,
      "CV_q95": 0.4877490319063157,
      "roc_auc": 0.9337029211406609,
      "roc_auc_directional": 0.9679663280483447,
      "nr_prec": 102240,
      "nr_prec_HUMAN": 76751,
      "nr_prec_YEAST": 21407,
      "nr_prec_ECOLI": 4082,
      "variance_epsilon_global": 0.19046408970812315
    },
    "4": {
      "median_abs_epsilon_global": 0.20517349243164062,
      "median_abs_epsilon_eq_species": 0.2493124008178711,
      "median_abs_epsilon_ECOLI": 0.3291759490966797,
      "median_abs_epsilon_HUMAN": 0.19465351104736328,
      "median_abs_epsilon_YEAST": 0.2241077423095703,
      "mean_abs_epsilon_global": 0.32436001573337914,
      "mean_abs_epsilon_eq_species": 0.3889634662676699,
      "mean_abs_epsilon_ECOLI": 0.5146701985016237,
      "mean_abs_epsilon_HUMAN": 0.3053978448645617,
      "mean_abs_epsilon_YEAST": 0.3468223554368244,
      "median_log2_empirical_ECOLI": -1.7529258728027344,
      "median_log2_empirical_HUMAN": 0.014923095703125,
      "median_log2_empirical_YEAST": 0.9762496948242188,
      "median_abs_epsilon_precision_global": 0.2044830322265625,
      "median_abs_epsilon_precision_eq_species": 0.24046548207600912,
      "median_abs_epsilon_precision_ECOLI": 0.3018379211425781,
      "median_abs_epsilon_precision_HUMAN": 0.1933002471923828,
      "median_abs_epsilon_precision_YEAST": 0.2262582778930664,
      "mean_log2_empirical_ECOLI": -1.6242421708150239,
      "mean_log2_empirical_HUMAN": -0.025097424320806142,
      "mean_log2_empirical_YEAST": 0.9218037890718359,
      "mean_abs_epsilon_precision_global": 0.3243448132696841,
      "mean_abs_epsilon_precision_eq_species": 0.3750172497681071,
      "mean_abs_epsilon_precision_ECOLI": 0.4675643144594768,
      "mean_abs_epsilon_precision_HUMAN": 0.3074631035625352,
      "mean_abs_epsilon_precision_YEAST": 0.35002433128230936,
      "CV_median": 0.15057158801635845,
      "CV_q75": 0.2648610023400638,
      "CV_q90": 0.4079971171237458,
      "CV_q95": 0.5183077850214023,
      "roc_auc": 0.909362329562372,
      "roc_auc_directional": 0.9458337689195933,
      "nr_prec": 114080,
      "nr_prec_HUMAN": 83752,
      "nr_prec_YEAST": 24925,
      "nr_prec_ECOLI": 5403,
      "variance_epsilon_global": 0.2665255780443565
    },
    "3": {
      "median_abs_epsilon_global": 0.21413898468017578,
      "median_abs_epsilon_eq_species": 0.26060644785563153,
      "median_abs_epsilon_ECOLI": 0.3415241241455078,
      "median_abs_epsilon_HUMAN": 0.20275020599365234,
      "median_abs_epsilon_YEAST": 0.23754501342773438,
      "mean_abs_epsilon_global": 0.34927080427035595,
      "mean_abs_epsilon_eq_species": 0.41576545564650136,
      "mean_abs_epsilon_ECOLI": 0.540731776751398,
      "mean_abs_epsilon_HUMAN": 0.32828947605580144,
      "mean_abs_epsilon_YEAST": 0.3782751141323046,
      "median_log2_empirical_ECOLI": -1.7417564392089844,
      "median_log2_empirical_HUMAN": 0.015703201293945312,
      "median_log2_empirical_YEAST": 0.9680900573730469,
      "median_abs_epsilon_precision_global": 0.21383285522460938,
      "median_abs_epsilon_precision_eq_species": 0.2523765563964844,
      "median_abs_epsilon_precision_ECOLI": 0.3147869110107422,
      "median_abs_epsilon_precision_HUMAN": 0.20097732543945312,
      "median_abs_epsilon_precision_YEAST": 0.2413654327392578,
      "mean_log2_empirical_ECOLI": -1.6001140035402572,
      "mean_log2_empirical_HUMAN": -0.021097336146863342,
      "mean_log2_empirical_YEAST": 0.905982340705329,
      "mean_abs_epsilon_precision_global": 0.3489513231979521,
      "mean_abs_epsilon_precision_eq_species": 0.4010924457261109,
      "mean_abs_epsilon_precision_ECOLI": 0.4915579201803485,
      "mean_abs_epsilon_precision_HUMAN": 0.32990902763225033,