{
  "id": "FragPipe (DIA-NN quant)_20251027_120307",
  "software_name": "FragPipe (DIA-NN quant)",
  "software_version": "23.0",
  "search_engine": "MSFragger",
  "search_engine_version": "4.3",
  "ident_fdr_psm": 0.01,
  "ident_fdr_peptide": NaN,
  "ident_fdr_protein": 0.01,
  "enable_match_between_runs": false,
  "precursor_mass_tolerance": "[-20 ppm, 20 ppm]",
  "fragment_mass_tolerance": "[-20 ppm, 20 ppm]",
  "enzyme": "Trypsin",
  "allowed_miscleavages": 1,
  "min_peptide_length": 6,
  "max_peptide_length": 30,
  "is_temporary": false,
  "intermediate_hash": "fae9b73eb9ac763f4b7f6f2f0dfb60b62e209b13",
  "results": {
    "6": {
      "median_abs_epsilon_global": 0.1608256279475455,
      "median_abs_epsilon_eq_species": 0.18138248512029756,
      "median_abs_epsilon_ECOLI": 0.21442951583723868,
      "median_abs_epsilon_HUMAN": 0.15460931726554605,
      "median_abs_epsilon_YEAST": 0.17510862225810797,
      "mean_abs_epsilon_global": 0.24570657156220937,
      "mean_abs_epsilon_eq_species": 0.28243006911559343,
      "mean_abs_epsilon_ECOLI": 0.35414712446880825,
      "mean_abs_epsilon_HUMAN": 0.2371305066392331,
      "mean_abs_epsilon_YEAST": 0.256012576238739,
      "median_log2_empirical_ECOLI": -1.8765799138459194,
      "median_log2_empirical_HUMAN": -0.04637922186453913,
      "median_log2_empirical_YEAST": 0.9188128011320273,
      "median_abs_epsilon_precision_global": 0.15673191819279175,
      "median_abs_epsilon_precision_eq_species": 0.17074720995212544,
      "median_abs_epsilon_precision_ECOLI": 0.19634321237355756,
      "median_abs_epsilon_precision_HUMAN": 0.15285146149454576,
      "median_abs_epsilon_precision_YEAST": 0.163046955988273,
      "mean_log2_empirical_ECOLI": -1.8016185527577946,
      "mean_log2_empirical_HUMAN": -0.08305386086661905,
      "mean_log2_empirical_YEAST": 0.8889081162251765,
      "mean_abs_epsilon_precision_global": 0.2418573947173639,
      "mean_abs_epsilon_precision_eq_species": 0.2738703314175922,
      "mean_abs_epsilon_precision_ECOLI": 0.34045092041557556,
      "mean_abs_epsilon_precision_HUMAN": 0.2355704892640789,
      "mean_abs_epsilon_precision_YEAST": 0.24558958457312222,
      "CV_median": 0.12097662786024213,
      "CV_q75": 0.21088178122860846,
      "CV_q90": 0.3290155235460558,
      "CV_q95": 0.4156075728981563,
      "variance_epsilon_global": 0.13298224974165734,
      "nr_feature": 70309,
      "roc_auc": 0.9466411241084924
    },
    "5": {
      "median_abs_epsilon_global": 0.1759731390001047,
      "median_abs_epsilon_eq_species": 0.20675869100348945,
      "median_abs_epsilon_ECOLI": 0.25901076290255354,
      "median_abs_epsilon_HUMAN": 0.1665067919368406,
      "median_abs_epsilon_YEAST": 0.19475851817107426,
      "mean_abs_epsilon_global": 0.2756118531249938,
      "mean_abs_epsilon_eq_species": 0.3251458007131763,
      "mean_abs_epsilon_ECOLI": 0.4219937733506116,
      "mean_abs_epsilon_HUMAN": 0.2617364597168401,
      "mean_abs_epsilon_YEAST": 0.29170716907207717,
      "median_log2_empirical_ECOLI": -1.8493063746960257,
      "median_log2_empirical_HUMAN": -0.04880133276888632,
      "median_log2_empirical_YEAST": 0.9108038120501636,
      "median_abs_epsilon_precision_global": 0.171107912455585,
      "median_abs_epsilon_precision_eq_species": 0.1969008218084749,
      "median_abs_epsilon_precision_ECOLI": 0.24261536703338216,
      "median_abs_epsilon_precision_HUMAN": 0.16421100335564986,
      "median_abs_epsilon_precision_YEAST": 0.18387609503639268,
      "mean_log2_empirical_ECOLI": -1.7446067380222166,
      "mean_log2_empirical_HUMAN": -0.09104065796081767,
      "mean_log2_empirical_YEAST": 0.8723241963482339,
      "mean_abs_epsilon_precision_global": 0.27169842540561717,
      "mean_abs_epsilon_precision_eq_species": 0.31549228649689276,
      "mean_abs_epsilon_precision_ECOLI": 0.4049504976627045,
      "mean_abs_epsilon_precision_HUMAN": 0.26061333045029494,
      "mean_abs_epsilon_precision_YEAST": 0.2809130313776788,
      "CV_median": 0.12943633361784918,
      "CV_q75": 0.22951702803478344,
      "CV_q90": 0.36192242056235246,
      "CV_q95": 0.4596201626760652,
      "variance_epsilon_global": 0.17138136012115182,
      "nr_feature": 81681,
      "roc_auc": 0.9273445268126479
    },
    "4": {
      "median_abs_epsilon_global": 0.18679332392072112,
      "median_abs_epsilon_eq_species": 0.23122091846581613,
      "median_abs_epsilon_ECOLI": 0.30955737916352355,
      "median_abs_epsilon_HUMAN": 0.1743828083016652,
      "median_abs_epsilon_YEAST": 0.20972256793225963,
      "mean_abs_epsilon_global": 0.30306952563714307,
      "mean_abs_epsilon_eq_species": 0.36930588927445585,
      "mean_abs_epsilon_ECOLI": 0.5020604800534569,
      "mean_abs_epsilon_HUMAN": 0.28248063894220105,
      "mean_abs_epsilon_YEAST": 0.32337654882770966,
      "median_log2_empirical_ECOLI": -1.8097014363393127,
      "median_log2_empirical_HUMAN": -0.05102402007978846,
      "median_log2_empirical_YEAST": 0.9031745245789775,
      "median_abs_epsilon_precision_global": 0.18218530271690803,
      "median_abs_epsilon_precision_eq_species": 0.22065518595343944,
      "median_abs_epsilon_precision_ECOLI": 0.2922714583279742,
      "median_abs_epsilon_precision_HUMAN": 0.17188711788445765,
      "median_abs_epsilon_precision_YEAST": 0.19780698164788646,
      "mean_log2_empirical_ECOLI": -1.6787022792965436,
      "mean_log2_empirical_HUMAN": -0.0991985142677912,
      "mean_log2_empirical_YEAST": 0.8565987264623381,
      "mean_abs_epsilon_precision_global": 0.2990587202029698,
      "mean_abs_epsilon_precision_eq_species": 0.3581085475341128,
      "mean_abs_epsilon_precision_ECOLI": 0.48037571071516716,
      "mean_abs_epsilon_precision_HUMAN": 0.2819253453330137,
      "mean_abs_epsilon_precision_YEAST": 0.31202458655415743,
      "CV_median": 0.1327760231189446,
      "CV_q75": 0.2374031458843937,
      "CV_q90": 0.3760577990149174,
      "CV_q95": 0.47828190522840813,
      "variance_epsilon_global": 0.21723436444336863,
      "nr_feature": 87597,
      "roc_auc": 0.9106019900503783
    },
    "3": {
      "median_abs_epsilon_global": 0.19132195674813168,
      "median_abs_epsilon_eq_species": 0.23663361715692588,
      "median_abs_epsilon_ECOLI": 0.3159381369728962,
      "median_abs_epsilon_HUMAN": 0.1786347445559624,
      "median_abs_epsilon_YEAST": 0.21532796994191905,
      "mean_abs_epsilon_global": 0.31378291574557415,
      "mean_abs_epsilon_eq_species": 0.3836360866794504,
      "mean_abs_epsilon_ECOLI": 0.5227092993587812,
      "mean_abs_epsilon_HUMAN": 0.29161620254190934,
      "mean_abs_epsilon_YEAST": 0.33658275813766086,
      "median_log2_empirical_ECOLI": -1.8031097322760452,
      "median_log2_empirical_HUMAN": -0.051412285671005975,
      "median_log2_empirical_YEAST": 0.8993167359050158,
      "median_abs_epsilon_precision_global": 0.18691794633931735,
      "median_abs_epsilon_precision_eq_species": 0.22782699426612307,
      "median_abs_epsilon_precision_ECOLI": 0.3037038699106187,
      "median_abs_epsilon_precision_HUMAN": 0.17597140241513198,
      "median_abs_epsilon_precision_YEAST": 0.20380571047261853,
      "mean_log2_empirical_ECOLI": -1.6593788399894982,
      "mean_log2_empirical_HUMAN": -0.10017621125449794,
      "mean_log2_empirical_YEAST": 0.846420568189297,
      "mean_abs_epsilon_precision_global": 0.3097507267610757,
      "mean_abs_epsilon_precision_eq_species": 0.37241710756032687,
      "mean_abs_epsilon_precision_ECOLI": 0.501118411535514,
      "mean_abs_epsilon_precision_HUMAN": 0.29110503251740183,
      "mean_abs_epsilon_precision_YEAST": 0.32502787862806476,
      "CV_median": 0.13427137909926484,
      "CV_q75": 0.24083820786237137,
      "CV_q90": 0.38199970369216113,
      "CV_q95": 0.4877772259264045,
      "variance_epsilon_global": 0.23413797489155821,
      "nr_feature": 91344,
      "roc_auc": 0.9030218020496535
    },
    "2": {
      "median_abs_epsilon_global": 0.19283771448112752,