{
  "old_new": "new",
  "id": "FragPipe (DIA-NN quant)_20251027_120307",
  "software_name": "FragPipe (DIA-NN quant)",
  "software_version": "23.0",
  "search_engine": "MSFragger",
  "search_engine_version": "4.3",
  "ident_fdr_psm": "0.01",
  "ident_fdr_peptide": null,
  "ident_fdr_protein": "0.01",
  "enable_match_between_runs": false,
  "precursor_mass_tolerance": "[-20 ppm, 20 ppm]",
  "fragment_mass_tolerance": "[-20 ppm, 20 ppm]",
  "enzyme": "Trypsin",
  "allowed_miscleavages": 1,
  "min_peptide_length": 6,
  "max_peptide_length": 30,
  "is_temporary": false,
  "intermediate_hash": "fae9b73eb9ac763f4b7f6f2f0dfb60b62e209b13",
  "results": {
    "6": {
      "median_abs_epsilon_global": 0.16104719580219218,
      "median_abs_epsilon_eq_species": 0.18196292866859398,
      "median_abs_epsilon_ECOLI": 0.21513246516831686,
      "median_abs_epsilon_HUMAN": 0.15462832260129655,
      "median_abs_epsilon_YEAST": 0.17612799823616854,
      "mean_abs_epsilon_global": 0.24643839726331643,
      "mean_abs_epsilon_eq_species": 0.2839976233659263,
      "mean_abs_epsilon_ECOLI": 0.35608027697412004,
      "mean_abs_epsilon_HUMAN": 0.23734097729557893,
      "mean_abs_epsilon_YEAST": 0.25857161582808014,
      "median_log2_empirical_ECOLI": -1.8762700513670847,
      "median_log2_empirical_HUMAN": -0.04556023173641499,
      "median_log2_empirical_YEAST": 0.9173857515694248,
      "median_abs_epsilon_precision_global": 0.15704931984375214,
      "median_abs_epsilon_precision_eq_species": 0.17120935962649528,
      "median_abs_epsilon_precision_ECOLI": 0.19648763369514288,
      "median_abs_epsilon_precision_HUMAN": 0.1529816441317422,
      "median_abs_epsilon_precision_YEAST": 0.16415880105260072,
      "mean_log2_empirical_ECOLI": -1.7991955710788141,
      "mean_log2_empirical_HUMAN": -0.08247836900118667,
      "mean_log2_empirical_YEAST": 0.8854472534331522,
      "mean_abs_epsilon_precision_global": 0.24264186989346395,
      "mean_abs_epsilon_precision_eq_species": 0.2754096940859523,
      "mean_abs_epsilon_precision_ECOLI": 0.34239976759568436,
      "mean_abs_epsilon_precision_HUMAN": 0.23590539786846873,
      "mean_abs_epsilon_precision_YEAST": 0.24792391679370374,
      "CV_median": 0.12045279558142483,
      "CV_q75": 0.21018192222156296,
      "CV_q90": 0.32832774398346676,
      "CV_q95": 0.4150322764126936,
      "roc_auc": 0.9454290024620486,
      "roc_auc_directional": 0.9743602664478926,
      "nr_prec": 70855,
      "nr_prec_HUMAN": 53638,
      "nr_prec_YEAST": 14355,
      "nr_prec_ECOLI": 2862,
      "variance_epsilon_global": 0.13420561907205764
    },
    "5": {
      "median_abs_epsilon_global": 0.17607038264989328,
      "median_abs_epsilon_eq_species": 0.20717163975818664,
      "median_abs_epsilon_ECOLI": 0.2593741876090334,
      "median_abs_epsilon_HUMAN": 0.1664550019682398,
      "median_abs_epsilon_YEAST": 0.1956857296972867,
      "mean_abs_epsilon_global": 0.27611647858056154,
      "mean_abs_epsilon_eq_species": 0.3264213581128496,
      "mean_abs_epsilon_ECOLI": 0.42367155419635266,
      "mean_abs_epsilon_HUMAN": 0.2617543604652576,
      "mean_abs_epsilon_YEAST": 0.2938381596769386,
      "median_log2_empirical_ECOLI": -1.8483301520347908,
      "median_log2_empirical_HUMAN": -0.048108690330336934,
      "median_log2_empirical_YEAST": 0.9093384404879608,
      "median_abs_epsilon_precision_global": 0.17120579245346468,
      "median_abs_epsilon_precision_eq_species": 0.1975366703838084,
      "median_abs_epsilon_precision_ECOLI": 0.24332407304586035,
      "median_abs_epsilon_precision_HUMAN": 0.16428533650385369,
      "median_abs_epsilon_precision_YEAST": 0.18500060160171117,
      "mean_log2_empirical_ECOLI": -1.7424543118449292,
      "mean_log2_empirical_HUMAN": -0.09048107413553061,
      "mean_log2_empirical_YEAST": 0.8692772947490486,
      "mean_abs_epsilon_precision_global": 0.2722497005828192,
      "mean_abs_epsilon_precision_eq_species": 0.31670920050968543,
      "mean_abs_epsilon_precision_ECOLI": 0.406554850881233,
      "mean_abs_epsilon_precision_HUMAN": 0.26075719445847245,
      "mean_abs_epsilon_precision_YEAST": 0.2828155561893509,
      "CV_median": 0.12887195736675605,
      "CV_q75": 0.22886175850312265,
      "CV_q90": 0.36127683683539413,
      "CV_q95": 0.4590248917727649,
      "roc_auc": 0.9263560019799283,
      "roc_auc_directional": 0.9637543984833821,
      "nr_prec": 82258,
      "nr_prec_HUMAN": 61060,
      "nr_prec_YEAST": 17337,
      "nr_prec_ECOLI": 3861,
      "variance_epsilon_global": 0.17228949589618844
    },
    "4": {
      "median_abs_epsilon_global": 0.18689259216917442,
      "median_abs_epsilon_eq_species": 0.23160433946011771,
      "median_abs_epsilon_ECOLI": 0.30982671279866647,
      "median_abs_epsilon_HUMAN": 0.17428851188490224,
      "median_abs_epsilon_YEAST": 0.21069779369678443,
      "mean_abs_epsilon_global": 0.3033835049687714,
      "mean_abs_epsilon_eq_species": 0.37026194584688965,
      "mean_abs_epsilon_ECOLI": 0.5032212086708933,
      "mean_abs_epsilon_HUMAN": 0.2823659976608788,
      "mean_abs_epsilon_YEAST": 0.3251986312088969,
      "median_log2_empirical_ECOLI": -1.8089058824466333,
      "median_log2_empirical_HUMAN": -0.05040169332134603,
      "median_log2_empirical_YEAST": 0.9020226745969779,
      "median_abs_epsilon_precision_global": 0.18227233892248318,
      "median_abs_epsilon_precision_eq_species": 0.22106137829319591,
      "median_abs_epsilon_precision_ECOLI": 0.29224844250459014,
      "median_abs_epsilon_precision_HUMAN": 0.17194758048399628,
      "median_abs_epsilon_precision_YEAST": 0.1989881118910013,
      "mean_log2_empirical_ECOLI": -1.6770819843417766,
      "mean_log2_empirical_HUMAN": -0.0986234999922335,
      "mean_log2_empirical_YEAST": 0.8538324661822134,
      "mean_abs_epsilon_precision_global": 0.2994065635636614,
      "mean_abs_epsilon_precision_eq_species": 0.3589503068498631,
      "mean_abs_epsilon_precision_ECOLI": 0.48131390403106583,
      "mean_abs_epsilon_precision_HUMAN": 0.2819366413132995,
      "mean_abs_epsilon_precision_YEAST": 0.3136003752052239,
      "CV_median": 0.13220227109532875,
      "CV_q75": 0.23675928858051523,
      "CV_q90": 0.3752114420493097,
      "CV_q95": 0.47759579180252876,
      "roc_auc": 0.9097971334590325,
      "roc_auc_directional": 0.9500396543904899,
      "nr_prec": 88183,
      "nr_prec_HUMAN": 64530,
      "nr_prec_YEAST": 18933,
      "nr_prec_ECOLI": 4720,
      "variance_epsilon_global": 0.21779889140516223
    },
    "3": {
      "median_abs_epsilon_global": 0.19134761681863743,
      "median_abs_epsilon_eq_species": 0.2369646036182429,
      "median_abs_epsilon_ECOLI": 0.3161644868081961,
      "median_abs_epsilon_HUMAN": 0.17847336324821939,
      "median_abs_epsilon_YEAST": 0.21625596079831322,
      "mean_abs_epsilon_global": 0.3140273941368979,
      "mean_abs_epsilon_eq_species": 0.3845030864513372,
      "mean_abs_epsilon_ECOLI": 0.5237840586032102,
      "mean_abs_epsilon_HUMAN": 0.29145371068626846,
      "mean_abs_epsilon_YEAST": 0.3382714900645328,
      "median_log2_empirical_ECOLI": -1.8025591317973912,
      "median_log2_empirical_HUMAN": -0.05079838795712721,
      "median_log2_empirical_YEAST": 0.8975404670393612,
      "median_abs_epsilon_precision_global": 0.18710347308075814,
      "median_abs_epsilon_precision_eq_species": 0.22818165442060886,
      "median_abs_epsilon_precision_ECOLI": 0.3037394775465092,
      "median_abs_epsilon_precision_HUMAN": 0.17589423268523152,
      "median_abs_epsilon_precision_YEAST": 0.20491125303008584,
      "mean_log2_empirical_ECOLI": -1.6578551270421351,
      "mean_log2_empirical_HUMAN": -0.09962929877105925,
      "mean_log2_empirical_YEAST": 0.8438007404635662,
      "mean_abs_epsilon_precision_global": 0.3100269034406512,
      "mean_abs_epsilon_precision_eq_species": 0.37316342910900574,
      "mean_abs_epsilon_precision_ECOLI": 0.5019620267152425,