{
  "old_new": "new",
  "id": "DIA-NN_20251027_121244",
  "software_name": "DIA-NN",
  "software_version": "1.9.2",
  "search_engine": "DIA-NN",
  "search_engine_version": "1.9.2",
  "ident_fdr_psm": "0.01",
  "ident_fdr_peptide": NaN,
  "ident_fdr_protein": NaN,
  "enable_match_between_runs": true,
  "precursor_mass_tolerance": "[-2.42372 ppm, 2.42372 ppm]",
  "fragment_mass_tolerance": "[-8.32578 ppm, 8.32578 ppm]",
  "enzyme": "Trypsin/P",
  "allowed_miscleavages": "1",
  "min_peptide_length": "6",
  "max_peptide_length": "30",
  "is_temporary": false,
  "intermediate_hash": "fc165c31679c9d2c13b160c02ffdb0410bae4aa8",
  "results": {
    "6": {
      "median_abs_epsilon": 0.12496274931628903,
      "mean_abs_epsilon": 0.17510641668105706,
      "variance_epsilon": 0.061098234539334426,
      "nr_prec": 43503,
      "CV_median": 0.08258368402917415,
      "CV_q75": 0.13557904296794362,
      "CV_q90": 0.19940831513776436,
      "CV_q95": 0.24558075422629183
    },
    "5": {
      "median_abs_epsilon": 0.13455631792868772,
      "mean_abs_epsilon": 0.19125800825980918,
      "variance_epsilon": 0.07438031246324259,
      "nr_prec": 52690,
      "CV_median": 0.08892181534090055,
      "CV_q75": 0.14848198621594955,
      "CV_q90": 0.22227871681525024,
      "CV_q95": 0.27577037751436484
    },
    "4": {
      "median_abs_epsilon": 0.1450785678497013,
      "mean_abs_epsilon": 0.2114602763914787,
      "variance_epsilon": 0.09461662965662762,
      "nr_prec": 60045,
      "CV_median": 0.09244998751201755,
      "CV_q75": 0.15607545016688995,
      "CV_q90": 0.2341779671709618,
      "CV_q95": 0.29135249931016005
    },
    "3": {
      "median_abs_epsilon": 0.1525769672510897,
      "mean_abs_epsilon": 0.22475200456663952,
      "variance_epsilon": 0.10770423295932705,
      "nr_prec": 68390,
      "CV_median": 0.09524005697075127,
      "CV_q75": 0.16182573345820395,
      "CV_q90": 0.2440405477237726,
      "CV_q95": 0.30432520906322347
    },
    "2": {
      "median_abs_epsilon": 0.1570337434412341,
      "mean_abs_epsilon": 0.2343629408309089,
      "variance_epsilon": 0.12234748961338594,
      "nr_prec": 75277,
      "CV_median": 0.09641893635529511,
      "CV_q75": 0.16442852941461678,
      "CV_q90": 0.249431113808095,
      "CV_q95": 0.31164861643996933
    },
    "1": {
      "median_abs_epsilon": 0.1570337434412341,
      "mean_abs_epsilon": 0.2343629408309089,
      "variance_epsilon": 0.12234748961338594,
      "nr_prec": 81570,
      "CV_median": 0.09641893635529511,
      "CV_q75": 0.16442852941461678,
      "CV_q90": 0.249431113808095,
      "CV_q95": 0.31164861643996933
    }
  },
  "median_abs_epsilon": 0.1525769672510897,
  "mean_abs_epsilon": 0.22475200456663952,
  "nr_prec": 68390,
  "comments": "",
  "proteobench_version": "0.10.3",
  "color": "#d42f2f",
  "hover_text": "ProteoBench ID: DIA-NN_20251027_121244<br>Software tool: DIA-NN <br>Comment (private submission): ...",
  "scatter_size": 20,
  "fixed_mods": "unimod4",
  "variable_mods": "UniMod:35/15.994915/M,UniMod:1/42.010565/*n",
  "max_mods": "1",
  "min_precursor_charge": "1",
  "max_precursor_charge": "4",
  "quantification_method": "QuantUMS high-precision",
  "protein_inference": "Genes",
  "abundance_normalization_ions": null,
  "submission_comments": "Linear NN classifier\nResubmission of aafc180406c591069dc562edbefa52f40d6d494e after changing quant column from Precursor.Quantity -> Precursor.Normalised\n\n ### Parameter changes detected:\n- **ident_fdr_protein**: `None` \u2192 `nan`\n- **ident_fdr_peptide**: `None` \u2192 `nan`\n\nDataset URL: https://proteobench.cubimed.rub.de/datasets/fc165c31679c9d2c13b160c02ffdb0410bae4aa8/",
  "min_precursor_mz": "400",
  "max_precursor_mz": "1000",
  "min_fragment_mz": "50",
  "max_fragment_mz": "2000",
  "predictors_library": "{'RT': 'DIANN', 'IM': 'DIANN', 'MS2_int': 'DIANN'}",
  "scan_window": "6"
}