{
  "old_new": "new",
  "id": "DIA-NN_20251027_121244",
  "software_name": "DIA-NN",
  "software_version": "1.9.2",
  "search_engine": "DIA-NN",
  "search_engine_version": "1.9.2",
  "ident_fdr_psm": 0.01,
  "ident_fdr_peptide": NaN,
  "ident_fdr_protein": NaN,
  "enable_match_between_runs": true,
  "precursor_mass_tolerance": "[-2.42372 ppm, 2.42372 ppm]",
  "fragment_mass_tolerance": "[-8.32578 ppm, 8.32578 ppm]",
  "enzyme": "Trypsin/P",
  "allowed_miscleavages": 1,
  "min_peptide_length": 6,
  "max_peptide_length": 30,
  "is_temporary": false,
  "intermediate_hash": "fc165c31679c9d2c13b160c02ffdb0410bae4aa8",
  "results": {
    "6": {
      "median_abs_epsilon_global": 0.12447488928520478,
      "median_abs_epsilon_eq_species": 0.12752347706193193,
      "median_abs_epsilon_ECOLI": 0.131437043122407,
      "median_abs_epsilon_HUMAN": 0.12340897156441599,
      "median_abs_epsilon_YEAST": 0.12772441649897281,
      "mean_abs_epsilon_global": 0.17280111894907718,
      "mean_abs_epsilon_eq_species": 0.17730709192494334,
      "mean_abs_epsilon_ECOLI": 0.1911367305434728,
      "mean_abs_epsilon_HUMAN": 0.17344377833350244,
      "mean_abs_epsilon_YEAST": 0.16734076689785482,
      "median_log2_empirical_ECOLI": -1.9816207058952156,
      "median_log2_empirical_HUMAN": -0.06537647955888737,
      "median_log2_empirical_YEAST": 0.9348333339549075,
      "median_abs_epsilon_precision_global": 0.11573868215420191,
      "median_abs_epsilon_precision_eq_species": 0.11939030459383915,
      "median_abs_epsilon_precision_ECOLI": 0.12804336414128592,
      "median_abs_epsilon_precision_HUMAN": 0.11559346543410776,
      "median_abs_epsilon_precision_YEAST": 0.11453408420612377,
      "mean_log2_empirical_ECOLI": -1.9574963078003356,
      "mean_log2_empirical_HUMAN": -0.08723529225604905,
      "mean_log2_empirical_YEAST": 0.9305474658917369,
      "mean_abs_epsilon_precision_global": 0.16340251910161996,
      "mean_abs_epsilon_precision_eq_species": 0.17099911474870025,
      "mean_abs_epsilon_precision_ECOLI": 0.19183780526226543,
      "mean_abs_epsilon_precision_HUMAN": 0.1638220459034933,
      "mean_abs_epsilon_precision_YEAST": 0.1573374930803421,
      "CV_median": 0.0830699792629909,
      "CV_q75": 0.1362697422162097,
      "CV_q90": 0.19996609088853412,
      "CV_q95": 0.24619534680492414,
      "roc_auc": 0.9875963151132404,
      "roc_auc_directional": 0.9934774827818527,
      "nr_prec": 42844,
      "nr_prec_HUMAN": 33560,
      "nr_prec_YEAST": 8060,
      "nr_prec_ECOLI": 1224,
      "variance_epsilon_global": 0.0582713654749252
    },
    "5": {
      "median_abs_epsilon_global": 0.13409577110271975,
      "median_abs_epsilon_eq_species": 0.14117061221956698,
      "median_abs_epsilon_ECOLI": 0.15126564975475176,
      "median_abs_epsilon_HUMAN": 0.13205881292183186,
      "median_abs_epsilon_YEAST": 0.14018737398211734,
      "mean_abs_epsilon_global": 0.18931734433380362,
      "mean_abs_epsilon_eq_species": 0.19934161418305418,
      "mean_abs_epsilon_ECOLI": 0.2202594696419978,
      "mean_abs_epsilon_HUMAN": 0.18784202199587954,
      "mean_abs_epsilon_YEAST": 0.18992335091128523,
      "median_log2_empirical_ECOLI": -1.970812267152958,
      "median_log2_empirical_HUMAN": -0.06586384000620704,
      "median_log2_empirical_YEAST": 0.9314842318644949,
      "median_abs_epsilon_precision_global": 0.1259373923340732,
      "median_abs_epsilon_precision_eq_species": 0.13423704206552264,
      "median_abs_epsilon_precision_ECOLI": 0.14971133749166832,
      "median_abs_epsilon_precision_HUMAN": 0.12470480396749828,
      "median_abs_epsilon_precision_YEAST": 0.1282949847374013,
      "mean_log2_empirical_ECOLI": -1.9397955382951195,
      "mean_log2_empirical_HUMAN": -0.0893505338254995,
      "mean_log2_empirical_YEAST": 0.9236939953959753,
      "mean_abs_epsilon_precision_global": 0.18033450524988026,
      "mean_abs_epsilon_precision_eq_species": 0.19304681177423155,
      "mean_abs_epsilon_precision_ECOLI": 0.2205777559135323,
      "mean_abs_epsilon_precision_HUMAN": 0.1787462566212429,
      "mean_abs_epsilon_precision_YEAST": 0.17981642278791946,
      "CV_median": 0.08949630121210486,
      "CV_q75": 0.14923535736138793,
      "CV_q90": 0.2229274776391203,
      "CV_q95": 0.2763655784615081,
      "roc_auc": 0.9813491481941856,
      "roc_auc_directional": 0.9915416976662113,
      "nr_prec": 51984,
      "nr_prec_HUMAN": 40118,
      "nr_prec_YEAST": 10152,
      "nr_prec_ECOLI": 1714,
      "variance_epsilon_global": 0.07193446631058119
    },
    "4": {
      "median_abs_epsilon_global": 0.144815040258635,
      "median_abs_epsilon_eq_species": 0.15823258877242571,
      "median_abs_epsilon_ECOLI": 0.18130297293859954,
      "median_abs_epsilon_HUMAN": 0.14078085077236935,
      "median_abs_epsilon_YEAST": 0.15261394260630823,
      "mean_abs_epsilon_global": 0.2098627975813482,
      "mean_abs_epsilon_eq_species": 0.23220189785284942,
      "mean_abs_epsilon_ECOLI": 0.2762251306890881,
      "mean_abs_epsilon_HUMAN": 0.20497203603501418,
      "mean_abs_epsilon_YEAST": 0.21540852683444603,
      "median_log2_empirical_ECOLI": -1.944032939735715,
      "median_log2_empirical_HUMAN": -0.0676160229775391,
      "median_log2_empirical_YEAST": 0.9253630412892058,
      "median_abs_epsilon_precision_global": 0.1367591843696303,
      "median_abs_epsilon_precision_eq_species": 0.15135675050472486,
      "median_abs_epsilon_precision_ECOLI": 0.17882958572331376,
      "median_abs_epsilon_precision_HUMAN": 0.13364709859187585,
      "median_abs_epsilon_precision_YEAST": 0.14159356719898497,
      "mean_log2_empirical_ECOLI": -1.89618100837541,
      "mean_log2_empirical_HUMAN": -0.09311814317642224,
      "mean_log2_empirical_YEAST": 0.9113021370457041,
      "mean_abs_epsilon_precision_global": 0.20099406967375683,
      "mean_abs_epsilon_precision_eq_species": 0.22521251302015408,
      "mean_abs_epsilon_precision_ECOLI": 0.27478756318206093,
      "mean_abs_epsilon_precision_HUMAN": 0.19622118696078017,
      "mean_abs_epsilon_precision_YEAST": 0.20462878891762112,
      "CV_median": 0.09299723506997573,
      "CV_q75": 0.15678557443507435,
      "CV_q90": 0.2349843506935687,
      "CV_q95": 0.291956222370368,
      "roc_auc": 0.9711311289583179,
      "roc_auc_directional": 0.9884192169200252,
      "nr_prec": 59310,
      "nr_prec_HUMAN": 45117,
      "nr_prec_YEAST": 11859,
      "nr_prec_ECOLI": 2334,
      "variance_epsilon_global": 0.09247573191986978
    },
    "3": {
      "median_abs_epsilon_global": 0.15226171622444973,
      "median_abs_epsilon_eq_species": 0.16458020697435374,
      "median_abs_epsilon_ECOLI": 0.18303103058307002,
      "median_abs_epsilon_HUMAN": 0.1479701960473907,
      "median_abs_epsilon_YEAST": 0.16273939429260054,
      "mean_abs_epsilon_global": 0.2233283268453228,
      "mean_abs_epsilon_eq_species": 0.24606412301155736,
      "mean_abs_epsilon_ECOLI": 0.28689455522800206,
      "mean_abs_epsilon_HUMAN": 0.21743621787951115,
      "mean_abs_epsilon_YEAST": 0.23386159592715888,
      "median_log2_empirical_ECOLI": -1.9419143512163881,
      "median_log2_empirical_HUMAN": -0.0674701072829631,
      "median_log2_empirical_YEAST": 0.9199413425268155,
      "median_abs_epsilon_precision_global": 0.14375403656850594,
      "median_abs_epsilon_precision_eq_species": 0.15768667617804213,
      "median_abs_epsilon_precision_ECOLI": 0.18154395762066855,
      "median_abs_epsilon_precision_HUMAN": 0.14069005052729722,
      "median_abs_epsilon_precision_YEAST": 0.15082602038616066,
      "mean_log2_empirical_ECOLI": -1.8853337609194012,
      "mean_log2_empirical_HUMAN": -0.09156122623611652,
      "mean_log2_empirical_YEAST": 0.8997678079216656,
      "mean_abs_epsilon_precision_global": 0.21455003066131048,
      "mean_abs_epsilon_precision_eq_species": 0.2391491193446608,
      "mean_abs_epsilon_precision_ECOLI": 0.2859913614903293,
      "mean_abs_epsilon_precision_HUMAN": 0.20896047109746843,